player_id,name,pos,team,season,games,gp14,att_pg,car_pg,car_share,rb_touch_share,tgt_pg,tgt_share,ay_share,wopr,att,cmp_pct,ypa,pass_td_rate,int_rate,sack_rate,epa_db,cpoe,pacr,pass_fd_rate,pass_expl_rate,car,ypc,rush_td_rate,epa_car,rush_fd_rate,rush_expl_rate,tgt,rec,catch_rate,ypt,ypr,adot,racr,yac_rec,epa_tgt,rec_td_rate,rec_fd_rate,rec_expl_rate,fum_lost,wk_act,wk_res,wk_ina,wk_hurt,wk_bench,fp_ppr,fp_exp,fp_act,fp_diff,fp_exp_pg,exp_share,pass_fp_exp,rush_fp_exp,rec_fp_exp,td_exp,td_act,td_diff
00-0034857,Josh Allen,QB,BUF,2026,3,3,28.67,9.33,0.3111,,0.33,0.0128,-0.01,0.0122,86,0.6512,9.14,0.0581,0.0233,0.0851,0.3103,4.54,0.889,0.4302,0.1395,28,4.07,0.2143,0.2425,0.4643,0.1429,1,1,1.0,1.0,1.0,-8.0,-0.125,9.0,-0.5018,0.0,0.0,0.0,0,3,0,0,0,0,93.9,76.6,95.5,19.0,25.52,0.3353,45.1,30.2,1.3,8.15,11.0,2.85
00-0037834,Brock Purdy,QB,SF,2026,3,3,27.67,3.33,0.125,,0.0,0.0,0.0,0.0,83,0.7229,9.51,0.1084,0.012,0.0,0.6155,6.415,1.266,0.506,0.1325,10,9.3,0.1,0.7214,0.8,0.4,0,0,,,,,,,,,,,0,3,0,0,0,0,80.9,57.7,77.7,19.9,19.24,0.2614,49.2,8.5,0.0,7.08,10.0,2.92
00-0040743,Tyler Shough,QB,NO,2026,3,3,44.0,4.67,0.175,,0.0,0.0,0.0,0.0,132,0.6894,6.95,0.0606,0.0227,0.0704,0.0443,4.495,0.911,0.3636,0.0909,14,4.79,0.0714,0.1834,0.3571,0.1429,0,0,,,,,,,,,,,0,3,0,0,0,0,69.4,74.9,75.4,0.4,24.98,0.2702,62.5,12.4,0.0,8.6,9.0,0.4
00-0039150,Bryce Young,QB,CAR,2026,3,3,40.33,1.0,0.0448,,0.0,0.0,0.0,0.0,121,0.595,7.76,0.0579,0.0165,0.0547,0.1615,4.411,0.841,0.3802,0.1074,3,5.33,0.3333,0.9226,0.6667,0.0,0,0,,,,,,,,,,,0,3,0,0,0,0,69.2,72.4,69.2,-3.2,24.13,0.2711,68.4,4.0,0.0,10.35,8.0,-2.35
00-0033873,Patrick Mahomes,QB,KC,2026,3,3,32.67,3.33,0.1087,,0.0,0.0,0.0,0.0,98,0.6837,8.29,0.0714,0.0204,0.0392,0.2358,3.08,1.46,0.3776,0.102,10,4.1,0.1,-0.1202,0.3,0.2,0,0,,,,,,,,,,,0,3,0,0,0,0,66.6,54.2,66.6,12.4,18.06,0.2295,46.8,7.3,0.0,5.88,8.0,2.12
00-0033106,Jared Goff,QB,DET,2026,3,3,36.33,3.0,0.1084,,0.0,0.0,0.0,0.0,109,0.7064,7.36,0.0734,0.0,0.0603,0.3152,3.088,1.088,0.3945,0.0826,9,1.67,0.0,-0.6873,0.0,0.0,0,0,,,,,,,,,,,0,3,0,0,0,0,65.6,62.4,65.6,3.2,20.8,0.236,58.1,4.3,0.0,7.44,8.0,0.56
00-0033077,Dak Prescott,QB,DAL,2026,3,3,35.0,3.33,0.1449,,0.0,0.0,0.0,0.0,105,0.6952,6.95,0.0667,0.0095,0.0278,0.3593,6.362,0.885,0.4,0.0476,10,5.9,0.0,0.2068,0.4,0.2,0,0,,,,,,,,,,,0,3,0,0,0,0,63.1,64.5,63.1,-1.4,21.49,0.2638,55.6,8.8,0.0,7.51,7.0,-0.51
00-0034796,Lamar Jackson,QB,BAL,2026,3,3,25.33,5.67,0.1753,,0.0,0.0,0.0,0.0,76,0.6974,9.8,0.0526,0.0132,0.0617,0.3159,7.204,0.966,0.4342,0.1316,17,7.29,0.0588,0.29,0.5294,0.4118,0,0,,,,,,,,,,,0,3,0,0,0,0,60.2,56.3,62.2,5.9,18.77,0.2557,39.8,16.5,0.0,5.7,5.0,-0.7
00-0029604,Kirk Cousins,QB,LV,2026,3,3,30.67,4.0,0.129,,0.0,0.0,0.0,0.0,92,0.6739,7.18,0.0978,0.0326,0.0515,0.1582,4.214,0.845,0.4022,0.0761,12,-0.17,0.0,-0.6791,0.0,0.0,0,0,,,,,,,,,,,0,3,0,0,0,0,56.2,52.3,56.2,4.0,17.43,0.2339,49.7,2.5,0.0,6.16,9.0,2.84
00-0033537,Deshaun Watson,QB,CLE,2026,3,3,27.33,8.0,0.32,,0.0,0.0,0.0,0.0,82,0.6829,7.16,0.061,0.0122,0.0989,0.0808,0.122,1.146,0.3171,0.0732,24,4.38,0.0,0.1824,0.375,0.0833,0,0,,,,,,,,,,,0,3,0,0,0,0,54.0,46.0,54.0,8.0,15.32,0.2747,28.2,17.8,0.0,3.58,5.0,1.42
00-0036442,Joe Burrow,QB,CIN,2026,3,3,34.33,2.67,0.1176,,0.0,0.0,0.0,0.0,103,0.7087,7.21,0.0583,0.0097,0.0636,0.1043,3.393,1.129,0.3592,0.1068,8,4.0,0.0,0.1205,0.625,0.125,0,0,,,,,,,,,,,0,3,0,0,0,0,52.9,47.3,54.9,7.6,15.78,0.2265,44.0,3.3,0.0,4.57,6.0,1.43
00-0036971,Trevor Lawrence,QB,JAX,2026,3,3,27.0,2.67,0.093,,0.0,0.0,0.0,0.0,81,0.6667,7.6,0.0864,0.0247,0.0471,0.2643,8.802,0.851,0.3827,0.0988,8,4.25,0.0,0.3099,0.5,0.125,0,0,,,,,,,,,,,0,3,0,0,0,0,52.0,48.8,52.0,3.3,16.25,0.2426,43.4,5.3,0.0,5.74,7.0,1.26
00-0026498,Matthew Stafford,QB,LA,2026,3,3,37.0,2.67,0.1,,0.0,0.0,0.0,0.0,111,0.6036,7.86,0.0541,0.036,0.0431,0.1063,1.054,0.813,0.3514,0.1171,8,1.38,0.0,-0.7694,0.25,0.125,0,0,,,,,,,,,,,0,3,0,0,0,0,52.0,56.1,52.0,-4.1,18.69,0.2344,50.2,5.9,0.0,5.8,6.0,0.2
00-0036264,Jordan Love,QB,GB,2026,3,3,41.33,0.67,0.0417,,0.0,0.0,0.0,0.0,124,0.5242,6.81,0.0484,0.0161,0.0606,-0.0174,-10.087,0.784,0.3145,0.0968,2,0.0,0.0,-2.3523,0.0,0.0,0,0,,,,,,,,,,,0,3,0,0,0,0,51.8,53.9,53.8,-0.1,17.97,0.2331,53.7,0.2,0.0,6.13,6.0,-0.13
00-0030565,Geno Smith,QB,NYJ,2026,3,3,34.0,4.33,0.1529,,0.0,0.0,0.0,0.0,102,0.7549,7.68,0.0392,0.0,0.0811,0.2245,10.74,1.057,0.3333,0.1078,13,2.77,0.0,-0.6404,0.1538,0.0769,0,0,,,,,,,,,,,0,3,0,0,0,0,50.9,44.9,52.9,8.0,14.97,0.2079,38.6,6.3,0.0,2.76,4.0,1.24
00-0033119,Jacoby Brissett,QB,ARI,2026,3,3,39.0,3.67,0.141,,0.0,0.0,0.0,0.0,117,0.7009,5.57,0.0342,0.0085,0.041,0.0902,3.685,0.918,0.3162,0.0171,11,2.27,0.0909,0.2666,0.5455,0.0909,0,0,,,,,,,,,,,0,3,0,0,0,0,48.6,60.6,48.6,-12.0,20.19,0.2538,49.4,11.2,0.0,7.32,5.0,-2.32
00-0039163,C.J. Stroud,QB,HOU,2026,3,3,40.0,2.33,0.0986,,0.0,0.0,0.0,0.0,120,0.6,6.62,0.025,0.0,0.0769,-0.0612,-2.827,0.701,0.2833,0.0917,7,7.71,0.0,0.8424,0.5714,0.4286,0,0,,,,,,,,,,,0,3,0,0,0,0,45.2,52.8,49.2,-3.7,17.61,0.2164,48.3,4.5,0.0,4.64,3.0,-1.64
00-0039918,Caleb Williams,QB,CHI,2026,2,2,27.5,7.5,0.2143,,0.0,0.0,0.0,0.0,55,0.6545,7.4,0.0364,0.0182,0.0833,0.292,6.106,0.931,0.3273,0.0909,15,7.13,0.1333,0.4248,0.4667,0.2667,0,0,,,,,,,,,,,0,3,0,0,0,1,45.0,44.8,45.0,0.2,22.38,0.258,28.5,16.2,0.0,4.83,4.0,-0.83
00-0039732,Bo Nix,QB,DEN,2026,3,3,31.0,4.0,0.1765,,0.0,0.0,0.0,0.0,93,0.6022,6.51,0.043,0.0323,0.051,-0.0717,-2.68,1.11,0.3118,0.086,12,1.25,0.0833,-0.12,0.3333,0.0,0,0,,,,,,,,,,,0,3,0,0,0,0,43.7,52.3,45.7,-6.6,17.44,0.2545,42.2,10.1,0.0,6.31,5.0,-1.31
00-0040676,Cam Ward,QB,TEN,2026,3,3,29.33,3.0,0.1406,,0.0,0.0,0.0,0.0,88,0.625,5.73,0.0227,0.0114,0.0538,-0.1499,1.582,0.903,0.2727,0.0568,9,3.33,0.2222,0.8056,0.6667,0.0,0,0,,,,,,,,,,,0,3,0,0,0,0,41.2,47.7,41.2,-6.5,15.89,0.2651,31.4,16.3,0.0,5.67,4.0,-1.67
00-0036389,Jalen Hurts,QB,PHI,2026,2,2,31.0,6.0,0.2105,,0.0,0.0,0.0,0.0,62,0.6452,7.53,0.0806,0.0323,0.0882,0.1477,9.864,0.903,0.3548,0.1129,12,5.17,0.0,0.3427,0.3333,0.1667,0,0,,,,,,,,,,,0,3,0,0,0,1,40.9,36.1,40.9,4.8,18.04,0.2622,27.8,8.3,0.0,3.47,5.0,1.53
00-0038128,Malik Willis,QB,MIA,2026,3,3,28.67,5.67,0.2179,,0.0,0.0,0.0,0.0,86,0.5698,7.29,0.0116,0.0233,0.0947,-0.0535,-8.04,0.72,0.2791,0.1163,17,5.94,0.0588,0.1099,0.2941,0.1765,0,0,,,,,,,,,,,1,3,0,0,0,0,39.2,42.9,39.2,-3.7,14.3,0.2345,30.3,12.6,0.0,2.59,2.0,-0.59
00-0023459,Aaron Rodgers,QB,PIT,2026,3,3,37.67,2.33,0.1045,,0.0,0.0,0.0,0.0,113,0.5841,6.19,0.0354,0.0177,0.0661,-0.1713,-2.438,0.694,0.292,0.0796,7,1.71,0.0,-0.4061,0.1429,0.1429,0,0,,,,,,,,,,,0,3,0,0,0,0,39.2,45.3,41.2,-4.1,15.09,0.2126,44.2,1.1,0.0,4.3,4.0,-0.3
00-0034855,Baker Mayfield,QB,TB,2026,3,3,32.0,3.67,0.1667,,0.0,0.0,0.0,0.0,96,0.6354,6.41,0.0208,0.0208,0.1193,-0.2738,0.344,0.722,0.2708,0.0833,11,5.91,0.0909,0.2362,0.4545,0.0909,0,0,,,,,,,,,,,1,3,0,0,0,0,35.1,50.6,39.1,-11.5,16.87,0.2459,41.6,9.1,0.0,4.61,3.0,-1.61
00-0035704,Drew Lock,QB,SEA,2026,2,2,24.0,1.0,0.0323,,0.0,0.0,0.0,0.0,48,0.7292,8.79,0.0833,0.0,0.04,0.4507,6.884,1.153,0.4167,0.1042,2,6.5,0.0,0.867,0.0,0.5,0,0,,,,,,,,,,,0,3,0,0,0,1,34.2,21.7,34.2,12.5,10.86,0.1606,20.7,1.0,0.0,2.39,4.0,1.61
00-0036355,Justin Herbert,QB,LAC,2026,3,3,29.33,4.0,0.1481,,0.0,0.0,0.0,0.0,88,0.5909,7.12,0.0341,0.0455,0.0833,-0.1306,-4.207,0.752,0.3182,0.0909,12,4.0,0.0,-0.2948,0.25,0.0833,0,0,,,,,,,,,,,0,3,0,0,0,0,33.9,49.9,33.9,-16.0,16.63,0.2422,39.5,10.4,0.0,4.6,3.0,-1.6
00-0039910,Jayden Daniels,QB,WAS,2026,2,2,25.5,6.0,0.1875,,0.0,0.0,0.0,0.0,51,0.5686,5.1,0.0588,0.0,0.0192,0.0786,-1.132,0.551,0.2745,0.0392,12,8.33,0.0,0.3229,0.5,0.4167,0,0,,,,,,,,,,,0,2,0,1,1,0,32.4,41.3,32.4,-8.9,20.67,0.2432,32.7,8.7,0.0,5.24,3.0,-2.24
00-0032268,Marcus Mariota,QB,WAS,2026,2,2,23.5,3.0,0.0938,,0.0,0.0,0.0,0.0,47,0.6383,6.26,0.0851,0.0,0.0408,0.2159,2.578,0.676,0.3617,0.0851,6,2.33,0.0,-0.2962,0.3333,0.0,0,0,,,,,,,,,,,0,3,0,0,0,1,29.2,21.5,29.2,7.6,10.76,0.1433,18.4,3.1,0.0,2.12,4.0,1.88
00-0035710,Daniel Jones,QB,IND,2026,3,3,32.67,2.33,0.0843,,0.0,0.0,0.0,0.0,98,0.6633,6.23,0.0306,0.0306,0.0577,-0.1019,-0.633,0.949,0.3163,0.0816,7,2.71,0.0,0.4171,0.7143,0.0,0,0,,,,,,,,,,,0,3,0,0,0,0,28.3,42.4,32.3,-10.1,14.13,0.1999,38.5,3.9,0.0,3.88,3.0,-0.88
00-0034869,Sam Darnold,QB,SEA,2026,2,2,23.5,0.5,0.025,,0.0,0.0,0.0,0.0,47,0.6809,8.34,0.0851,0.0426,0.0208,0.0418,4.034,1.256,0.4681,0.0851,1,5.0,0.0,1.6062,1.0,0.0,0,0,,,,,,,,,,,0,2,0,1,1,0,28.2,22.7,28.2,5.5,11.34,0.1597,22.0,0.7,0.0,2.99,4.0,1.01
00-0040691,Jaxson Dart,QB,NYG,2026,2,2,17.0,5.5,0.1897,,0.0,0.0,0.0,0.0,34,0.7647,7.35,0.0882,0.0,0.0556,0.5777,10.63,0.856,0.4706,0.0,11,4.91,0.0,0.3353,0.3636,0.1818,0,0,,,,,,,,,,,0,2,1,0,1,0,27.4,21.6,27.4,5.8,10.82,0.1554,17.5,4.2,0.0,1.99,3.0,1.01
00-0032950,Carson Wentz,QB,MIN,2026,2,2,19.5,4.0,0.129,,0.0,0.0,0.0,0.0,39,0.5897,7.08,0.0769,0.0,0.1333,0.1222,-7.805,0.926,0.3333,0.0769,8,0.62,0.0,-0.2633,0.25,0.0,0,0,,,,,,,,,,,0,3,0,0,0,1,25.5,19.6,25.5,6.0,9.79,0.1839,17.7,1.9,0.0,1.69,3.0,1.31
00-0039851,Drake Maye,QB,NE,2026,3,3,26.67,5.0,0.1765,,0.0,0.0,0.0,0.0,80,0.6375,7.31,0.0125,0.075,0.1011,-0.2253,2.822,0.831,0.2625,0.1,15,5.47,0.0,0.5816,0.5333,0.2,0,0,,,,,,,,,,,0,3,0,0,0,0,21.6,44.9,23.6,-21.3,14.97,0.2382,34.1,10.8,0.0,3.87,1.0,-2.87
00-0039917,Michael Penix Jr.,QB,ATL,2026,1,1,25.0,2.0,0.0488,,0.0,0.0,0.0,0.0,25,0.72,10.24,0.04,0.04,0.0,0.3804,8.774,1.718,0.32,0.12,2,-1.0,0.0,0.0,0.0,0.0,0,0,,,,,,,,,,,0,1,0,2,2,0,14.0,10.4,14.0,3.6,10.44,0.1476,10.6,-0.2,0.0,0.69,1.0,0.31
00-0035228,Kyler Murray,QB,MIN,2026,2,2,17.0,2.0,0.0702,,0.0,0.0,0.0,0.0,34,0.5294,5.47,0.0294,0.0588,0.0811,-0.4476,-2.411,0.648,0.1765,0.0882,4,6.5,0.0,1.0156,0.25,0.25,0,0,,,,,,,,,,,0,2,0,1,1,0,10.0,14.7,10.0,-4.7,7.35,0.1231,11.6,3.1,0.0,0.54,1.0,0.46
00-0031503,Jameis Winston,QB,NYG,2026,2,2,24.5,2.0,0.0741,,0.0,0.0,0.0,0.0,49,0.5102,4.67,0.0,0.0204,0.0926,-0.4186,-16.112,0.533,0.2449,0.0408,4,3.75,0.0,0.438,0.5,0.25,0,0,,,,,,,,,,,0,3,0,0,0,1,8.7,18.8,8.7,-10.1,9.4,0.1623,17.7,1.1,0.0,1.55,0.0,-1.55
00-0033662,Cooper Rush,QB,ATL,2026,2,2,19.5,1.0,0.0317,,0.0,0.0,0.0,0.0,39,0.5641,5.87,0.0256,0.1026,0.1136,-0.6354,-13.204,1.251,0.2564,0.0769,2,10.0,0.0,-1.4931,0.5,0.5,0,0,,,,,,,,,,,1,2,0,1,1,0,5.2,11.3,5.2,-6.1,5.64,0.1048,9.8,1.5,0.0,0.25,1.0,0.75
00-0038416,Tyson Bagent,QB,CHI,2026,1,1,9.0,0.0,0.0,,0.0,0.0,0.0,0.0,9,0.5556,6.0,0.0,0.0,0.1,-0.2844,8.034,0.761,0.2222,0.1111,0,,,,,,0,0,,,,,,,,,,,0,2,0,1,1,1,2.2,7.0,2.2,-4.9,7.02,0.0879,7.0,0.0,0.0,1.44,0.0,-1.44
00-0038102,Kenny Pickett,QB,CAR,2026,2,2,0.5,1.0,0.0455,,0.0,0.0,0.0,0.0,1,0.0,0.0,0.0,0.0,0.0,-0.3811,-77.157,0.0,0.0,0.0,2,10.0,0.0,-0.3521,0.5,0.5,0,0,,,,,,,,,,,0,3,0,0,0,1,2.0,0.8,2.0,1.2,0.42,0.0047,0.2,0.7,0.0,0.0,0.0,0.0
00-0038476,Tommy DeVito,QB,NE,2026,1,1,5.0,1.0,0.0385,,0.0,0.0,0.0,0.0,5,0.6,6.0,0.0,0.0,0.0,-0.1073,3.044,0.469,0.4,0.2,1,2.0,0.0,-0.4094,0.0,0.0,0,0,,,,,,,,,,,0,3,0,0,0,2,1.4,3.4,1.4,-2.0,3.41,0.048,2.7,0.7,0.0,0.42,0.0,-0.42
00-0039107,Stetson Bennett,QB,LA,2026,1,1,3.0,1.0,0.0345,,0.0,0.0,0.0,0.0,3,0.6667,4.33,0.0,0.0,0.0,0.063,-5.17,0.565,0.3333,0.0,1,9.0,0.0,0.8319,1.0,0.0,0,0,,,,,,,,,,,0,3,0,0,0,2,1.4,1.7,1.4,-0.3,1.72,0.0256,0.9,0.8,0.0,0.04,0.0,-0.04
00-0034771,Mason Rudolph,QB,PIT,2026,1,1,1.0,1.0,0.0435,,0.0,0.0,0.0,0.0,1,0.0,0.0,0.0,0.0,0.0,-0.4179,-76.336,0.0,0.0,0.0,1,3.0,0.0,-0.6965,0.0,0.0,0,0,,,,,,,,,,,0,3,0,0,0,2,0.3,1.1,0.3,-0.8,1.06,0.016,0.2,0.8,0.0,0.0,0.0,0.0
00-0040668,Shedeur Sanders,QB,CLE,2026,1,1,1.0,0.0,0.0,,0.0,0.0,0.0,0.0,1,1.0,0.0,0.0,0.0,0.0,-0.4044,13.083,-0.0,0.0,0.0,0,,,,,,0,0,,,,,,,,,,,0,3,0,0,0,2,0.0,0.4,0.0,-0.4,0.44,0.0064,0.4,0.0,0.0,0.07,0.0,-0.07
00-0041194,Jack Strand,QB,ATL,2026,1,1,15.0,2.0,0.0625,,0.0,0.0,0.0,0.0,15,0.5333,3.93,0.0,0.0667,0.1176,-0.7564,-21.318,1.113,0.2667,0.0,2,8.0,0.0,0.7397,1.0,0.0,0,0,,,,,,,,,,,0,2,0,1,1,1,-0.0,4.9,2.0,-3.0,4.91,0.0789,3.5,1.4,0.0,0.08,0.0,-0.08
00-0036972,Mac Jones,QB,SF,2026,1,1,0.0,2.0,0.0741,,0.0,0.0,0.0,0.0,0,,,,,,,,,,,2,-1.0,0.0,0.0,0.0,0.0,0,0,,,,,,,,,,,0,3,0,0,0,2,-0.2,-0.2,-0.2,0.0,-0.2,-0.0028,0.0,-0.2,0.0,0.0,0.0,0.0
00-0033319,Nick Mullens,QB,JAX,2026,1,1,0.0,3.0,0.0938,,0.0,0.0,0.0,0.0,0,,,,,,,,,,,3,-1.0,0.0,0.0,0.0,0.0,0,0,,,,,,,,,,,0,2,0,0,0,1,-0.3,-0.3,-0.3,0.0,-0.3,-0.0049,0.0,-0.3,0.0,0.0,0.0,0.0
00-0041251,Jalon Daniels,QB,TB,2026,1,1,3.0,1.0,0.0476,,0.0,0.0,0.0,0.0,3,0.0,0.0,0.0,0.3333,0.0,-0.1522,-51.423,0.0,0.0,0.0,1,9.0,0.0,0.1338,0.0,0.0,0,0,,,,,,,,,,,0,3,0,0,0,2,-1.1,2.0,-1.1,-3.1,2.0,0.0296,1.0,1.0,0.0,0.13,0.0,-0.13
00-0039139,Jahmyr Gibbs,RB,DET,2026,3,3,0.0,21.67,0.7831,0.8737,7.0,0.1989,0.0341,0.3223,0,,,,,,,,,,,65,4.72,0.0615,-0.0171,0.3538,0.1692,21,18,0.8571,7.43,8.67,1.62,4.588,6.61,0.4266,0.0952,0.4762,0.0,1,3,0,0,0,0,98.3,85.7,98.3,12.6,28.57,0.3241,0.0,51.6,34.1,4.76,6.0,1.24
00-0038134,Kenneth Walker III,RB,KC,2026,3,3,0.0,21.67,0.7065,0.7835,6.0,0.1865,-0.003,0.2777,0,,,,,,,,,,,65,5.54,0.0308,0.0921,0.2923,0.1538,18,11,0.6111,4.56,7.45,0.22,20.5,7.45,0.0777,0.1111,0.2778,0.0556,0,3,0,0,0,0,79.2,79.9,79.2,-0.7,26.63,0.3382,0.0,46.0,33.9,4.8,4.0,-0.8
00-0038542,Bijan Robinson,RB,ATL,2026,3,3,0.0,22.0,0.6346,0.7117,5.33,0.2474,-0.1271,0.2822,0,,,,,,,,,,,66,5.29,0.0303,0.0721,0.303,0.1212,16,13,0.8125,7.38,9.08,-1.75,-4.214,11.31,-0.3362,0.0625,0.1875,0.1875,0,3,0,0,0,0,77.7,62.2,77.7,15.5,20.72,0.3483,0.0,40.4,21.8,2.34,3.0,0.66
00-0032764,Derrick Henry,RB,BAL,2026,3,3,0.0,22.0,0.6804,0.8161,1.67,0.065,-0.0239,0.0808,0,,,,,,,,,,,66,4.56,0.0909,-0.0176,0.2424,0.0909,5,5,1.0,7.6,7.6,-3.8,-2.0,11.4,0.2621,0.0,0.4,0.4,0,3,0,0,0,0,74.9,61.5,74.9,13.4,20.51,0.2795,0.0,54.6,6.9,4.73,6.0,1.27
00-0036223,Jonathan Taylor,RB,IND,2026,3,3,0.0,22.0,0.7952,0.9146,3.67,0.119,-0.0175,0.1663,0,,,,,,,,,,,66,3.91,0.0606,0.0301,0.2424,0.1364,11,9,0.8182,6.09,7.44,-1.27,-4.786,8.67,-0.3164,0.0,0.2727,0.0,1,3,0,0,0,0,63.5,59.8,63.5,3.7,19.93,0.2819,0.0,43.5,16.3,2.8,4.0,1.2
00-0033280,Christian McCaffrey,RB,SF,2026,3,3,0.0,11.67,0.4375,0.6154,5.67,0.206,0.0499,0.344,0,,,,,,,,,,,35,4.74,0.0857,0.0513,0.2286,0.1429,17,13,0.7647,6.12,8.0,2.35,2.6,6.62,0.1787,0.0,0.4118,0.0588,0,3,0,0,0,0,58.0,59.7,58.0,-1.7,19.89,0.2702,0.0,32.3,27.3,3.26,3.0,-0.26
00-0040122,Ashton Jeanty,RB,LV,2026,3,3,0.0,21.0,0.6774,0.8352,5.33,0.1828,0.0448,0.3055,0,,,,,,,,,,,63,3.27,0.0,-0.3103,0.1429,0.0635,16,13,0.8125,6.06,7.46,2.06,2.939,5.85,-0.0549,0.125,0.25,0.0625,0,3,0,0,0,0,55.3,72.2,55.3,-16.9,24.08,0.3232,0.0,45.5,26.7,3.89,2.0,-1.89
00-0036555,Chuba Hubbard,RB,CAR,2026,3,3,0.0,13.67,0.6119,0.6757,3.0,0.082,-0.0148,0.1126,0,,,,,,,,,,,41,4.49,0.0244,-0.0439,0.2195,0.122,9,9,1.0,8.56,8.56,-2.0,-4.278,10.56,1.1322,0.2222,0.4444,0.2222,0,3,0,0,0,0,53.1,42.6,53.1,10.5,14.19,0.1595,0.0,25.4,17.2,2.24,3.0,0.76
00-0037840,Kyren Williams,RB,LA,2026,3,3,0.0,12.67,0.475,0.5698,4.0,0.1069,0.043,0.1904,0,,,,,,,,,,,38,5.63,0.0263,-0.0304,0.2632,0.1053,12,11,0.9167,8.83,9.64,4.67,1.893,4.91,-0.185,0.0833,0.5,0.3333,1,3,0,0,0,0,53.0,42.8,53.0,10.2,14.26,0.1788,0.0,23.4,19.3,1.79,2.0,0.21
00-0036997,Javonte Williams,RB,DAL,2026,3,3,0.0,14.33,0.6232,0.791,4.0,0.1236,-0.0393,0.1578,0,,,,,,,,,,,43,3.93,0.0465,-0.0756,0.2093,0.0698,12,10,0.8333,4.67,5.6,-2.67,-1.75,7.9,0.2194,0.0833,0.25,0.0833,0,3,0,0,0,0,50.5,51.9,50.5,-1.4,17.3,0.2123,0.0,33.3,18.6,3.16,3.0,-0.16
00-0037248,James Cook,RB,BUF,2026,3,3,0.0,19.33,0.6444,0.9118,2.67,0.0962,-0.0046,0.141,0,,,,,,,,,,,58,5.97,0.0345,0.0939,0.3103,0.2069,8,4,0.5,2.0,4.0,-0.62,-3.2,4.0,-0.2381,0.0,0.25,0.0,1,3,0,0,0,0,50.2,48.2,50.2,2.0,16.05,0.2109,0.0,35.6,12.6,2.38,2.0,-0.38
00-0036275,D'Andre Swift,RB,CHI,2026,2,2,0.0,17.0,0.4857,0.625,3.0,0.1026,-0.0334,0.1305,0,,,,,,,,,,,34,4.97,0.0882,0.0102,0.2353,0.0882,6,6,1.0,10.67,10.67,-1.83,-5.818,12.5,0.8923,0.0,0.5,0.1667,1,3,0,0,0,1,45.3,37.7,45.3,7.6,18.86,0.2174,0.0,26.7,11.0,2.62,3.0,0.38
00-0038120,Breece Hall,RB,NYJ,2026,3,3,0.0,17.0,0.6,0.7262,3.33,0.1031,0.0026,0.1564,0,,,,,,,,,,,51,3.2,0.0196,-0.173,0.2549,0.098,10,10,1.0,10.2,10.2,0.0,,10.2,0.8536,0.0,0.3,0.1,0,3,0,0,0,0,42.5,45.9,42.5,-3.4,15.3,0.2125,0.0,31.4,14.5,1.74,1.0,-0.74
00-0041027,Jeremiyah Love,RB,ARI,2026,3,3,0.0,13.67,0.5256,0.6,4.0,0.1078,0.0153,0.1725,0,,,,,,,,,,,41,3.9,0.0244,-0.0098,0.1463,0.0244,12,10,0.8333,3.67,4.4,1.17,3.143,3.1,-0.0606,0.0833,0.1667,0.0,0,3,0,0,0,0,42.4,42.8,42.4,-0.4,14.26,0.1793,0.0,22.6,20.2,1.68,2.0,0.32
00-0039361,Bucky Irving,RB,TB,2026,3,3,0.0,13.33,0.6061,0.7681,5.0,0.1649,-0.0638,0.2027,0,,,,,,,,,,,40,4.5,0.025,0.0172,0.175,0.075,15,13,0.8667,4.07,4.69,-2.2,-1.848,7.54,-0.2016,0.0,0.2,0.0667,1,3,0,0,0,0,41.1,41.6,41.1,-0.6,13.88,0.2024,0.0,19.8,21.8,0.63,1.0,0.37
00-0040719,Bhayshul Tuten,RB,JAX,2026,3,3,0.0,14.33,0.5,0.5854,1.67,0.0644,-0.0287,0.0765,0,,,,,,,,,,,43,4.74,0.0465,0.062,0.3023,0.1395,5,5,1.0,7.2,7.2,-4.0,-1.8,11.2,0.0487,0.0,0.4,0.2,0,3,0,0,0,0,41.0,38.2,41.0,2.8,12.73,0.19,0.0,29.3,8.9,2.08,2.0,-0.08
00-0037228,Jaylen Warren,RB,PIT,2026,3,3,0.0,12.67,0.5672,0.6761,4.67,0.1331,-0.0237,0.1831,0,,,,,,,,,,,38,5.68,0.0,-0.0053,0.2368,0.1316,14,10,0.7143,7.86,11.0,-1.36,-5.789,13.2,-0.1986,0.0,0.2857,0.2143,1,3,0,0,0,0,40.6,41.1,40.6,-0.5,13.72,0.1933,0.0,18.7,22.4,0.91,0.0,-0.91
00-0035685,David Montgomery,RB,HOU,2026,3,3,0.0,12.33,0.5211,0.6027,2.33,0.067,0.0224,0.1162,0,,,,,,,,,,,37,2.78,0.0541,-0.3376,0.1351,0.027,7,7,1.0,6.86,6.86,3.57,1.92,3.29,0.6528,0.1429,0.2857,0.0,0,3,0,0,0,0,40.1,36.8,40.1,3.3,12.25,0.1506,0.0,25.5,11.2,2.11,3.0,0.89
00-0038597,Chase Brown,RB,CIN,2026,3,3,0.0,16.33,0.7206,0.7973,4.33,0.1306,-0.0479,0.1624,0,,,,,,,,,,,49,4.02,0.0204,-0.0832,0.2041,0.1224,13,10,0.7692,2.46,3.2,-2.15,-1.143,5.2,-0.4394,0.0,0.0769,0.0,0,3,0,0,0,0,38.9,44.6,38.9,-5.7,14.88,0.2136,0.0,26.1,18.5,1.19,1.0,-0.19
00-0040715,Cam Skattebo,RB,NYG,2026,3,3,0.0,16.67,0.5495,0.6628,2.67,0.1052,0.0794,0.2133,0,,,,,,,,,,,50,3.54,0.02,-0.1622,0.2,0.08,8,7,0.875,7.38,8.43,3.75,1.967,4.71,0.0705,0.0,0.25,0.25,0,3,0,0,0,0,36.6,41.4,36.6,-4.8,13.79,0.2166,0.0,30.9,10.5,1.6,1.0,-0.6
00-0033293,Aaron Jones,RB,MIN,2026,3,3,0.0,17.33,0.6118,0.7037,2.33,0.0945,-0.007,0.1369,0,,,,,,,,,,,52,3.9,0.0192,-0.0922,0.1731,0.0577,7,5,0.7143,4.86,6.8,-1.0,-4.857,8.4,-0.3021,0.0,0.1429,0.0,0,3,0,0,0,0,34.7,36.5,34.7,-1.8,12.17,0.2223,0.0,26.0,10.6,0.76,1.0,0.24
00-0040666,Omarion Hampton,RB,LAC,2026,3,3,0.0,16.67,0.6173,0.6933,1.0,0.0357,-0.0202,0.0395,0,,,,,,,,,,,50,3.86,0.04,-0.3211,0.26,0.08,3,2,0.6667,7.0,10.5,-5.67,-1.235,14.5,0.159,0.0,0.3333,0.3333,2,3,0,0,0,0,31.4,37.7,31.4,-6.3,12.55,0.1828,0.0,33.5,4.2,2.01,2.0,-0.01
00-0036973,Travis Etienne,RB,NO,2026,3,3,0.0,10.0,0.375,0.4824,4.33,0.0952,-0.0123,0.1342,0,,,,,,,,,,,30,4.27,0.0,-0.0042,0.2333,0.1,13,11,0.8462,3.92,4.64,-0.69,-5.667,5.55,-0.0346,0.0,0.2308,0.0769,0,3,0,0,0,0,30.9,39.0,30.9,-8.1,12.99,0.1405,0.0,19.4,19.6,1.26,0.0,-1.26
00-0037256,Rachaad White,RB,WAS,2026,3,3,0.0,7.33,0.2292,0.3444,3.0,0.0929,0.005,0.1429,0,,,,,,,,,,,22,4.55,0.0,-0.0347,0.2727,0.0909,9,9,1.0,5.67,5.67,0.44,12.75,5.22,0.1067,0.1111,0.2222,0.0,0,3,0,0,0,0,30.1,26.8,30.1,3.3,8.95,0.1162,0.0,11.8,15.1,1.0,1.0,0.0
00-0040236,Kyle Monangai,RB,CHI,2026,2,2,0.0,10.0,0.2857,0.375,2.0,0.0718,0.0168,0.1194,0,,,,,,,,,,,20,7.35,0.05,0.1705,0.25,0.2,4,4,1.0,8.75,8.75,2.5,3.5,6.25,0.1968,0.0,0.25,0.25,0,3,0,0,0,1,28.2,17.5,28.2,10.7,8.74,0.1007,0.0,10.9,6.6,0.51,1.0,0.49
00-0040784,Quinshon Judkins,RB,CLE,2026,3,3,0.0,14.0,0.56,0.7969,3.0,0.1081,-0.0349,0.1377,0,,,,,,,,,,,42,2.95,0.0,-0.3557,0.0952,0.0476,9,9,1.0,5.89,5.89,-1.44,-4.077,7.33,0.1792,0.0,0.2222,0.1111,0,3,0,0,0,0,26.7,32.4,26.7,-5.7,10.79,0.1935,0.0,19.3,13.0,0.55,0.0,-0.55
00-0035261,Tony Pollard,RB,TEN,2026,3,3,0.0,12.67,0.5938,0.6769,2.33,0.0815,0.0284,0.1421,0,,,,,,,,,,,38,4.55,0.0,-0.0551,0.1842,0.1316,7,6,0.8571,3.14,3.67,2.71,1.158,4.83,-0.2833,0.0,0.1429,0.1429,0,3,0,0,0,0,25.5,33.3,25.5,-7.8,11.1,0.1851,0.0,23.3,10.0,1.31,0.0,-1.31
00-0036875,Rhamondre Stevenson,RB,NE,2026,3,3,0.0,10.33,0.3647,0.4819,3.67,0.1296,-0.0039,0.1916,0,,,,,,,,,,,31,3.74,0.0,-0.0859,0.2581,0.0645,11,9,0.8182,5.73,7.0,-0.27,-21.0,7.33,-0.4343,0.0,0.0909,0.0909,1,3,0,0,0,0,24.9,31.5,24.9,-6.6,10.49,0.167,0.0,15.2,16.3,0.44,0.0,-0.44
00-0039040,De'Von Achane,RB,MIA,2026,3,3,0.0,11.33,0.4359,0.6029,4.0,0.1582,0.0601,0.2794,0,,,,,,,,,,,34,3.74,0.0,-0.1714,0.1471,0.0882,12,7,0.5833,4.08,7.0,3.17,1.289,4.86,0.0115,0.0,0.1667,0.0,0,3,0,0,0,0,24.6,34.6,24.6,-10.0,11.52,0.1889,0.0,18.5,16.0,0.84,0.0,-0.84
00-0040242,Jacory Croskey-Merritt,RB,WAS,2026,3,3,0.0,15.67,0.4896,0.5556,1.0,0.0324,-0.0016,0.0475,0,,,,,,,,,,,47,3.02,0.0213,-0.1347,0.2128,0.0426,3,3,1.0,1.67,1.67,-1.0,-1.667,2.67,-0.3021,0.0,0.0,0.0,0,3,0,0,0,0,23.7,28.2,23.7,-4.5,9.4,0.1221,0.0,24.4,3.7,0.83,1.0,0.17
00-0037746,Brian Robinson,RB,ATL,2026,3,3,0.0,10.0,0.2885,0.2883,0.67,0.0215,0.0,0.0323,0,,,,,,,,,,,30,4.4,0.0333,0.1034,0.2667,0.0667,2,2,1.0,8.0,8.0,0.0,,8.0,0.6017,0.0,0.5,0.0,0,3,0,0,0,0,22.8,17.9,22.8,4.8,5.98,0.1006,0.0,15.1,2.9,0.23,1.0,0.77
00-0040583,Woody Marks,RB,HOU,2026,3,3,0.0,7.33,0.3099,0.3973,2.67,0.0623,0.0017,0.0947,0,,,,,,,,,,,22,2.95,0.0455,-0.174,0.3182,0.0909,8,7,0.875,3.88,4.43,0.62,6.2,4.29,-0.1911,0.0,0.125,0.0,0,3,0,0,0,0,22.6,26.1,22.6,-3.5,8.7,0.1069,0.0,13.9,12.2,0.94,1.0,0.06
00-0038454,Keaton Mitchell,RB,LAC,2026,3,3,0.0,5.67,0.2099,0.28,1.33,0.0431,-0.0088,0.0585,0,,,,,,,,,,,17,5.0,0.0,-0.1161,0.1176,0.1765,4,4,1.0,2.5,2.5,-2.0,-1.25,4.5,0.1224,0.25,0.25,0.0,0,3,0,0,0,0,19.5,19.7,19.5,-0.2,6.58,0.0959,0.0,10.4,9.3,1.02,1.0,-0.02
00-0039738,Blake Corum,RB,LA,2026,3,3,0.0,9.33,0.35,0.3605,1.67,0.0383,-0.0067,0.0528,0,,,,,,,,,,,28,5.29,0.0,0.0359,0.25,0.1786,5,3,0.6,2.6,4.33,-1.4,-1.857,6.0,-0.2022,0.0,0.2,0.0,0,3,0,0,0,0,19.1,21.2,19.1,-2.1,7.08,0.0888,0.0,13.6,7.7,0.26,0.0,-0.26
00-0040730,RJ Harvey,RB,DEN,2026,2,2,0.0,2.5,0.125,0.3488,5.5,0.187,-0.1493,0.176,0,,,,,,,,,,,5,4.8,0.0,0.0638,0.2,0.0,11,10,0.9091,5.82,6.4,-3.0,-1.939,9.9,0.0087,0.0,0.0909,0.0909,0,2,0,1,1,0,18.8,19.4,18.8,-0.6,9.71,0.1508,0.0,2.5,16.9,0.41,0.0,-0.41
00-0037263,Tyler Allgeier,RB,ARI,2026,3,3,0.0,8.0,0.3077,0.3765,2.67,0.0703,-0.0381,0.0788,0,,,,,,,,,,,24,2.92,0.0,-0.2858,0.1667,0.0417,8,8,1.0,3.5,3.5,-3.75,-0.933,7.25,-0.1453,0.0,0.125,0.0,0,3,0,0,0,0,17.8,23.3,17.8,-5.5,7.78,0.0978,0.0,12.8,10.5,0.7,0.0,-0.7
00-0040734,TreVeyon Henderson,RB,NE,2026,2,2,0.0,12.0,0.4444,0.4808,0.5,0.0167,0.0055,0.0289,0,,,,,,,,,,,24,4.12,0.0417,-0.1654,0.125,0.0833,1,1,1.0,6.0,6.0,4.0,1.5,2.0,0.2574,0.0,0.0,0.0,0,2,0,1,1,0,17.5,12.9,17.5,4.6,6.44,0.1085,0.0,11.2,1.7,0.13,1.0,0.87
00-0039794,Braelon Allen,RB,NYJ,2026,3,3,0.0,6.33,0.2235,0.2738,1.67,0.0515,-0.0012,0.0765,0,,,,,,,,,,,19,3.21,0.0526,-0.2057,0.2632,0.0,5,4,0.8,2.2,2.75,-0.4,-5.5,3.25,-0.364,0.0,0.0,0.0,0,3,0,0,0,0,17.2,17.5,17.2,-0.3,5.85,0.0812,0.0,9.9,7.6,0.57,1.0,0.43
00-0040466,Raheim Sanders,RB,CLE,2026,3,3,0.0,1.33,0.0533,0.1875,3.0,0.1121,-0.0134,0.1588,0,,,,,,,,,,,4,5.5,0.0,-0.012,0.25,0.25,9,8,0.8889,7.33,8.25,-0.67,-11.0,8.88,0.0388,0.0,0.2222,0.0,0,3,0,0,0,0,16.8,14.0,16.8,2.8,4.66,0.0835,0.0,1.9,12.1,0.08,0.0,-0.08
00-0040878,Mike Washington Jr.,RB,LV,2026,3,3,0.0,5.0,0.1613,0.1648,0.33,0.0115,0.0118,0.0255,0,,,,,,,,,,,15,6.8,0.0667,0.1281,0.2667,0.1333,1,0,0.0,0.0,,10.0,0.0,,-0.5399,0.0,0.0,0.0,0,3,0,0,0,0,16.2,9.1,16.2,7.1,3.04,0.0408,0.0,8.0,1.1,0.27,1.0,0.73
00-0039299,George Holani,RB,SEA,2026,3,3,0.0,5.0,0.1875,0.2386,2.33,0.0637,-0.0044,0.0926,0,,,,,,,,,,,15,3.47,0.0,-0.015,0.0,0.0,7,6,0.8571,7.14,8.33,-1.14,-6.25,10.67,0.2647,0.0,0.2857,0.0,0,3,0,0,0,0,16.2,25.5,16.2,-9.3,8.49,0.1116,0.0,16.0,9.4,1.8,0.0,-1.8
00-0039811,MarShawn Lloyd,RB,GB,2026,3,3,0.0,7.67,0.4792,0.5094,2.0,0.0509,-0.0036,0.0739,0,,,,,,,,,,,23,2.96,0.0,-0.4223,0.1739,0.0435,6,4,0.6667,2.17,3.25,0.33,6.5,6.75,0.1087,0.1667,0.1667,0.0,1,3,0,0,0,0,16.1,24.2,16.1,-8.1,8.08,0.1048,0.0,13.6,10.6,1.11,1.0,-0.11
00-0041013,Emmett Johnson,RB,KC,2026,3,3,0.0,5.33,0.1739,0.2062,1.33,0.0422,-0.0251,0.0457,0,,,,,,,,,,,16,3.5,0.0,-0.013,0.1875,0.0,4,4,1.0,16.0,16.0,-3.0,-5.333,19.0,1.2745,0.0,0.5,0.5,0,3,0,0,0,0,16.0,13.9,16.0,2.1,4.62,0.0587,0.0,7.9,6.0,0.22,0.0,-0.22
00-0040198,Ollie Gordon II,RB,MIA,2026,2,2,0.0,10.0,0.3333,0.4423,1.5,0.0429,-0.0051,0.0607,0,,,,,,,,,,,20,2.4,0.05,-0.2728,0.2,0.05,3,3,1.0,4.67,4.67,-1.33,-3.5,6.0,0.0998,0.0,0.3333,0.3333,0,3,0,0,0,1,15.2,16.6,15.2,-1.4,8.31,0.1265,0.0,12.3,4.3,0.57,1.0,0.43
00-0041496,Jonah Coleman,RB,DEN,2026,1,1,0.0,10.0,0.3571,0.5,3.0,0.1034,0.0,0.1552,0,,,,,,,,,,,10,3.9,0.1,-0.0207,0.3,0.2,3,3,1.0,6.33,6.33,0.0,,6.33,0.0993,0.0,0.0,0.0,0,2,1,0,1,1,14.8,10.2,14.8,4.6,10.2,0.1327,0.0,6.4,3.8,0.48,1.0,0.52
00-0035250,Devin Singletary,RB,NYG,2026,2,2,0.0,4.5,0.1552,0.2453,2.5,0.0846,-0.0341,0.103,0,,,,,,,,,,,9,2.78,0.0,-0.2697,0.0,0.0,5,4,0.8,4.4,5.5,-3.4,-1.294,9.5,0.3943,0.2,0.4,0.0,0,2,0,1,1,0,14.7,13.6,14.7,1.1,6.78,0.0973,0.0,4.4,9.1,0.44,1.0,0.56
00-0041512,Jadarian Price,RB,SEA,2026,3,3,0.0,9.33,0.35,0.3636,2.33,0.0756,0.0512,0.1493,0,,,,,,,,,,,28,4.25,0.0,-0.4449,0.2857,0.1786,7,4,0.5714,3.0,5.25,5.86,0.512,7.0,-0.0803,0.0,0.1429,0.0,2,3,0,0,0,0,14.0,26.8,14.0,-12.8,8.94,0.1175,0.0,16.3,10.5,0.99,0.0,-0.99
00-0039032,Tyjae Spears,RB,TEN,2026,3,3,0.0,4.33,0.2031,0.2615,2.0,0.0868,-0.0187,0.1172,0,,,,,,,,,,,13,4.46,0.0,-0.0259,0.1538,0.1538,6,4,0.6667,6.83,10.25,-1.83,-3.727,12.75,-0.0784,0.0,0.1667,0.1667,0,3,0,0,0,0,13.9,14.9,13.9,-1.0,4.98,0.083,0.0,6.7,8.3,0.16,0.0,-0.16
00-0033526,Samaje Perine,RB,CIN,2026,3,3,0.0,3.33,0.1471,0.2027,2.33,0.0672,0.0256,0.1187,0,,,,,,,,,,,10,3.5,0.0,-0.174,0.2,0.0,7,5,0.7143,7.29,10.2,2.29,3.188,7.8,0.2063,0.0,0.4286,0.1429,0,3,0,0,0,0,13.6,14.8,13.6,-1.2,4.93,0.0708,0.0,5.4,9.4,0.23,0.0,-0.23
00-0036158,J.K. Dobbins,RB,DEN,2026,3,3,0.0,11.67,0.5147,0.5217,0.67,0.0215,-0.0054,0.0285,0,,,,,,,,,,,35,3.46,0.0,-0.1803,0.1143,0.0571,2,1,0.5,2.0,4.0,-1.5,-1.333,4.0,-0.31,0.0,0.0,0.0,0,3,0,0,0,0,13.5,31.5,13.5,-18.0,10.49,0.1532,0.0,28.4,3.1,2.39,0.0,-2.39
00-0038611,Chris Rodriguez Jr.,RB,JAX,2026,3,3,0.0,6.67,0.2326,0.2439,0.0,0.0,0.0,0.0,0,,,,,,,,,,,20,3.65,0.05,0.0336,0.3,0.0,0,0,,,,,,,,,,,0,3,0,0,0,0,13.3,12.9,13.3,0.4,4.31,0.0643,0.0,12.9,0.0,0.8,1.0,0.2
00-0038551,Kendre Miller,RB,NO,2026,2,2,0.0,6.5,0.2453,0.25,1.5,0.0375,-0.008,0.0506,0,,,,,,,,,,,13,3.38,0.0769,0.0413,0.2308,0.0,3,2,0.6667,1.67,2.5,-1.67,-1.0,2.0,-0.3695,0.0,0.0,0.0,0,2,0,1,1,0,12.9,11.5,12.9,1.4,5.77,0.0567,0.0,7.4,4.1,0.32,1.0,0.68
00-0033906,Alvin Kamara,RB,NO,2026,2,2,0.0,9.0,0.3273,0.4211,3.5,0.1062,-0.0157,0.1484,0,,,,,,,,,,,18,2.83,0.0,-0.2798,0.1667,0.0556,7,6,0.8571,1.71,2.0,-1.0,-1.714,3.33,-0.5482,0.0,0.0,0.0,0,2,0,1,1,0,12.3,18.4,12.3,-6.1,9.19,0.109,0.0,8.4,9.9,0.22,0.0,-0.22
00-0041052,Kaelon Black,RB,SF,2026,3,3,0.0,8.33,0.3125,0.3333,0.67,0.0226,-0.0169,0.0221,0,,,,,,,,,,,25,4.28,0.0,-0.0915,0.16,0.04,2,1,0.5,2.5,5.0,-5.0,-0.5,10.0,-0.1693,0.0,0.0,0.0,0,3,0,0,0,0,12.2,15.9,12.2,-3.7,5.31,0.0722,0.0,13.3,2.6,0.47,0.0,-0.47
00-0038555,Tank Bigsby,RB,PHI,2026,2,2,0.0,7.0,0.2456,0.3265,1.0,0.0294,-0.0137,0.0345,0,,,,,,,,,,,14,2.57,0.0714,-0.1465,0.1429,0.0,2,2,1.0,2.5,2.5,-4.0,-0.625,6.5,-0.3849,0.0,0.0,0.0,0,3,0,0,0,1,12.1,11.6,12.1,0.5,5.78,0.084,0.0,8.9,2.7,0.52,1.0,0.48
00-0034844,Saquon Barkley,RB,PHI,2026,2,2,0.0,9.5,0.3333,0.4286,2.0,0.0749,0.0046,0.1155,0,,,,,,,,,,,19,4.84,0.0,-0.1093,0.1053,0.0526,4,2,0.5,2.0,4.0,0.75,2.667,4.5,-0.1574,0.0,0.25,0.0,0,3,0,0,0,1,12.0,15.9,12.0,-3.9,7.97,0.1159,0.0,10.0,5.9,0.18,0.0,-0.18
00-0037525,Jordan Mason,RB,MIN,2026,1,1,0.0,15.0,0.4412,0.5357,0.0,0.0,0.0,0.0,0,,,,,,,,,,,15,3.93,0.0667,-0.1977,0.1333,0.0667,0,0,,,,,,,,,,,0,1,2,0,2,0,11.9,10.0,11.9,1.9,9.98,0.1615,0.0,10.0,0.0,0.71,1.0,0.29
00-0034975,Justice Hill,RB,BAL,2026,3,3,0.0,4.33,0.134,0.1839,1.0,0.0369,-0.0106,0.0479,0,,,,,,,,,,,13,4.38,0.0,0.0052,0.2308,0.0769,3,3,1.0,7.33,7.33,-3.33,-2.2,10.67,0.3905,0.0,0.3333,0.0,0,3,0,0,0,0,10.9,12.1,10.9,-1.2,4.05,0.0551,0.0,7.4,4.7,0.18,0.0,-0.18
00-0038797,Emanuel Wilson,RB,SEA,2026,3,3,0.0,10.67,0.4,0.3636,0.33,0.0128,0.0015,0.0203,0,,,,,,,,,,,32,3.41,0.0,-0.2848,0.1875,0.0625,1,0,0.0,0.0,,1.0,0.0,,-0.4749,0.0,0.0,0.0,0,3,0,0,0,0,10.9,32.0,10.9,-21.1,10.65,0.1399,0.0,30.4,1.6,3.22,0.0,-3.22
00-0036139,Rico Dowdle,RB,PIT,2026,2,2,0.0,7.5,0.3409,0.3878,3.5,0.0946,0.0096,0.1486,0,,,,,,,,,,,15,2.47,0.0,-0.3772,0.0667,0.0,7,4,0.5714,4.0,7.0,0.86,4.667,8.0,-0.2767,0.0,0.2857,0.0,0,2,0,1,1,0,10.5,16.8,10.5,-6.3,8.39,0.1139,0.0,7.0,9.8,0.15,0.0,-0.15
00-0039364,Sione Vaki,RB,DET,2026,3,3,0.0,3.0,0.1084,0.1263,1.0,0.0281,0.0128,0.0511,0,,,,,,,,,,,9,4.44,0.0,0.0639,0.2222,0.0,3,3,1.0,11.67,11.67,2.67,4.375,9.0,0.6452,0.0,0.6667,0.0,0,3,0,0,0,0,10.5,9.4,10.5,1.1,3.14,0.0356,0.0,5.1,4.3,0.17,0.0,-0.17
00-0036919,Kenny Gainwell,RB,TB,2026,3,3,0.0,3.33,0.1515,0.2319,3.33,0.1004,-0.0108,0.143,0,,,,,,,,,,,10,2.1,0.0,-0.2349,0.3,0.0,10,6,0.6,2.2,3.67,-0.5,-4.4,8.5,-0.6125,0.0,0.1,0.0,0,3,0,0,0,0,10.3,20.1,10.3,-9.8,6.72,0.0979,0.0,5.4,14.8,0.58,0.0,-0.58
00-0039344,Jonathon Brooks,RB,CAR,2026,2,2,0.0,4.5,0.2045,0.2391,1.5,0.045,0.0313,0.0895,0,,,,,,,,,,,9,3.33,0.0,-0.2742,0.0,0.0,3,2,0.6667,14.33,21.5,8.0,1.792,13.5,0.0231,0.0,0.3333,0.3333,0,2,1,0,1,0,9.3,10.5,9.3,-1.2,5.23,0.0584,0.0,5.8,4.7,0.39,0.0,-0.39
00-0035537,Ty Johnson,RB,BUF,2026,1,1,0.0,0.0,0.0,0.1429,4.0,0.1538,0.0,0.2308,0,,,,,,,,,,,0,,,,,,4,4,1.0,12.5,12.5,0.0,,12.5,1.4429,0.0,0.75,0.5,0,1,0,2,2,0,9.0,5.4,9.0,3.6,5.39,0.078,0.0,0.0,5.4,0.06,0.0,-0.06
00-0038685,Chris Brooks,RB,GB,2026,3,3,0.0,3.67,0.2292,0.2453,1.33,0.0379,-0.0082,0.051,0,,,,,,,,,,,11,3.64,0.0,-0.1682,0.0909,0.0909,4,2,0.5,4.75,9.5,-2.25,-2.111,12.0,0.1823,0.0,0.25,0.0,0,3,0,0,0,0,7.9,11.7,7.9,-3.8,3.91,0.0507,0.0,6.4,5.3,0.28,0.0,-0.28
00-0037085,Tyler Badie,RB,DEN,2026,2,2,0.0,1.0,0.0377,0.0926,2.0,0.0679,-0.0006,0.1014,0,,,,,,,,,,,2,1.5,0.0,-0.0436,0.5,0.0,4,3,0.75,10.0,13.33,-0.75,-13.333,12.67,0.3035,0.0,0.5,0.25,0,2,0,1,1,0,7.3,7.2,7.3,0.1,3.61,0.0452,0.0,0.8,6.4,0.2,0.0,-0.2
00-0039746,Will Shipley,RB,PHI,2026,2,2,0.0,4.5,0.1579,0.2449,1.5,0.0521,0.0133,0.0875,0,,,,,,,,,,,9,3.11,0.0,-0.2631,0.1111,0.0,3,3,1.0,4.33,4.33,2.0,2.167,2.33,-0.2997,0.0,0.0,0.0,0,3,0,0,0,1,7.1,9.0,7.1,-1.9,4.49,0.0652,0.0,4.8,4.2,0.17,0.0,-0.17
00-0038488,Brady Russell,RB,SEA,2026,2,2,0.0,0.0,0.0,0.0625,1.5,0.0528,0.0419,0.1085,0,,,,,,,,,,,0,,,,,,3,3,1.0,13.33,13.33,6.33,2.105,7.0,0.9926,0.0,0.6667,0.3333,0,3,0,0,0,1,7.0,4.5,7.0,2.5,2.27,0.032,0.0,0.0,4.5,0.1,0.0,-0.1
00-0032104,Ameer Abdullah,RB,JAX,2026,3,3,0.0,3.33,0.1163,0.1463,1.0,0.0401,-0.0163,0.0488,0,,,,,,,,,,,10,4.5,0.0,0.0568,0.3,0.2,3,2,0.6667,0.67,1.0,-4.0,-0.167,5.5,-0.5336,0.0,0.0,0.0,0,3,0,0,0,0,6.7,10.4,6.7,-3.7,3.48,0.052,0.0,5.1,5.3,0.24,0.0,-0.24
00-0036893,Najee Harris,RB,NYG,2026,2,2,0.0,6.5,0.2407,0.2321,0.0,0.0,0.0,0.0,0,,,,,,,,,,,13,4.46,0.0,-0.1058,0.2308,0.0769,0,0,,,,,,,,,,,0,2,0,1,1,0,5.8,8.7,5.8,-2.9,4.36,0.0752,0.0,8.7,0.0,0.56,0.0,-0.56
00-0040142,Kaleb Johnson,RB,GB,2026,2,2,0.0,6.0,0.4444,0.3939,1.5,0.0294,-0.0013,0.0432,0,,,,,,,,,,,12,3.17,0.0,-0.2829,0.25,0.1667,3,1,0.3333,3.33,10.0,-0.33,-10.0,10.0,-0.1554,0.0,0.3333,0.0,0,3,0,0,0,1,5.8,9.8,5.8,-4.0,4.89,0.068,0.0,5.6,4.2,0.04,0.0,-0.04
00-0036265,AJ Dillon,RB,CAR,2026,3,3,0.0,4.0,0.1791,0.1757,0.33,0.0079,-0.0053,0.0082,0,,,,,,,,,,,12,3.42,0.0,-0.433,0.1667,0.1667,1,1,1.0,-2.0,-2.0,-7.0,0.286,5.0,-1.1228,0.0,0.0,0.0,0,3,0,0,0,0,4.9,7.4,4.9,-2.5,2.45,0.0275,0.0,6.0,1.3,0.09,0.0,-0.09
00-0040556,Corey Kiner,RB,NE,2026,3,3,0.0,4.67,0.1647,0.1807,0.33,0.0111,-0.0028,0.0147,0,,,,,,,,,,,14,2.07,0.0,-0.2808,0.0714,0.0,1,1,1.0,9.0,9.0,-3.0,-3.0,12.0,1.0379,0.0,1.0,0.0,0,3,0,0,0,0,4.8,8.2,4.8,-3.4,2.73,0.0435,0.0,6.7,1.5,0.06,0.0,-0.06
00-0036425,DeeJay Dallas,RB,MIN,2026,3,3,0.0,1.0,0.0353,0.0617,0.67,0.032,-0.0066,0.0434,0,,,,,,,,,,,3,3.33,0.0,-0.2219,0.0,0.0,2,2,1.0,6.5,6.5,-1.5,-4.333,8.0,-0.6305,0.0,0.0,0.0,0,3,0,0,0,0,4.3,4.0,4.3,0.3,1.33,0.0244,0.0,1.1,2.9,0.0,0.0,0.0
00-0041096,Kaytron Allen,RB,WAS,2026,2,2,0.0,4.5,0.1406,0.1475,0.0,0.0,0.0,0.0,0,,,,,,,,,,,9,4.44,0.0,-0.2136,0.1111,0.0,0,0,,,,,,,,,,,0,3,0,0,0,1,4.0,6.3,4.0,-2.3,3.16,0.0371,0.0,6.3,0.0,0.39,0.0,-0.39
00-0037557,Ronnie Rivers,RB,LA,2026,1,1,0.0,5.0,0.1724,0.2,1.0,0.037,0.0078,0.061,0,,,,,,,,,,,5,3.8,0.0,-0.5476,0.2,0.0,1,1,1.0,5.0,5.0,2.0,2.5,3.0,0.4367,0.0,1.0,0.0,0,2,1,0,1,1,3.4,5.1,3.4,-1.7,5.14,0.0765,0.0,3.7,1.4,0.21,0.0,-0.21
00-0039391,Kimani Vidal,RB,LAC,2026,1,1,0.0,1.0,0.0357,0.0714,3.0,0.0909,0.0651,0.1819,0,,,,,,,,,,,1,6.0,0.0,0.5912,1.0,0.0,3,1,0.3333,4.67,14.0,6.33,0.737,17.0,-0.6584,0.0,0.3333,0.0,0,3,0,0,0,2,3.0,4.2,3.0,-1.2,4.18,0.0535,0.0,0.5,3.7,0.05,0.0,-0.05
00-0040238,LeQuint Allen Jr.,RB,JAX,2026,2,2,0.0,0.0,0.0,0.0364,1.5,0.0549,0.0177,0.0948,0,,,,,,,,,,,0,,,,,,3,2,0.6667,3.0,4.5,2.67,1.125,2.5,-0.947,0.0,0.0,0.0,0,3,0,0,0,1,2.9,6.2,2.9,-3.3,3.11,0.0446,0.0,0.0,6.2,0.46,0.0,-0.46
00-0040568,Lan Larison,RB,NE,2026,1,1,0.0,0.0,0.0,0.0645,2.0,0.0645,-0.0136,0.0873,0,,,,,,,,,,,0,,,,,,2,2,1.0,4.5,4.5,-1.5,-3.0,6.0,0.0382,0.0,0.5,0.0,0,1,0,0,0,0,2.9,2.9,2.9,0.0,2.86,0.041,0.0,0.0,2.9,0.0,0.0,0.0
00-0041436,DJ Herman,RB,MIA,2026,1,1,0.0,0.0,0.0,0.0345,3.0,0.1304,0.213,0.3448,0,,,,,,,,,,,0,,,,,,3,1,0.3333,6.0,18.0,12.0,0.5,11.0,0.1322,0.0,0.3333,0.3333,0,3,0,0,0,2,2.8,4.5,2.8,-1.7,4.46,0.0923,0.0,0.0,4.5,0.02,0.0,-0.02
00-0037120,Tyler Goodson,RB,DAL,2026,1,1,0.0,6.0,0.2,0.25,1.0,0.025,-0.0221,0.0221,0,,,,,,,,,,,6,3.67,0.0,-0.1766,0.1667,0.1667,1,1,1.0,-5.0,-5.0,-6.0,0.833,1.0,-1.0073,0.0,0.0,0.0,0,1,0,1,1,0,2.7,4.8,2.7,-2.1,4.78,0.051,0.0,3.3,1.4,0.07,0.0,-0.07
00-0041125,Seth McGowan,RB,IND,2026,3,3,0.0,2.0,0.0723,0.0854,0.33,0.0115,-0.0033,0.0149,0,,,,,,,,,,,6,2.33,0.0,-0.2317,0.1667,0.0,1,1,1.0,0.0,0.0,-2.0,-0.0,2.0,-1.7517,0.0,0.0,0.0,0,3,0,0,0,0,2.4,4.6,2.4,-2.2,1.54,0.0218,0.0,3.6,1.0,0.18,0.0,-0.18
00-0037157,Bam Knight,RB,ARI,2026,1,1,0.0,2.0,0.1176,0.0952,0.0,0.0,0.0,0.0,0,,,,,,,,,,,2,12.0,0.0,-0.5629,0.5,0.5,0,0,,,,,,,,,,,0,3,0,0,0,2,2.4,1.0,2.4,1.4,1.04,0.0205,0.0,1.0,0.0,0.01,0.0,-0.01
00-0041326,CJ Donaldson,RB,NO,2026,3,3,0.0,1.33,0.05,0.0588,0.67,0.0128,0.0035,0.0216,0,,,,,,,,,,,4,2.75,0.0,0.4333,0.75,0.0,2,1,0.5,-1.0,-2.0,2.5,-0.4,4.0,-0.6431,0.0,0.0,0.0,0,3,0,0,0,0,1.9,4.4,1.9,-2.5,1.46,0.0158,0.0,1.9,2.5,0.14,0.0,-0.14
00-0035594,Travis Homer,RB,PIT,2026,2,2,0.0,1.5,0.0652,0.0652,0.0,0.0,0.0,0.0,0,,,,,,,,,,,3,5.33,0.0,0.1474,0.3333,0.3333,0,0,,,,,,,,,,,0,2,0,0,0,0,1.6,1.8,1.6,-0.2,0.88,0.0134,0.0,1.8,0.0,0.08,0.0,-0.08
00-0038705,Emari Demercado,RB,DAL,2026,2,2,0.0,2.5,0.1282,0.1282,0.0,0.0,0.0,0.0,0,,,,,,,,,,,5,3.0,0.0,-0.2294,0.0,0.0,0,0,,,,,,,,,,,0,2,0,1,1,0,1.5,2.8,1.5,-1.3,1.4,0.0186,0.0,2.8,0.0,0.1,0.0,-0.1
00-0040177,Jordan James,RB,SF,2026,1,1,0.0,4.0,0.1481,0.16,0.0,0.0,0.0,0.0,0,,,,,,,,,,,4,3.75,0.0,-0.5358,0.25,0.0,0,0,,,,,,,,,,,0,2,0,1,1,1,1.5,1.9,1.5,-0.4,1.89,0.0267,0.0,1.9,0.0,0.02,0.0,-0.02
00-0036187,Reggie Gilliam,RB,NE,2026,1,1,0.0,0.0,0.0,0.0385,2.0,0.0952,-0.0051,0.1393,0,,,,,,,,,,,0,,,,,,2,1,0.5,2.0,4.0,-0.5,-4.0,4.0,-0.3091,0.0,0.0,0.0,0,3,0,0,0,2,1.4,2.9,1.4,-1.5,2.87,0.0601,0.0,0.0,2.9,0.01,0.0,-0.01
00-0040078,Brashard Smith,RB,KC,2026,1,1,0.0,0.0,0.0,0.037,1.0,0.0435,-0.0186,0.0522,0,,,,,,,,,,,0,,,,,,1,1,1.0,4.0,4.0,-3.0,-1.333,7.0,-0.1442,0.0,0.0,0.0,0,3,0,0,0,2,1.4,1.9,1.4,-0.5,1.91,0.0311,0.0,0.0,1.9,0.08,0.0,-0.08
00-0041104,Demond Claiborne,RB,MIN,2026,2,2,0.0,1.5,0.0588,0.0755,0.5,0.0263,-0.0223,0.0239,0,,,,,,,,,,,3,0.33,0.0,-0.7001,0.0,0.0,1,1,1.0,2.0,2.0,-7.0,-0.286,9.0,-0.7321,0.0,0.0,0.0,0,2,0,1,1,0,1.3,2.7,1.3,-1.4,1.34,0.0263,0.0,1.4,1.3,0.02,0.0,-0.02
00-0039874,Jaylen Wright,RB,MIA,2026,2,2,0.0,1.5,0.0638,0.0667,0.0,0.0,0.0,0.0,0,,,,,,,,,,,3,3.33,0.0,0.1187,0.3333,0.0,0,0,,,,,,,,,,,0,2,0,1,1,0,1.0,1.8,1.0,-0.8,0.88,0.0176,0.0,1.8,0.0,0.09,0.0,-0.09
00-0040886,Nicholas Singleton,RB,TEN,2026,1,1,0.0,4.0,0.1379,0.1429,0.0,0.0,0.0,0.0,0,,,,,,,,,,,4,2.5,0.0,-0.3068,0.0,0.0,0,0,,,,,,,,,,,0,2,0,1,1,1,1.0,1.9,1.0,-0.9,1.91,0.0313,0.0,1.9,0.0,0.03,0.0,-0.03
00-0038738,Hunter Luepke,RB,DAL,2026,2,2,0.0,1.0,0.0513,0.0513,0.0,0.0,0.0,0.0,0,,,,,,,,,,,2,4.0,0.0,0.1107,1.0,0.0,0,0,,,,,,,,,,,0,3,0,0,0,1,0.8,1.0,0.8,-0.2,0.51,0.0067,0.0,1.0,0.0,0.01,0.0,-0.01
00-0038794,Jaleel McLaughlin,RB,CLE,2026,1,1,0.0,1.0,0.0435,0.0476,1.0,0.0333,0.0093,0.0565,0,,,,,,,,,,,1,3.0,0.0,-0.1212,0.0,0.0,1,0,0.0,0.0,,1.0,0.0,,-0.4125,0.0,0.0,0.0,0,2,0,0,0,1,0.3,2.0,0.3,-1.7,1.96,0.0363,0.0,0.5,1.5,0.02,0.0,-0.02
00-0039471,Frank Gore Jr.,RB,BUF,2026,1,1,0.0,1.0,0.0476,0.0556,0.0,0.0,0.0,0.0,0,,,,,,,,,,,1,3.0,0.0,-0.0592,0.0,0.0,0,0,,,,,,,,,,,0,2,0,0,0,1,0.3,0.6,0.3,-0.3,0.55,0.0079,0.0,0.6,0.0,0.01,0.0,-0.01
00-0039875,Ray Davis,RB,BUF,2026,1,1,0.0,1.0,0.0476,0.0556,0.0,0.0,0.0,0.0,0,,,,,,,,,,,1,3.0,0.0,-0.1508,0.0,0.0,0,0,,,,,,,,,,,0,3,0,0,0,2,0.3,0.4,0.3,-0.1,0.43,0.0062,0.0,0.4,0.0,0.0,0.0,0.0
00-0038409,Lew Nichols III,RB,PIT,2026,1,1,0.0,1.0,0.0435,0.0455,0.0,0.0,0.0,0.0,0,,,,,,,,,,,1,0.0,0.0,-0.5114,0.0,0.0,0,0,,,,,,,,,,,0,1,0,0,0,0,0.0,0.8,0.0,-0.8,0.83,0.0127,0.0,0.8,0.0,0.1,0.0,-0.1
00-0033376,Patrick Ricard,RB,NYG,2026,1,1,0.0,0.0,0.0,0.0,1.0,0.0345,-0.0163,0.0403,0,,,,,,,,,,,0,,,,,,1,0,0.0,0.0,,-4.0,-0.0,,-0.4955,0.0,0.0,0.0,0,3,0,0,0,2,0.0,1.7,0.0,-1.7,1.68,0.0223,0.0,0.0,1.7,0.0,0.0,0.0
00-0039384,Tyrone Tracy Jr.,RB,NYG,2026,2,2,0.0,1.5,0.0429,0.0476,0.0,0.0,0.0,0.0,0,,,,,,,,,,,3,5.67,0.0,-0.6209,0.6667,0.0,0,0,,,,,,,,,,,1,3,0,0,0,1,-0.3,1.7,-0.3,-2.0,0.85,0.0134,0.0,1.7,0.0,0.04,0.0,-0.04
00-0037744,Trey McBride,TE,ARI,2026,3,3,0.0,0.0,0.0,,11.33,0.3187,0.2747,0.6703,0,,,,,,,,,,,0,,,,,,34,26,0.7647,6.21,8.12,5.35,1.159,2.65,0.417,0.0588,0.3529,0.0882,0,3,0,0,0,0,59.1,60.7,59.1,-1.6,20.22,0.2543,0.0,0.0,60.7,2.59,2.0,-0.59
00-0030506,Travis Kelce,TE,KC,2026,3,3,0.0,0.0,0.0,,6.0,0.1809,0.2123,0.42,0,,,,,,,,,,,0,,,,,,18,14,0.7778,12.83,16.5,6.56,1.958,11.07,0.9217,0.1111,0.6111,0.2778,0,3,0,0,0,0,49.1,30.3,49.1,18.8,10.1,0.1283,0.0,0.0,30.3,0.59,2.0,1.41
00-0036040,Juwan Johnson,TE,NO,2026,3,3,0.0,0.0,0.0,,6.33,0.1532,0.0864,0.2903,0,,,,,,,,,,,0,,,,,,19,15,0.7895,9.11,11.53,5.42,1.68,6.47,0.5194,0.1579,0.5263,0.2632,1,3,0,0,0,0,48.3,37.3,48.3,11.0,12.44,0.1346,0.0,0.0,37.3,2.26,3.0,0.74
00-0033288,George Kittle,TE,SF,2026,3,3,0.0,0.0,0.0,,5.33,0.2023,0.2388,0.4706,0,,,,,,,,,,,0,,,,,,16,12,0.75,10.88,14.5,8.88,1.225,6.42,0.6502,0.1875,0.5625,0.25,0,3,0,0,0,0,47.4,36.4,47.4,11.0,12.15,0.165,0.0,0.0,36.4,2.01,3.0,0.99
00-0038933,Dalton Kincaid,TE,BUF,2026,3,3,0.0,0.0,0.0,,5.67,0.2051,0.2496,0.4824,0,,,,,,,,,,,0,,,,,,17,14,0.8235,15.47,18.79,12.82,1.206,6.79,0.7717,0.0588,0.5882,0.4118,1,3,0,0,0,0,44.3,33.0,44.3,11.3,11.01,0.1447,0.0,0.0,33.0,0.65,1.0,0.35
00-0034383,Dalton Schultz,TE,HOU,2026,3,3,0.0,0.0,0.0,,8.33,0.2054,0.1268,0.3968,0,,,,,,,,,,,0,,,,,,25,19,0.76,8.2,10.79,6.28,1.306,4.89,0.1599,0.0,0.32,0.16,0,3,0,0,0,0,39.5,35.6,39.5,3.9,11.87,0.146,0.0,0.0,35.6,0.23,0.0,-0.23
00-0040128,Tyler Warren,TE,IND,2026,3,3,0.0,0.67,0.0241,,7.33,0.2305,0.0446,0.377,0,,,,,,,,,,,2,2.5,0.0,0.5315,1.0,0.0,22,18,0.8182,4.05,4.94,1.73,2.342,4.44,0.0602,0.0909,0.1818,0.0,0,3,0,0,0,0,39.4,36.0,39.4,3.4,12.0,0.1697,0.0,0.6,35.4,0.99,2.0,1.01
00-0037838,Isaiah Likely,TE,NYG,2026,3,3,0.0,0.0,0.0,,7.67,0.2755,0.1855,0.5431,0,,,,,,,,,,,0,,,,,,23,15,0.6522,5.39,8.27,5.78,0.932,1.53,0.4148,0.087,0.4348,0.0435,0,3,0,0,0,0,39.4,39.1,39.4,0.3,13.02,0.2045,0.0,0.0,39.1,1.18,2.0,0.82
00-0040663,Harold Fannin Jr.,TE,CLE,2026,3,3,0.0,0.0,0.0,,6.0,0.2121,0.234,0.482,0,,,,,,,,,,,0,,,,,,18,14,0.7778,7.0,9.0,6.06,1.156,5.29,0.51,0.1111,0.3889,0.0556,0,3,0,0,0,0,38.6,26.9,38.6,11.7,8.97,0.1609,0.0,0.0,26.9,0.95,2.0,1.05
00-0041032,Kenyon Sadiq,TE,NYJ,2026,3,3,0.0,0.33,0.0118,,4.67,0.1453,0.0914,0.282,0,,,,,,,,,,,1,3.0,1.0,1.24,1.0,0.0,14,12,0.8571,10.21,11.92,6.14,1.663,6.92,0.4633,0.0714,0.2857,0.1429,0,3,0,0,0,0,38.6,25.8,38.6,12.8,8.6,0.1194,0.0,3.5,22.3,0.9,2.0,1.1
00-0039065,Sam LaPorta,TE,DET,2026,3,3,0.0,0.0,0.0,,6.33,0.1728,0.1014,0.3302,0,,,,,,,,,,,0,,,,,,19,14,0.7368,7.58,10.29,3.63,2.087,5.29,0.5143,0.0526,0.3684,0.1579,0,3,0,0,0,0,34.4,38.5,34.4,-4.1,12.84,0.1457,0.0,0.0,38.5,2.05,1.0,-1.05
00-0031610,Darren Waller,TE,CAR,2026,3,3,0.0,0.0,0.0,,4.33,0.1143,0.0773,0.2256,0,,,,,,,,,,,0,,,,,,13,10,0.7692,8.62,11.2,6.92,1.244,4.4,0.3687,0.1538,0.6154,0.0769,0,3,0,0,0,0,33.2,23.3,33.2,9.9,7.76,0.0872,0.0,0.0,23.3,0.89,2.0,1.11
00-0035644,Noah Fant,TE,NO,2026,2,2,0.0,0.0,0.0,,6.0,0.1269,0.0706,0.2398,0,,,,,,,,,,,0,,,,,,12,8,0.6667,5.5,8.25,5.08,1.082,4.38,-0.3221,0.25,0.3333,0.0833,0,3,0,0,0,1,32.6,22.5,32.6,10.1,11.27,0.1108,0.0,0.0,22.5,1.03,3.0,1.97
00-0038041,Jake Ferguson,TE,DAL,2026,3,3,0.0,0.0,0.0,,3.67,0.1069,0.0608,0.2029,0,,,,,,,,,,,0,,,,,,11,9,0.8182,6.55,8.0,4.27,1.532,2.67,0.1473,0.2727,0.3636,0.0909,1,3,0,0,0,0,32.2,25.2,32.2,7.0,8.39,0.1029,0.0,0.0,25.2,1.79,3.0,1.21
00-0034829,Mike Gesicki,TE,CIN,2026,2,2,0.0,0.0,0.0,,5.0,0.1435,0.2012,0.356,0,,,,,,,,,,,0,,,,,,10,8,0.8,11.5,14.38,9.5,1.211,3.25,1.1937,0.2,0.6,0.4,0,3,0,0,0,1,31.5,22.0,31.5,9.5,11.02,0.1475,0.0,0.0,22.0,1.38,2.0,0.62
00-0036894,Pat Freiermuth,TE,PIT,2026,3,3,0.0,0.67,0.0299,,4.67,0.1331,0.1325,0.2924,0,,,,,,,,,,,2,1.5,0.0,1.2561,1.0,0.0,14,11,0.7857,7.71,9.82,8.43,0.915,5.27,0.2036,0.0714,0.3571,0.1429,0,3,0,0,0,0,28.1,24.2,28.1,3.9,8.07,0.1137,0.0,0.5,23.7,0.65,1.0,0.35
00-0039338,Brock Bowers,TE,LV,2026,1,1,0.0,0.0,0.0,,13.0,0.4333,0.3883,0.9218,0,,,,,,,,,,,0,,,,,,13,10,0.7692,8.92,11.6,8.15,1.094,2.8,0.6607,0.0769,0.5385,0.2308,0,1,0,2,2,0,27.6,23.8,27.6,3.8,23.81,0.295,0.0,0.0,23.8,1.09,1.0,-0.09
00-0039066,Michael Mayer,TE,LV,2026,3,3,0.0,0.0,0.0,,4.67,0.1598,0.0772,0.2937,0,,,,,,,,,,,0,,,,,,14,12,0.8571,6.21,7.25,4.14,1.5,4.67,0.3309,0.0714,0.5,0.0714,0,3,0,0,0,0,26.7,26.1,26.7,0.6,8.7,0.1167,0.0,0.0,26.1,1.02,1.0,-0.02
00-0034753,Mark Andrews,TE,BAL,2026,3,3,0.0,0.0,0.0,,6.0,0.2471,0.1788,0.4959,0,,,,,,,,,,,0,,,,,,18,13,0.7222,6.78,9.38,7.33,0.924,2.46,0.3015,0.0,0.3889,0.0556,0,3,0,0,0,0,25.2,29.2,25.2,-4.0,9.74,0.1327,0.0,0.0,29.2,0.11,0.0,-0.11
00-0034351,Dallas Goedert,TE,PHI,2026,2,2,0.0,0.0,0.0,,3.5,0.143,0.1224,0.3003,0,,,,,,,,,,,0,,,,,,7,5,0.7143,11.57,16.2,8.0,1.446,6.4,1.0972,0.2857,0.4286,0.2857,0,3,0,0,0,1,25.1,12.4,25.1,12.6,6.22,0.0905,0.0,0.0,12.4,0.42,2.0,1.58
00-0039793,AJ Barner,TE,SEA,2026,3,3,0.0,0.33,0.0125,,4.0,0.1073,0.0211,0.1757,0,,,,,,,,,,,1,1.0,1.0,2.4609,1.0,0.0,12,8,0.6667,7.5,11.25,1.42,5.294,10.38,-0.5818,0.0,0.3333,0.0833,0,3,0,0,0,0,23.1,23.8,23.1,-0.7,7.92,0.1041,0.0,3.1,20.6,1.49,1.0,-0.49
00-0038129,Cade Otton,TE,TB,2026,3,3,0.0,0.0,0.0,,5.67,0.1795,0.1618,0.3825,0,,,,,,,,,,,0,,,,,,17,11,0.6471,7.06,10.91,8.12,0.87,7.64,0.1176,0.0,0.3529,0.0588,0,3,0,0,0,0,23.0,26.6,23.0,-3.6,8.86,0.1291,0.0,0.0,26.6,0.33,0.0,-0.33
00-0035229,T.J. Hockenson,TE,MIN,2026,3,3,0.0,0.0,0.0,,4.33,0.196,0.1583,0.4048,0,,,,,,,,,,,0,,,,,,13,9,0.6923,5.85,8.44,7.15,0.817,3.56,0.4033,0.0769,0.3077,0.1538,0,3,0,0,0,0,22.6,22.0,22.6,0.6,7.33,0.134,0.0,0.0,22.0,0.47,1.0,0.53
00-0033110,Tyler Higbee,TE,LA,2026,2,2,0.0,0.0,0.0,,6.5,0.1493,0.0943,0.2899,0,,,,,,,,,,,0,,,,,,13,10,0.7692,5.69,7.4,6.69,0.851,2.3,-0.2211,0.0769,0.4615,0.0,1,3,0,0,0,1,21.4,21.4,21.4,0.0,10.68,0.1291,0.0,0.0,21.4,0.5,1.0,0.5
00-0038783,Nate Adkins,TE,DEN,2026,2,2,0.0,0.5,0.0189,,2.5,0.084,0.061,0.1687,0,,,,,,,,,,,1,6.0,0.0,0.3203,0.0,0.0,5,4,0.8,8.0,10.0,6.0,1.333,3.0,1.0555,0.4,0.8,0.2,0,3,0,0,0,1,20.6,12.3,20.6,8.3,6.17,0.0773,0.0,0.6,11.7,0.91,2.0,1.09
00-0038935,Brenton Strange,TE,JAX,2026,3,3,0.0,0.0,0.0,,3.33,0.1332,0.1249,0.2871,0,,,,,,,,,,,0,,,,,,10,7,0.7,7.2,10.29,8.3,0.867,3.86,-0.0482,0.1,0.3,0.1,0,3,0,0,0,0,20.2,19.6,20.2,0.6,6.54,0.0976,0.0,0.0,19.6,0.67,1.0,0.33
00-0038996,Tucker Kraft,TE,GB,2026,3,3,0.0,0.0,0.0,,5.67,0.1368,0.1043,0.2782,0,,,,,,,,,,,0,,,,,,17,9,0.5294,6.24,11.78,7.53,0.828,5.56,-0.0244,0.0,0.2353,0.1176,0,3,0,0,0,0,19.6,26.4,19.6,-6.8,8.81,0.1143,0.0,0.0,26.4,0.18,0.0,-0.18
00-0040737,Terrance Ferguson,TE,LA,2026,3,3,0.0,0.0,0.0,,4.0,0.126,0.0864,0.2494,0,,,,,,,,,,,0,,,,,,12,7,0.5833,5.25,9.0,6.58,0.797,5.43,-0.0255,0.0833,0.25,0.0833,0,3,0,0,0,0,19.3,20.2,19.3,-0.9,6.72,0.0843,0.0,0.0,20.2,0.62,1.0,0.38
00-0037805,Jeremy Ruckert,TE,NYJ,2026,3,3,0.0,0.0,0.0,,2.67,0.0793,0.0042,0.1219,0,,,,,,,,,,,0,,,,,,8,8,1.0,6.0,6.0,0.75,8.0,5.25,0.419,0.125,0.375,0.125,0,3,0,0,0,0,18.8,14.1,18.8,4.7,4.69,0.0651,0.0,0.0,14.1,0.56,1.0,0.44
00-0037252,Greg Dulcich,TE,MIA,2026,3,3,0.0,0.0,0.0,,4.0,0.1348,0.0691,0.2507,0,,,,,,,,,,,0,,,,,,12,9,0.75,7.5,10.0,5.67,1.324,6.0,0.2201,0.0,0.25,0.0833,0,3,0,0,0,0,18.0,21.0,18.0,-3.0,6.99,0.1146,0.0,0.0,21.0,0.55,0.0,-0.55
00-0034981,Foster Moreau,TE,HOU,2026,3,3,0.0,0.0,0.0,,2.67,0.0847,0.03,0.148,0,,,,,,,,,,,0,,,,,,8,6,0.75,7.0,9.33,4.25,1.647,5.17,0.3502,0.125,0.375,0.125,0,3,0,0,0,0,17.6,16.4,17.6,1.2,5.47,0.0673,0.0,0.0,16.4,1.01,1.0,-0.01
00-0033881,Evan Engram,TE,DEN,2026,3,3,0.0,0.0,0.0,,2.67,0.0947,0.0882,0.2038,0,,,,,,,,,,,0,,,,,,8,5,0.625,7.5,12.0,4.5,1.667,3.0,0.2216,0.125,0.5,0.25,0,3,0,0,0,0,17.0,12.1,17.0,4.9,4.02,0.0586,0.0,0.0,12.1,0.35,1.0,0.65
00-0038558,Darnell Washington,TE,PIT,2026,3,3,0.0,0.0,0.0,,2.67,0.079,0.0247,0.1359,0,,,,,,,,,,,0,,,,,,8,6,0.75,11.5,15.33,3.25,3.538,12.5,0.576,0.0,0.375,0.125,0,3,0,0,0,0,15.2,11.6,15.2,3.6,3.88,0.0546,0.0,0.0,11.6,0.03,0.0,-0.03
00-0040189,Oronde Gadsden II,TE,LAC,2026,3,3,0.0,0.0,0.0,,2.33,0.0806,0.0628,0.1649,0,,,,,,,,,,,0,,,,,,7,4,0.5714,7.14,12.5,7.57,0.943,6.25,-0.129,0.1429,0.2857,0.1429,0,3,0,0,0,0,15.0,11.6,15.0,3.4,3.88,0.0565,0.0,0.0,11.6,0.49,1.0,0.51
00-0033090,Hunter Henry,TE,NE,2026,3,3,0.0,0.0,0.0,,3.33,0.1338,0.1289,0.291,0,,,,,,,,,,,0,,,,,,10,7,0.7,7.1,10.14,8.4,0.845,5.29,-0.4156,0.0,0.2,0.1,0,3,0,0,0,0,14.1,17.7,14.1,-3.6,5.89,0.0937,0.0,0.0,17.7,0.23,0.0,-0.23
00-0037005,Tommy Tremble,TE,CAR,2026,3,3,0.0,0.0,0.0,,3.67,0.1016,0.0601,0.1945,0,,,,,,,,,,,0,,,,,,11,7,0.6364,6.36,10.0,6.09,1.045,5.71,0.0378,0.0,0.4545,0.0909,0,3,0,0,0,0,14.0,18.5,14.0,-4.5,6.18,0.0694,0.0,0.0,18.5,0.24,0.0,-0.24
00-0040584,Gunnar Helm,TE,TEN,2026,3,3,0.0,0.0,0.0,,3.67,0.1368,0.0698,0.2541,0,,,,,,,,,,,0,,,,,,11,8,0.7273,5.0,6.88,4.09,1.222,4.88,-0.2538,0.0,0.2727,0.0,0,3,0,0,0,0,13.5,16.3,13.5,-2.8,5.43,0.0906,0.0,0.0,16.3,0.59,0.0,-0.59
00-0032392,Austin Hooper,TE,ATL,2026,2,2,0.0,0.0,0.0,,3.0,0.108,0.0744,0.2141,0,,,,,,,,,,,0,,,,,,6,4,0.6667,5.17,7.75,3.83,1.348,4.0,0.9595,0.1667,0.5,0.0,0,3,0,0,0,1,13.1,10.1,13.1,3.0,5.04,0.0759,0.0,0.0,10.1,0.49,1.0,0.51
00-0033885,David Njoku,TE,LAC,2026,2,2,0.0,0.0,0.0,,4.0,0.1503,0.0978,0.2939,0,,,,,,,,,,,0,,,,,,8,6,0.75,8.38,11.17,6.62,1.264,6.33,-0.6326,0.0,0.375,0.0,0,2,1,0,1,0,12.7,12.1,12.7,0.6,6.04,0.0946,0.0,0.0,12.1,0.11,0.0,-0.11
00-0040879,Matthew Hibner,TE,BAL,2026,2,2,0.0,0.0,0.0,,1.5,0.0708,0.0157,0.1172,0,,,,,,,,,,,0,,,,,,3,3,1.0,12.0,12.0,2.0,6.0,10.0,1.3834,0.3333,1.0,0.3333,0,3,0,0,0,1,12.6,7.8,12.6,4.8,3.9,0.0516,0.0,0.0,7.8,0.68,1.0,0.32
00-0035689,Dawson Knox,TE,BUF,2026,3,3,0.0,0.33,0.0111,,1.33,0.0485,0.0098,0.0796,0,,,,,,,,,,,1,0.0,0.0,-1.7876,0.0,0.0,4,4,1.0,4.25,4.25,2.0,2.125,2.25,0.4954,0.25,0.5,0.0,0,3,0,0,0,0,11.7,9.9,11.7,1.8,3.29,0.0432,0.0,0.4,9.5,0.68,1.0,0.32
00-0036290,Cole Kmet,TE,CHI,2026,2,2,0.0,0.0,0.0,,2.0,0.0744,0.0975,0.1798,0,,,,,,,,,,,0,,,,,,4,2,0.5,8.75,17.5,14.0,0.625,4.0,0.5961,0.25,0.5,0.25,0,3,0,0,0,1,11.5,8.5,11.5,3.0,4.25,0.049,0.0,0.0,8.5,0.39,1.0,0.61
00-0041395,Eli Raridon,TE,NE,2026,2,2,0.0,0.0,0.0,,1.0,0.0399,0.0683,0.1077,0,,,,,,,,,,,0,,,,,,2,2,1.0,16.0,16.0,13.5,1.185,2.5,1.5065,0.5,1.0,0.5,0,2,0,1,1,0,11.2,5.7,11.2,5.5,2.85,0.0486,0.0,0.0,5.7,0.65,1.0,0.35
00-0038710,Blake Whiteheart,TE,CLE,2026,2,2,0.0,0.0,0.0,,1.5,0.0561,0.0409,0.1127,0,,,,,,,,,,,0,,,,,,3,2,0.6667,10.33,15.5,4.0,2.583,11.0,1.1866,0.3333,0.6667,0.3333,0,3,0,0,0,1,11.1,4.5,11.1,6.6,2.25,0.0456,0.0,0.0,4.5,0.03,1.0,0.97
00-0040187,Mitchell Evans,TE,CAR,2026,3,3,0.0,0.0,0.0,,2.0,0.0538,0.0199,0.0947,0,,,,,,,,,,,0,,,,,,6,5,0.8333,9.67,11.6,4.17,2.32,7.4,0.333,0.0,0.3333,0.1667,0,3,0,0,0,0,10.8,12.0,10.8,-1.2,3.99,0.0449,0.0,0.0,12.0,0.63,0.0,-0.63
00-0033858,Jonnu Smith,TE,GB,2026,2,2,0.0,0.0,0.0,,3.0,0.0669,0.0498,0.1352,0,,,,,,,,,,,0,,,,,,6,4,0.6667,11.0,16.5,7.17,1.535,8.5,0.0651,0.0,0.3333,0.1667,0,3,0,0,0,1,10.6,9.5,10.6,1.1,4.74,0.0542,0.0,0.0,9.5,0.14,0.0,-0.14
00-0036637,Noah Gray,TE,KC,2026,3,3,0.0,0.0,0.0,,1.67,0.0646,0.0721,0.1473,0,,,,,,,,,,,0,,,,,,5,4,0.8,8.8,11.0,7.6,1.158,4.25,0.3928,0.0,0.4,0.2,0,3,0,0,0,0,8.4,9.4,8.4,-1.0,3.12,0.0396,0.0,0.0,9.4,0.21,0.0,-0.21
00-0033576,Eric Saubert,TE,SEA,2026,2,2,0.0,0.0,0.0,,1.5,0.0415,-0.0117,0.054,0,,,,,,,,,,,0,,,,,,3,2,0.6667,1.0,1.5,-1.33,-0.75,4.5,-0.0599,0.3333,0.3333,0.0,0,3,0,0,0,1,8.3,4.0,8.3,4.3,1.98,0.0221,0.0,0.0,4.0,0.15,1.0,0.85
00-0039074,Davis Allen,TE,LA,2026,3,3,0.0,0.0,0.0,,1.67,0.0439,0.0151,0.0764,0,,,,,,,,,,,0,,,,,,5,4,0.8,7.8,9.75,4.6,1.696,8.5,0.6028,0.0,0.6,0.0,0,3,0,0,0,0,7.9,7.3,7.9,0.6,2.45,0.0307,0.0,0.0,7.3,0.03,0.0,-0.03
00-0035249,Josh Oliver,TE,MIN,2026,2,2,0.0,0.0,0.0,,2.5,0.1133,0.0529,0.2069,0,,,,,,,,,,,0,,,,,,5,3,0.6,9.2,15.33,3.6,2.556,8.0,0.3157,0.0,0.4,0.2,0,3,0,0,0,1,7.6,7.2,7.6,0.4,3.62,0.068,0.0,0.0,7.2,0.02,0.0,-0.02
00-0039530,Brevyn Spann-Ford,TE,DAL,2026,2,2,0.0,0.0,0.0,,1.5,0.0458,0.0134,0.0781,0,,,,,,,,,,,0,,,,,,3,3,1.0,11.0,11.0,2.67,4.125,8.33,0.585,0.0,0.3333,0.3333,0,3,0,0,0,1,6.3,4.0,6.3,2.3,1.99,0.0238,0.0,0.0,4.0,0.0,0.0,0.0
00-0035631,Drew Sample,TE,CIN,2026,2,2,0.0,0.0,0.0,,2.5,0.0711,0.0058,0.1108,0,,,,,,,,,,,0,,,,,,5,4,0.8,3.8,4.75,0.6,6.333,5.5,-0.0285,0.0,0.2,0.0,0,3,0,0,0,1,5.9,8.2,5.9,-2.3,4.08,0.0547,0.0,0.0,8.2,0.12,0.0,-0.12
00-0038115,Daniel Bellinger,TE,TEN,2026,3,3,0.0,0.0,0.0,,1.33,0.0506,0.0098,0.0827,0,,,,,,,,,,,0,,,,,,4,3,0.75,5.75,7.67,1.0,5.75,7.67,-0.2727,0.0,0.0,0.0,0,3,0,0,0,0,5.3,5.4,5.3,-0.1,1.8,0.03,0.0,0.0,5.4,0.01,0.0,-0.01
00-0036628,John Bates,TE,WAS,2026,2,2,0.0,0.0,0.0,,2.0,0.0684,0.0135,0.112,0,,,,,,,,,,,0,,,,,,4,3,0.75,5.5,7.33,2.0,2.75,7.33,-0.2205,0.0,0.0,0.0,0,3,0,0,0,1,5.2,8.1,5.2,-2.9,4.05,0.0572,0.0,0.0,8.1,0.32,0.0,-0.32
00-0036244,Colby Parkinson,TE,LA,2026,3,3,0.0,0.0,0.0,,1.67,0.0537,0.0107,0.0881,0,,,,,,,,,,,0,,,,,,5,3,0.6,4.2,7.0,1.8,2.333,7.33,0.1278,0.0,0.2,0.0,0,3,0,0,0,0,5.1,11.5,5.1,-6.4,3.83,0.048,0.0,0.0,11.5,0.77,0.0,-0.77
00-0038046,Charlie Kolar,TE,LAC,2026,1,1,0.0,0.0,0.0,,3.0,0.1154,0.0409,0.2017,0,,,,,,,,,,,0,,,,,,3,3,1.0,7.0,7.0,3.67,1.909,3.33,0.4208,0.0,0.3333,0.0,0,2,0,1,1,1,5.1,4.4,5.1,0.7,4.43,0.0732,0.0,0.0,4.4,0.01,0.0,-0.01
00-0039041,Elijah Higgins,TE,ARI,2026,1,1,0.0,0.0,0.0,,3.0,0.06,0.0252,0.1076,0,,,,,,,,,,,0,,,,,,3,3,1.0,6.67,6.67,2.67,2.5,4.0,0.4864,0.0,0.3333,0.0,0,3,0,0,0,2,5.0,4.5,5.0,0.5,4.48,0.0412,0.0,0.0,4.5,0.0,0.0,0.0
00-0034613,Tanner Hudson,TE,CIN,2026,2,2,0.0,0.0,0.0,,1.5,0.0417,0.0262,0.081,0,,,,,,,,,,,0,,,,,,3,3,1.0,5.67,5.67,4.33,1.308,1.33,0.0016,0.0,0.0,0.0,0,2,0,0,0,0,4.7,4.3,4.7,0.3,2.17,0.0291,0.0,0.0,4.3,0.03,0.0,-0.03
00-0036754,Brock Wright,TE,DET,2026,2,2,0.0,0.0,0.0,,1.5,0.0451,0.0152,0.0783,0,,,,,,,,,,,0,,,,,,3,3,1.0,4.0,4.0,2.0,2.0,2.0,0.108,0.0,0.3333,0.0,0,3,0,0,0,1,4.2,4.7,4.2,-0.5,2.34,0.0253,0.0,0.0,4.7,0.0,0.0,0.0
00-0038547,Luke Schoonmaker,TE,DAL,2026,2,2,0.0,0.0,0.0,,1.0,0.0292,0.0304,0.0651,0,,,,,,,,,,,0,,,,,,2,2,1.0,10.5,10.5,9.0,1.167,1.5,0.836,0.0,0.0,0.0,0,3,0,0,0,1,4.1,3.5,4.1,0.6,1.77,0.0212,0.0,0.0,3.5,0.01,0.0,-0.01
00-0036970,Kyle Pitts,TE,ATL,2026,3,3,0.0,0.0,0.0,,2.0,0.0788,0.185,0.2477,0,,,,,,,,,,,0,,,,,,6,2,0.3333,3.33,10.0,10.0,0.333,2.0,-1.6246,0.0,0.1667,0.0,0,3,0,0,0,0,4.0,9.1,4.0,-5.1,3.04,0.051,0.0,0.0,9.1,0.02,0.0,-0.02
00-0036887,Luke Farrell,TE,SF,2026,2,2,0.0,0.0,0.0,,1.5,0.0486,0.0543,0.111,0,,,,,,,,,,,0,,,,,,3,2,0.6667,6.33,9.5,9.67,0.655,8.0,0.3221,0.0,0.3333,0.0,0,3,0,0,0,1,3.9,5.1,3.9,-1.2,2.55,0.034,0.0,0.0,5.1,0.02,0.0,-0.02
00-0039686,Colson Yankoff,TE,WAS,2026,2,2,0.0,0.0,0.0,,1.5,0.048,-0.0005,0.0717,0,,,,,,,,,,,0,,,,,,3,2,0.6667,5.33,8.0,0.33,16.0,7.0,-0.3088,0.0,0.3333,0.0,0,3,0,0,0,1,3.6,3.8,3.6,-0.2,1.89,0.0251,0.0,0.0,3.8,0.0,0.0,0.0
00-0037809,Chig Okonkwo,TE,WAS,2026,1,1,0.0,0.0,0.0,,3.0,0.1034,0.123,0.2413,0,,,,,,,,,,,0,,,,,,3,2,0.6667,5.33,8.0,13.0,0.41,1.0,0.3094,0.0,0.3333,0.0,0,1,0,2,2,0,3.6,5.1,3.6,-1.5,5.09,0.063,0.0,0.0,5.1,0.05,0.0,-0.05
00-0037755,Jelani Woods,TE,NYJ,2026,1,1,0.0,0.0,0.0,,1.0,0.0278,0.059,0.083,0,,,,,,,,,,,0,,,,,,1,1,1.0,20.0,20.0,19.0,1.053,1.0,1.2639,0.0,1.0,1.0,0,3,0,0,0,2,3.0,2.1,3.0,0.9,2.12,0.0268,0.0,0.0,2.1,0.02,0.0,-0.02
00-0036422,Adam Trautman,TE,DEN,2026,1,1,0.0,0.0,0.0,,3.0,0.1111,-0.0109,0.1591,0,,,,,,,,,,,0,,,,,,3,2,0.6667,3.33,5.0,-0.33,-10.0,4.0,-0.2217,0.0,0.0,0.0,0,3,0,0,0,2,3.0,3.8,3.0,-0.8,3.83,0.0836,0.0,0.0,3.8,0.01,0.0,-0.01
00-0033246,Johnny Mundt,TE,PHI,2026,1,1,0.0,0.0,0.0,,3.0,0.0882,0.0274,0.1515,0,,,,,,,,,,,0,,,,,,3,2,0.6667,2.67,4.0,2.67,1.0,1.5,-0.5875,0.0,0.0,0.0,0,3,0,0,0,2,2.8,4.3,2.8,-1.5,4.27,0.052,0.0,0.0,4.3,0.0,0.0,0.0
00-0040739,Elijah Arroyo,TE,SEA,2026,1,1,0.0,0.0,0.0,,1.0,0.0385,0.0617,0.1009,0,,,,,,,,,,,0,,,,,,1,1,1.0,17.0,17.0,14.0,1.214,3.0,1.3632,0.0,1.0,1.0,0,3,0,0,0,2,2.7,1.5,2.7,1.2,1.52,0.0176,0.0,0.0,1.5,0.01,0.0,-0.01
00-0033217,Mo Alie-Cox,TE,IND,2026,1,1,0.0,0.0,0.0,,1.0,0.0286,0.0,0.0429,0,,,,,,,,,,,0,,,,,,1,1,1.0,16.0,16.0,0.0,,16.0,0.9842,0.0,1.0,1.0,0,3,0,0,0,2,2.6,1.4,2.6,1.2,1.43,0.0183,0.0,0.0,1.4,0.0,0.0,0.0
00-0041472,Marlin Klein,TE,HOU,2026,1,1,0.0,0.0,0.0,,1.0,0.027,0.0435,0.071,0,,,,,,,,,,,0,,,,,,1,1,1.0,16.0,16.0,14.0,1.143,2.0,1.0455,0.0,1.0,1.0,0,3,0,0,0,2,2.6,2.0,2.6,0.6,2.0,0.0231,0.0,0.0,2.0,0.0,0.0,0.0
00-0039814,Erick All,TE,CIN,2026,1,1,0.0,0.0,0.0,,3.0,0.0968,-0.0058,0.1411,0,,,,,,,,,,,0,,,,,,3,2,0.6667,1.67,2.5,-0.33,-5.0,2.5,-0.3226,0.0,0.0,0.0,0,3,0,0,0,2,2.5,4.7,2.5,-2.2,4.73,0.0793,0.0,0.0,4.7,0.03,0.0,-0.03
00-0040887,Josh Cuevas,TE,BAL,2026,1,1,0.0,0.0,0.0,,1.0,0.05,0.0166,0.0866,0,,,,,,,,,,,0,,,,,,1,1,1.0,14.0,14.0,3.0,4.667,11.0,1.1877,0.0,1.0,0.0,0,3,0,0,0,2,2.4,1.4,2.4,1.0,1.41,0.0185,0.0,0.0,1.4,0.01,0.0,-0.01
00-0034365,Ian Thomas,TE,LV,2026,1,1,0.0,0.0,0.0,,1.0,0.0345,0.0035,0.0542,0,,,,,,,,,,,0,,,,,,1,1,1.0,11.0,11.0,1.0,11.0,10.0,0.7218,0.0,1.0,0.0,0,3,0,0,0,2,2.1,1.4,2.1,0.7,1.42,0.0203,0.0,0.0,1.4,0.0,0.0,0.0
00-0040081,Jake Briningstool,TE,KC,2026,2,2,0.0,0.0,0.0,,1.0,0.0417,0.0337,0.0862,0,,,,,,,,,,,0,,,,,,2,1,0.5,4.5,9.0,5.0,0.9,5.0,0.1061,0.0,0.0,0.0,0,3,0,0,0,1,1.9,3.4,1.9,-1.5,1.68,0.026,0.0,0.0,3.4,0.01,0.0,-0.01
00-0041503,Nate Boerkircher,TE,JAX,2026,2,2,0.0,0.0,0.0,,1.0,0.0423,0.0152,0.0742,0,,,,,,,,,,,0,,,,,,2,1,0.5,4.5,9.0,3.0,1.5,7.0,0.2456,0.0,0.0,0.0,0,3,0,0,0,1,1.9,4.0,1.9,-2.1,2.02,0.0298,0.0,0.0,4.0,0.2,0.0,-0.2
00-0039847,Theo Johnson,TE,NYG,2026,2,2,0.0,0.0,0.0,,2.5,0.0797,0.0847,0.1789,0,,,,,,,,,,,0,,,,,,5,1,0.2,1.8,9.0,11.4,0.158,7.0,-0.5118,0.0,0.0,0.0,0,3,0,0,0,1,1.9,9.6,1.9,-7.7,4.79,0.0687,0.0,0.0,9.6,0.44,0.0,-0.44
00-0041558,Sam Roush,TE,CHI,2026,1,1,0.0,0.0,0.0,,3.0,0.1,0.0847,0.2093,0,,,,,,,,,,,0,,,,,,3,1,0.3333,3.0,9.0,5.33,0.562,12.0,-0.06,0.0,0.0,0.0,0,3,0,0,0,2,1.9,5.8,1.9,-3.9,5.79,0.0725,0.0,0.0,5.8,0.23,0.0,-0.23
00-0041041,Oscar Delp,TE,NO,2026,1,1,0.0,0.0,0.0,,1.0,0.0312,0.0329,0.0699,0,,,,,,,,,,,0,,,,,,1,1,1.0,8.0,8.0,7.0,1.143,1.0,0.6398,0.0,0.0,0.0,0,2,0,1,1,1,1.8,1.7,1.8,0.1,1.67,0.0226,0.0,0.0,1.7,0.0,0.0,0.0
00-0040736,Mason Taylor,TE,NYJ,2026,1,1,0.0,0.0,0.0,,3.0,0.1304,0.006,0.1998,0,,,,,,,,,,,0,,,,,,3,2,0.6667,-0.67,-1.0,0.33,-2.0,0.0,-0.7941,0.0,0.0,0.0,0,2,0,1,1,1,1.8,4.7,1.8,-2.9,4.67,0.0754,0.0,0.0,4.7,0.02,0.0,-0.02
00-0036590,Quintin Morris,TE,JAX,2026,2,2,0.0,0.0,0.0,,1.0,0.0417,0.0091,0.0689,0,,,,,,,,,,,0,,,,,,2,1,0.5,3.5,7.0,2.5,1.4,4.0,-0.0068,0.0,0.0,0.0,0,3,0,0,0,1,1.7,2.7,1.7,-1.0,1.36,0.0215,0.0,0.0,2.7,0.01,0.0,-0.01
00-0039912,Ben Sinnott,TE,WAS,2026,2,2,0.0,0.0,0.0,,1.0,0.0314,0.0197,0.0608,0,,,,,,,,,,,0,,,,,,2,1,0.5,3.0,6.0,5.5,0.545,2.0,0.0266,0.0,0.0,0.0,0,3,0,0,0,1,1.6,3.3,1.6,-1.7,1.65,0.022,0.0,0.0,3.3,0.0,0.0,0.0
00-0037004,Hunter Long,TE,ARI,2026,1,1,0.0,0.0,0.0,,1.0,0.02,0.0157,0.041,0,,,,,,,,,,,0,,,,,,1,1,1.0,5.0,5.0,5.0,1.0,0.0,-0.1768,0.0,0.0,0.0,0,3,0,0,0,2,1.5,1.5,1.5,-0.0,1.51,0.0139,0.0,0.0,1.5,0.0,0.0,0.0
00-0034798,Durham Smythe,TE,BAL,2026,2,2,0.0,0.0,0.0,,1.0,0.0381,0.0028,0.059,0,,,,,,,,,,,0,,,,,,2,1,0.5,2.0,4.0,0.5,4.0,0.0,-0.3745,0.0,0.0,0.0,0,3,0,0,0,1,1.4,4.2,1.4,-2.8,2.11,0.0293,0.0,0.0,4.2,0.33,0.0,-0.33
00-0041524,Will Kacmarek,TE,MIA,2026,2,2,0.0,0.0,0.0,,1.0,0.0403,0.0156,0.0713,0,,,,,,,,,,,0,,,,,,2,1,0.5,2.0,4.0,4.0,0.5,2.0,-0.6817,0.0,0.0,0.0,0,3,0,0,0,1,1.4,2.8,1.4,-1.4,1.4,0.028,0.0,0.0,2.8,0.0,0.0,0.0
00-0040126,Colston Loveland,TE,CHI,2026,2,2,0.0,0.0,0.0,,2.5,0.0885,0.0814,0.1897,0,,,,,,,,,,,0,,,,,,5,1,0.2,0.6,3.0,8.6,0.07,-1.0,-0.5047,0.0,0.0,0.0,0,3,0,0,0,1,1.3,12.3,1.3,-11.0,6.13,0.0707,0.0,0.0,12.3,0.87,0.0,-0.87
00-0033757,Robert Tonyan,TE,PIT,2026,1,1,0.0,0.0,0.0,,1.0,0.0323,0.0,0.0484,0,,,,,,,,,,,0,,,,,,1,1,1.0,2.0,2.0,0.0,,2.0,-0.4375,0.0,0.0,0.0,0,3,0,0,0,2,1.2,1.5,1.2,-0.3,1.46,0.0223,0.0,0.0,1.5,0.05,0.0,-0.05
00-0039359,Cade Stover,TE,HOU,2026,1,1,0.0,0.0,0.0,,1.0,0.027,-0.0062,0.0362,0,,,,,,,,,,,0,,,,,,1,1,1.0,-2.0,-2.0,-2.0,1.0,0.0,-0.9366,0.0,0.0,0.0,0,3,0,0,0,2,0.8,1.1,0.8,-0.3,1.07,0.0123,0.0,0.0,1.1,0.01,0.0,-0.01
00-0037292,Andrew Ogletree,TE,IND,2026,2,2,0.0,0.0,0.0,,1.0,0.0339,0.0198,0.0647,0,,,,,,,,,,,0,,,,,,2,0,0.0,0.0,,3.5,0.0,,-0.5832,0.0,0.0,0.0,0,3,0,0,0,1,0.0,3.0,0.0,-3.0,1.5,0.0224,0.0,0.0,3.0,0.0,0.0,0.0
00-0039050,Payne Durham,TE,TB,2026,1,1,0.0,0.0,0.0,,1.0,0.0286,0.0102,0.05,0,,,,,,,,,,,0,,,,,,1,0,0.0,0.0,,4.0,0.0,,-0.9556,0.0,0.0,0.0,0,3,0,0,0,2,0.0,1.4,0.0,-1.4,1.43,0.0211,0.0,0.0,1.4,0.0,0.0,0.0
00-0036429,Charlie Woerner,TE,ATL,2026,1,1,0.0,0.0,0.0,,1.0,0.0323,0.0063,0.0528,0,,,,,,,,,,,0,,,,,,1,0,0.0,0.0,,1.0,0.0,,-0.5515,0.0,0.0,0.0,0,3,0,0,0,2,0.0,1.4,0.0,-1.4,1.36,0.0218,0.0,0.0,1.4,0.0,0.0,0.0
00-0040194,Jackson Hawes,TE,BUF,2026,1,1,0.0,0.0,0.0,,1.0,0.0385,0.1353,0.1524,0,,,,,,,,,,,0,,,,,,1,0,0.0,0.0,,36.0,0.0,,-0.8577,0.0,0.0,0.0,0,3,0,0,0,2,0.0,2.5,0.0,-2.5,2.47,0.0357,0.0,0.0,2.5,0.06,0.0,-0.06
00-0038543,Jaxon Smith-Njigba,WR,SEA,2026,3,3,0.33,0.0,0.0,,12.0,0.3975,0.5157,0.9573,1,1.0,14.0,0.0,0.0,0.0,0.9251,45.294,-2.0,1.0,0.0,0,,,,,,36,27,0.75,11.25,15.0,9.67,1.164,4.48,0.8049,0.1667,0.6111,0.1667,0,3,0,0,0,0,104.1,66.7,104.1,37.4,22.23,0.2921,0.1,0.0,66.6,2.96,6.0,3.04
00-0036963,Amon-Ra St. Brown,WR,DET,2026,3,3,0.0,0.0,0.0,,11.67,0.3197,0.3576,0.7299,0,,,,,,,,,,,0,,,,,,35,23,0.6571,6.51,9.91,7.86,0.829,3.17,0.2893,0.1429,0.3714,0.1714,0,3,0,0,0,0,75.8,66.9,75.8,8.9,22.29,0.2529,0.0,0.0,66.9,2.69,5.0,2.31
00-0036358,CeeDee Lamb,WR,DAL,2026,3,3,0.0,0.33,0.0145,,8.33,0.2523,0.387,0.6494,0,,,,,,,,,,,1,0.0,0.0,-0.8376,0.0,0.0,25,20,0.8,12.36,15.45,12.44,0.994,4.3,1.1211,0.12,0.68,0.2,0,3,0,0,0,0,70.9,51.4,70.9,19.5,17.15,0.2105,0.0,0.7,50.7,1.91,3.0,1.09
00-0037239,Chris Olave,WR,NO,2026,3,3,0.0,0.0,0.0,,12.0,0.2958,0.4679,0.7713,0,,,,,,,,,,,0,,,,,,36,27,0.75,10.42,13.89,13.11,0.794,3.0,0.774,0.0278,0.5556,0.2222,0,3,0,0,0,0,70.5,64.4,70.5,6.1,21.46,0.2321,0.0,0.0,64.4,1.91,1.0,-0.91
00-0038124,Christian Watson,WR,GB,2026,3,3,0.0,0.0,0.0,,9.67,0.2585,0.3004,0.5979,0,,,,,,,,,,,0,,,,,,29,17,0.5862,9.79,16.71,10.48,0.934,6.12,0.176,0.1379,0.4138,0.2069,0,3,0,0,0,0,69.4,55.6,69.4,13.8,18.53,0.2404,0.0,0.0,55.6,2.49,4.0,1.51
00-0031381,Davante Adams,WR,LA,2026,3,3,0.0,0.0,0.0,,9.67,0.2736,0.4435,0.7209,0,,,,,,,,,,,0,,,,,,29,18,0.6207,12.34,19.89,17.17,0.719,5.89,0.5206,0.069,0.4138,0.3103,0,3,0,0,0,0,65.8,51.3,65.8,14.5,17.1,0.2144,0.0,0.0,51.3,1.15,2.0,0.85
00-0037740,Garrett Wilson,WR,NYJ,2026,3,3,0.0,0.0,0.0,,9.0,0.2866,0.389,0.7023,0,,,,,,,,,,,0,,,,,,27,21,0.7778,9.0,11.57,10.52,0.856,1.86,0.5361,0.0741,0.4815,0.2222,0,3,0,0,0,0,57.3,47.3,57.3,10.0,15.78,0.2191,0.0,0.0,47.3,0.78,2.0,1.22
00-0036900,Ja'Marr Chase,WR,CIN,2026,3,3,0.0,0.0,0.0,,8.33,0.2441,0.3336,0.5997,0,,,,,,,,,,,0,,,,,,25,18,0.72,7.4,10.28,8.56,0.864,2.5,0.4264,0.12,0.4,0.2,0,3,0,0,0,0,54.5,44.9,54.5,9.6,14.97,0.2149,0.0,0.0,44.9,1.5,3.0,1.5
00-0039491,Jalen Coker,WR,CAR,2026,3,3,0.0,0.0,0.0,,7.33,0.2137,0.2246,0.4778,0,,,,,,,,,,,0,,,,,,22,18,0.8182,10.09,12.33,11.45,0.881,3.61,0.5755,0.0909,0.4545,0.1818,0,3,0,0,0,0,52.2,41.9,52.2,10.3,13.96,0.1569,0.0,0.0,41.9,1.71,2.0,0.29
00-0038606,Parker Washington,WR,JAX,2026,3,3,0.0,0.0,0.0,,7.67,0.2998,0.4285,0.7497,0,,,,,,,,,,,0,,,,,,23,15,0.6522,9.61,14.73,14.3,0.672,0.87,0.5668,0.087,0.3913,0.3043,0,3,0,0,0,0,49.1,44.4,49.1,4.7,14.8,0.2209,0.0,0.0,44.4,1.87,2.0,0.13
00-0040667,Matthew Golden,WR,GB,2026,3,3,0.0,0.0,0.0,,10.0,0.2474,0.39,0.6441,0,,,,,,,,,,,0,,,,,,30,15,0.5,8.43,16.87,13.87,0.608,6.47,0.2223,0.0333,0.4,0.2,0,3,0,0,0,0,46.3,50.1,46.3,-3.9,16.72,0.2169,0.0,0.0,50.1,1.74,1.0,-0.74
00-0036322,Justin Jefferson,WR,MIN,2026,3,3,0.0,0.0,0.0,,5.67,0.2624,0.3685,0.6515,0,,,,,,,,,,,0,,,,,,17,13,0.7647,10.53,13.77,11.12,0.947,4.0,0.9248,0.1176,0.4706,0.2941,0,3,0,0,0,0,44.9,32.2,44.9,12.7,10.72,0.1958,0.0,0.0,32.2,0.98,2.0,1.02
00-0031588,Stefon Diggs,WR,WAS,2026,3,3,0.0,0.0,0.0,,7.33,0.24,0.1985,0.499,0,,,,,,,,,,,0,,,,,,22,13,0.5909,6.14,10.38,8.55,0.718,3.38,0.3783,0.1364,0.4545,0.0909,0,3,0,0,0,0,44.5,36.2,44.5,8.3,12.05,0.1566,0.0,0.0,36.2,1.21,3.0,1.79
00-0036410,Tee Higgins,WR,CIN,2026,3,3,0.0,0.0,0.0,,7.67,0.2294,0.4702,0.6732,0,,,,,,,,,,,0,,,,,,23,14,0.6087,10.61,17.43,13.13,0.808,4.71,0.7688,0.0435,0.5217,0.3478,0,3,0,0,0,0,44.4,38.9,44.4,5.5,12.97,0.1862,0.0,0.0,38.9,0.48,1.0,0.52
00-0037238,Drake London,WR,ATL,2026,3,3,0.0,0.67,0.0192,,6.33,0.2689,0.3605,0.6556,0,,,,,,,,,,,2,2.0,0.0,-1.751,0.0,0.0,19,15,0.7895,14.42,18.27,7.47,1.93,10.13,0.8568,0.0,0.5263,0.4211,0,3,0,0,0,0,42.8,31.8,42.8,11.0,10.59,0.1781,0.0,1.5,30.3,0.22,0.0,-0.22
00-0041037,Denzel Boston,WR,CLE,2026,3,3,0.0,0.0,0.0,,5.0,0.1828,0.4507,0.5897,0,,,,,,,,,,,0,,,,,,15,9,0.6,13.0,21.67,15.0,0.867,7.67,0.9156,0.1333,0.4667,0.2,0,3,0,0,0,0,42.5,26.8,42.5,15.7,8.92,0.16,0.0,0.0,26.8,1.09,2.0,0.91
00-0039064,Zay Flowers,WR,BAL,2026,2,2,0.0,0.5,0.0133,,6.0,0.275,0.3211,0.6373,0,,,,,,,,,,,1,20.0,0.0,1.6493,1.0,1.0,12,10,0.8333,19.5,23.4,12.17,1.603,11.7,1.6391,0.0833,0.8333,0.5,0,2,0,1,1,0,41.4,23.7,41.4,17.7,11.87,0.1572,0.0,1.0,22.8,0.45,1.0,0.55
00-0038559,Michael Wilson,WR,ARI,2026,3,3,0.0,0.0,0.0,,10.33,0.2661,0.4205,0.6935,0,,,,,,,,,,,0,,,,,,31,18,0.5806,5.26,9.06,9.52,0.553,2.33,0.091,0.0323,0.3548,0.0968,0,3,0,0,0,0,40.3,53.0,40.3,-12.7,17.67,0.2221,0.0,0.0,53.0,1.99,1.0,-0.99
00-0035719,Deebo Samuel Sr.,WR,SF,2026,3,3,0.0,1.33,0.05,,3.67,0.1321,0.0732,0.2494,0,,,,,,,,,,,4,7.5,0.0,-0.0032,0.5,0.5,11,9,0.8182,14.45,17.67,3.27,4.417,13.78,0.4511,0.1818,0.3636,0.1818,0,3,0,0,0,0,39.9,25.2,25.9,0.7,8.41,0.1143,0.0,2.5,22.7,1.21,1.0,-0.21
00-0039424,Devaughn Vele,WR,NO,2026,3,3,0.0,0.0,0.0,,7.33,0.1806,0.2522,0.4475,0,,,,,,,,,,,0,,,,,,22,15,0.6818,7.82,11.47,10.27,0.761,2.87,0.4615,0.0455,0.4091,0.1364,0,3,0,0,0,0,38.2,41.0,38.2,-2.8,13.68,0.148,0.0,0.0,41.0,1.65,1.0,-0.65
00-0039067,Rashee Rice,WR,KC,2026,3,3,0.0,0.0,0.0,,5.67,0.2036,0.2276,0.4647,0,,,,,,,,,,,0,,,,,,17,13,0.7647,11.18,14.62,7.41,1.508,9.15,0.2172,0.0588,0.3529,0.2353,0,3,0,0,0,0,38.0,28.2,38.0,9.8,9.4,0.1194,0.0,0.0,28.2,0.4,1.0,0.6
00-0031408,Mike Evans,WR,SF,2026,3,3,0.0,0.0,0.0,,5.33,0.1932,0.2878,0.4912,0,,,,,,,,,,,0,,,,,,16,12,0.75,8.56,11.42,10.94,0.783,1.42,1.3992,0.125,0.75,0.1875,0,3,0,0,0,0,37.7,31.5,43.7,12.2,10.5,0.1427,0.0,0.0,31.5,1.19,3.0,1.81
00-0039915,Ladd McConkey,WR,LAC,2026,3,3,0.0,0.0,0.0,,5.0,0.1754,0.2485,0.437,0,,,,,,,,,,,0,,,,,,15,12,0.8,12.2,15.25,13.87,0.88,1.92,1.1279,0.0667,0.6667,0.4,0,3,0,0,0,0,36.3,30.3,36.3,6.0,10.11,0.1473,0.0,0.0,30.3,1.19,1.0,-0.19
00-0036912,DeVonta Smith,WR,PHI,2026,2,2,0.0,0.0,0.0,,9.5,0.3275,0.4975,0.8395,0,,,,,,,,,,,0,,,,,,19,13,0.6842,8.95,13.08,14.05,0.637,0.92,0.1096,0.0526,0.4211,0.2105,0,3,0,0,0,1,36.0,33.4,36.0,2.6,16.71,0.243,0.0,0.0,33.4,1.23,1.0,-0.23
00-0038563,Tre Tucker,WR,LV,2026,3,3,0.0,0.0,0.0,,5.0,0.1709,0.2849,0.4558,0,,,,,,,,,,,0,,,,,,15,11,0.7333,12.6,17.18,15.2,0.829,1.0,0.6468,0.0667,0.4667,0.2,0,3,0,0,0,0,35.9,26.7,35.9,9.2,8.91,0.1195,0.0,0.0,26.7,0.69,1.0,0.31
00-0034960,Jakobi Meyers,WR,JAX,2026,3,3,0.0,0.33,0.0116,,3.67,0.1424,0.1816,0.3408,0,,,,,,,,,,,1,2.0,0.0,0.404,1.0,0.0,11,10,0.9091,12.0,13.2,10.36,1.158,2.8,1.475,0.1818,0.7273,0.1818,0,3,0,0,0,0,35.4,20.2,35.4,15.2,6.74,0.1006,0.0,0.9,19.3,0.82,2.0,1.18
00-0034827,DJ Moore,WR,BUF,2026,3,3,0.0,0.33,0.0111,,6.0,0.2234,0.2967,0.5428,0,,,,,,,,,,,1,-1.0,0.0,-0.9357,0.0,0.0,18,11,0.6111,9.28,15.18,15.83,0.586,4.27,0.2742,0.0556,0.4444,0.2222,0,3,0,0,0,0,33.6,33.7,33.6,-0.1,11.23,0.1475,0.0,0.8,32.8,0.63,1.0,0.37
00-0040129,Emeka Egbuka,WR,TB,2026,3,3,0.0,0.33,0.0152,,6.67,0.2103,0.3322,0.548,0,,,,,,,,,,,1,-3.0,0.0,-1.6227,0.0,0.0,20,13,0.65,7.05,10.85,12.5,0.564,3.08,0.1274,0.05,0.3,0.1,0,3,0,0,0,0,32.8,37.5,32.8,-4.7,12.49,0.182,0.0,0.8,36.6,1.02,1.0,-0.02
00-0038997,Josh Downs,WR,IND,2026,3,3,0.0,0.0,0.0,,8.0,0.2507,0.4139,0.6659,0,,,,,,,,,,,0,,,,,,24,14,0.5833,7.75,13.29,11.71,0.662,4.93,0.5454,0.0,0.5,0.2083,0,3,0,0,0,0,32.6,41.1,32.6,-8.5,13.71,0.1939,0.0,0.0,41.1,1.2,0.0,-1.2
00-0037247,George Pickens,WR,DAL,2026,3,3,0.0,0.0,0.0,,8.33,0.2444,0.3236,0.5931,0,,,,,,,,,,,0,,,,,,25,16,0.64,6.0,9.38,10.68,0.562,1.88,0.2493,0.0,0.4,0.08,0,3,0,0,0,0,31.0,44.7,31.0,-13.7,14.9,0.1829,0.0,0.0,44.7,1.52,0.0,-1.52
00-0035659,Terry McLaurin,WR,WAS,2026,3,3,0.0,0.0,0.0,,7.33,0.2342,0.314,0.5711,0,,,,,,,,,,,0,,,,,,22,10,0.4545,6.41,14.1,13.0,0.493,4.5,0.4105,0.0455,0.3636,0.1818,0,3,0,0,0,0,30.1,40.4,30.1,-10.3,13.46,0.1748,0.0,0.0,40.4,1.67,1.0,-0.67
00-0038117,Wan'Dale Robinson,WR,TEN,2026,3,3,0.0,0.0,0.0,,6.0,0.1958,0.1453,0.3954,0,,,,,,,,,,,0,,,,,,18,13,0.7222,5.78,8.0,5.06,1.143,3.92,0.2447,0.0556,0.4444,0.0556,0,3,0,0,0,0,29.4,24.8,29.4,4.6,8.27,0.138,0.0,0.0,24.8,0.56,1.0,0.44
00-0036613,Jaylen Waddle,WR,DEN,2026,3,3,0.0,0.33,0.0147,,6.67,0.2272,0.3833,0.6092,0,,,,,,,,,,,1,14.0,0.0,0.9821,1.0,1.0,20,11,0.55,7.5,13.64,12.35,0.607,3.45,0.0776,0.0,0.35,0.2,0,3,0,0,0,0,29.4,33.9,29.4,-4.5,11.31,0.165,0.0,0.7,33.2,0.5,0.0,-0.5
00-0040124,Tetairoa McMillan,WR,CAR,2026,3,3,0.0,0.0,0.0,,7.67,0.2223,0.283,0.5315,0,,,,,,,,,,,0,,,,,,23,12,0.5217,8.39,16.08,12.83,0.654,3.25,-0.0332,0.0,0.3913,0.2174,1,3,0,0,0,0,29.3,45.6,29.3,-16.3,15.2,0.1708,0.0,0.0,45.6,2.37,0.0,-2.37
00-0030279,Keenan Allen,WR,IND,2026,3,3,0.0,0.0,0.0,,6.67,0.2102,0.1845,0.4445,0,,,,,,,,,,,0,,,,,,20,13,0.65,5.0,7.69,6.2,0.806,2.23,-0.116,0.05,0.2,0.1,0,3,0,0,0,0,29.0,32.6,29.0,-3.6,10.86,0.1536,0.0,0.0,32.6,0.93,1.0,0.07
00-0039739,Roman Wilson,WR,PIT,2026,3,3,0.0,0.0,0.0,,6.0,0.1726,0.2206,0.4133,0,,,,,,,,,,,0,,,,,,18,11,0.6111,6.33,10.36,13.72,0.462,3.55,0.1066,0.0556,0.3333,0.1667,0,3,0,0,0,0,28.4,28.5,28.4,-0.1,9.49,0.1338,0.0,0.0,28.5,0.63,1.0,0.37
00-0038393,Dontayvion Wicks,WR,PHI,2026,2,2,0.0,0.0,0.0,,5.0,0.1791,0.2937,0.4743,0,,,,,,,,,,,0,,,,,,10,7,0.7,14.7,21.0,14.8,0.993,4.14,1.4814,0.1,0.7,0.3,0,3,0,0,0,1,27.7,17.6,27.7,10.1,8.82,0.1283,0.0,0.0,17.6,0.64,1.0,0.36
00-0033555,Mack Hollins,WR,NE,2026,3,3,0.0,0.0,0.0,,5.33,0.1855,0.2244,0.4354,0,,,,,,,,,,,0,,,,,,16,12,0.75,9.75,13.0,12.12,0.804,2.83,0.5538,0.0,0.3125,0.25,0,3,0,0,0,0,27.6,27.6,27.6,-0.0,9.21,0.1466,0.0,0.0,27.6,0.93,0.0,-0.93
00-0036550,Rashod Bateman,WR,BAL,2026,3,3,0.0,0.0,0.0,,4.33,0.1673,0.208,0.3966,0,,,,,,,,,,,0,,,,,,13,9,0.6923,9.62,13.89,13.46,0.714,1.56,0.5238,0.0769,0.3077,0.3077,0,3,0,0,0,0,27.5,25.8,27.5,1.7,8.59,0.1171,0.0,0.0,25.8,1.07,1.0,-0.07
00-0035640,DK Metcalf,WR,PIT,2026,3,3,0.0,0.0,0.0,,8.0,0.2249,0.3251,0.565,0,,,,,,,,,,,0,,,,,,24,11,0.4583,4.08,8.91,14.12,0.289,2.55,-0.2568,0.0417,0.25,0.0417,0,3,0,0,0,0,26.8,40.5,26.8,-13.7,13.49,0.1902,0.0,0.0,40.5,1.21,1.0,-0.21
00-0039880,Malik Washington,WR,MIA,2026,3,3,0.0,1.0,0.0385,,7.67,0.2665,0.2947,0.606,0,,,,,,,,,,,3,3.0,0.0,-0.2905,0.0,0.0,23,12,0.5217,6.61,12.67,11.96,0.553,7.33,-0.2179,0.0,0.2174,0.1739,1,3,0,0,0,0,26.1,38.3,26.1,-12.2,12.76,0.2092,0.0,1.7,36.6,0.63,0.0,-0.63
00-0032464,Kalif Raymond,WR,CHI,2026,2,2,0.0,0.0,0.0,,7.0,0.2564,0.1204,0.4689,0,,,,,,,,,,,0,,,,,,14,13,0.9286,8.86,9.54,5.14,1.722,4.15,0.8331,0.0,0.5,0.1429,0,3,0,0,0,1,25.4,22.3,25.4,3.1,11.16,0.1286,0.0,0.0,22.3,0.47,0.0,-0.47
00-0041438,Carnell Tate,WR,TEN,2026,3,3,0.0,0.0,0.0,,6.67,0.2552,0.3857,0.6528,0,,,,,,,,,,,0,,,,,,20,13,0.65,6.15,9.46,10.95,0.562,2.0,-0.0785,0.0,0.25,0.05,0,3,0,0,0,0,25.3,30.1,25.3,-4.8,10.02,0.1671,0.0,0.0,30.1,0.53,0.0,-0.53
00-0041040,Antonio Williams,WR,WAS,2026,3,3,0.33,0.0,0.0,,3.67,0.1198,0.1426,0.2796,1,0.0,0.0,0.0,0.0,0.0,-0.5817,-30.83,0.0,0.0,0.0,0,,,,,,11,9,0.8182,9.36,11.44,11.18,0.837,2.56,0.8063,0.0909,0.4545,0.1818,0,3,0,0,0,0,25.3,19.4,25.3,5.9,6.48,0.0841,1.4,0.0,18.1,0.98,1.0,0.02
00-0040727,Tre Harris,WR,LAC,2026,3,3,0.0,0.0,0.0,,5.33,0.1832,0.1941,0.4108,0,,,,,,,,,,,0,,,,,,16,10,0.625,9.31,14.9,10.12,0.92,7.2,0.2197,0.0,0.25,0.1875,0,3,0,0,0,0,24.9,26.0,24.9,-1.1,8.66,0.1261,0.0,0.0,26.0,0.38,0.0,-0.38
00-0040134,Pat Bryant,WR,DEN,2026,3,3,0.0,0.33,0.0147,,3.0,0.1071,0.131,0.2523,0,,,,,,,,,,,1,16.0,0.0,0.9915,1.0,1.0,9,6,0.6667,9.56,14.33,5.44,1.755,7.17,0.7835,0.1111,0.5556,0.1111,0,3,0,0,0,0,24.2,16.1,24.2,8.1,5.38,0.0785,0.0,0.7,15.4,0.44,1.0,0.56
00-0033908,Cooper Kupp,WR,SEA,2026,3,3,0.0,0.0,0.0,,3.33,0.1043,0.1668,0.2733,0,,,,,,,,,,,0,,,,,,10,8,0.8,10.1,12.62,9.8,1.031,4.25,0.5584,0.1,0.6,0.4,0,3,0,0,0,0,24.1,15.7,24.1,8.4,5.23,0.0687,0.0,0.0,15.7,0.45,1.0,0.55
00-0038994,Jordan Addison,WR,MIN,2026,3,3,0.0,0.0,0.0,,5.33,0.2367,0.3422,0.5946,0,,,,,,,,,,,0,,,,,,16,7,0.4375,6.94,15.86,13.81,0.502,2.43,-0.2094,0.0625,0.25,0.125,0,3,0,0,0,0,24.1,26.9,24.1,-2.8,8.98,0.1641,0.0,0.0,26.9,0.5,1.0,0.5
00-0035891,Cody White,WR,LV,2026,3,3,0.0,0.0,0.0,,2.0,0.0678,0.0498,0.1366,0,,,,,,,,,,,0,,,,,,6,3,0.5,4.67,9.33,6.83,0.683,0.0,0.9201,0.5,0.5,0.0,0,3,0,0,0,0,23.8,13.8,23.8,10.0,4.6,0.0617,0.0,0.0,13.8,1.23,3.0,1.77
00-0033307,Kendrick Bourne,WR,ARI,2026,3,3,0.0,0.0,0.0,,4.67,0.1305,0.084,0.2546,0,,,,,,,,,,,0,,,,,,14,12,0.8571,7.71,9.0,4.0,1.929,4.92,0.3282,0.0,0.4286,0.0,0,3,0,0,0,0,22.8,20.0,22.8,2.8,6.67,0.0838,0.0,0.0,20.0,0.13,0.0,-0.13
00-0037240,Jameson Williams,WR,DET,2026,3,3,0.0,0.0,0.0,,5.67,0.155,0.3369,0.4683,0,,,,,,,,,,,0,,,,,,17,10,0.5882,7.47,12.7,13.24,0.564,0.4,0.3112,0.0,0.3529,0.2353,0,3,0,0,0,0,22.7,32.8,22.7,-10.1,10.94,0.1241,0.0,0.0,32.8,0.8,0.0,-0.8
00-0033921,Chris Godwin Jr.,WR,TB,2026,3,3,0.0,0.67,0.0303,,3.67,0.1178,0.0467,0.2093,0,,,,,,,,,,,2,7.5,0.0,0.1729,0.5,0.5,11,10,0.9091,10.09,11.1,4.73,2.135,6.8,0.4826,0.0,0.4545,0.1818,0,3,0,0,0,0,22.6,18.8,22.6,3.8,6.25,0.0912,0.0,1.6,17.2,0.1,0.0,-0.1
00-0039894,Xavier Worthy,WR,KC,2026,3,3,0.0,0.0,0.0,,5.0,0.1632,0.1831,0.373,0,,,,,,,,,,,0,,,,,,15,10,0.6667,4.2,6.3,6.33,0.663,4.1,-0.4687,0.0667,0.2667,0.1333,0,3,0,0,0,0,22.3,29.2,22.3,-6.9,9.74,0.1237,0.0,0.0,29.2,1.21,1.0,-0.21
00-0041048,Ted Hurst III,WR,TB,2026,3,3,0.0,0.0,0.0,,4.33,0.1363,0.2541,0.3824,0,,,,,,,,,,,0,,,,,,13,6,0.4615,7.92,17.17,19.23,0.412,3.83,-0.1262,0.0769,0.3077,0.2308,0,3,0,0,0,0,22.3,26.0,22.3,-3.7,8.68,0.1265,0.0,0.0,26.0,1.09,1.0,-0.09
00-0036988,Josh Palmer,WR,BUF,2026,2,2,0.0,0.0,0.0,,2.5,0.0893,0.1639,0.2487,0,,,,,,,,,,,0,,,,,,5,2,0.4,15.4,38.5,20.2,0.762,8.0,1.7878,0.4,0.4,0.4,0,3,0,0,0,1,21.7,9.9,21.7,11.8,4.96,0.0622,0.0,0.0,9.9,0.48,2.0,1.52
00-0039337,Malik Nabers,WR,NYG,2026,3,3,0.0,0.0,0.0,,6.33,0.2404,0.2277,0.5199,0,,,,,,,,,,,0,,,,,,19,12,0.6316,5.05,8.0,9.74,0.519,2.92,-0.2651,0.0,0.2632,0.1053,0,3,0,0,0,0,21.6,31.6,21.6,-10.0,10.54,0.1655,0.0,0.0,31.6,0.62,0.0,-0.62
00-0040590,Konata Mumpfield,WR,LA,2026,3,3,0.0,0.0,0.0,,3.67,0.089,0.1345,0.2276,0,,,,,,,,,,,0,,,,,,11,5,0.4545,9.55,21.0,16.36,0.583,5.8,0.5574,0.0909,0.3636,0.1818,0,3,0,0,0,0,21.5,18.1,21.5,3.4,6.03,0.0756,0.0,0.0,18.1,0.18,1.0,0.82
00-0038618,Xavier Hutchinson,WR,HOU,2026,3,3,0.0,0.67,0.0282,,7.0,0.1941,0.258,0.4717,0,,,,,,,,,,,2,2.0,0.0,-0.2531,0.5,0.0,21,9,0.4286,5.71,13.33,13.81,0.414,4.0,-0.0317,0.0,0.2381,0.1905,0,3,0,0,0,0,21.4,33.7,21.4,-12.3,11.23,0.1381,0.0,1.3,32.4,0.6,0.0,-0.6
00-0039890,Adonai Mitchell,WR,NYJ,2026,2,2,0.0,0.0,0.0,,7.5,0.2319,0.5302,0.7189,0,,,,,,,,,,,0,,,,,,15,9,0.6,8.2,13.67,15.8,0.519,2.89,0.5763,0.0,0.4667,0.1333,0,2,0,1,1,0,21.3,24.5,21.3,-3.2,12.25,0.179,0.0,0.0,24.5,0.29,0.0,-0.29
00-0036554,Nico Collins,WR,HOU,2026,1,1,0.0,1.0,0.0312,,10.0,0.2703,0.3727,0.6663,0,,,,,,,,,,,1,7.0,0.0,0.9066,1.0,0.0,10,7,0.7,7.5,10.71,12.0,0.625,1.14,0.4907,0.1,0.3,0.1,0,1,0,2,2,0,21.2,19.9,21.2,1.3,19.85,0.229,0.0,0.7,19.1,0.8,1.0,0.2
00-0037816,Romeo Doubs,WR,NE,2026,3,3,0.0,0.0,0.0,,3.67,0.1402,0.2893,0.4128,0,,,,,,,,,,,0,,,,,,11,6,0.5455,13.18,24.17,18.36,0.718,6.33,0.2479,0.0,0.3636,0.3636,0,3,0,0,0,0,20.5,20.0,20.5,0.5,6.67,0.1061,0.0,0.0,20.0,0.43,0.0,-0.43
00-0032775,Demarcus Robinson,WR,SF,2026,2,2,0.0,0.0,0.0,,3.0,0.1155,0.226,0.3315,0,,,,,,,,,,,0,,,,,,6,5,0.8333,14.0,16.8,12.0,1.167,2.8,1.0523,0.1667,0.8333,0.3333,0,2,1,0,1,0,19.4,12.4,19.4,7.0,6.21,0.0817,0.0,0.0,12.4,0.84,1.0,0.16
00-0040170,Elic Ayomanor,WR,TEN,2026,3,3,0.0,0.0,0.0,,3.0,0.1231,0.1841,0.3136,0,,,,,,,,,,,0,,,,,,9,4,0.4444,10.11,22.75,10.78,0.938,10.25,0.0984,0.1111,0.4444,0.2222,0,3,0,0,0,0,19.1,19.3,19.1,-0.2,6.45,0.1075,0.0,0.0,19.3,1.54,1.0,-0.54
00-0041547,KC Concepcion,WR,CLE,2026,3,3,0.0,1.33,0.0533,,6.67,0.2424,0.1989,0.5029,0,,,,,,,,,,,4,2.25,0.0,-0.4602,0.25,0.25,20,12,0.6,4.0,6.67,5.55,0.721,2.58,-0.1745,0.0,0.2,0.05,1,3,0,0,0,0,18.9,31.6,18.9,-12.7,10.53,0.1888,0.0,2.6,29.0,0.31,0.0,-0.31
00-0041523,Caleb Douglas,WR,MIA,2026,2,2,0.0,0.0,0.0,,5.0,0.1948,0.2073,0.4373,0,,,,,,,,,,,0,,,,,,10,7,0.7,11.3,16.14,11.4,0.991,5.86,0.3515,0.0,0.5,0.2,0,2,0,1,1,0,18.3,15.5,18.3,2.8,7.74,0.155,0.0,0.0,15.5,0.15,0.0,-0.15
00-0041100,Josh Cameron,WR,JAX,2026,2,2,0.0,0.0,0.0,,2.0,0.0847,0.0927,0.1919,0,,,,,,,,,,,0,,,,,,4,3,0.75,8.0,10.67,9.5,0.842,2.0,0.9496,0.5,0.75,0.25,0,3,0,0,0,1,18.2,10.0,18.2,8.2,5.01,0.0741,0.0,0.0,10.0,0.73,2.0,1.27
00-0038824,Ryan Miller,WR,MIA,2026,2,2,0.0,0.0,0.0,,2.0,0.0646,0.1238,0.1836,0,,,,,,,,,,,0,,,,,,4,3,0.75,23.0,30.67,10.75,2.14,12.33,1.7081,0.25,0.75,0.25,0,3,0,0,0,1,18.2,5.2,18.2,13.0,2.58,0.0393,0.0,0.0,5.2,0.06,1.0,0.94
00-0039901,Keon Coleman,WR,BUF,2026,3,3,0.0,0.0,0.0,,3.0,0.109,0.1505,0.2688,0,,,,,,,,,,,0,,,,,,9,8,0.8889,11.22,12.62,12.78,0.878,2.0,0.9972,0.0,0.5556,0.2222,0,3,0,0,0,0,18.1,16.9,18.1,1.2,5.63,0.0739,0.0,0.0,16.9,0.29,0.0,-0.29
00-0037261,Khalil Shakir,WR,BUF,2026,3,3,0.0,0.0,0.0,,5.0,0.1813,0.1513,0.3779,0,,,,,,,,,,,0,,,,,,15,8,0.5333,6.27,11.75,8.2,0.764,5.75,0.0651,0.0,0.3333,0.2,0,3,0,0,0,0,17.4,31.1,16.4,-14.7,10.38,0.1364,0.0,0.0,31.1,1.28,0.0,-1.28
00-0040138,Jaylin Noel,WR,HOU,2026,3,3,0.0,0.67,0.0282,,3.0,0.078,0.0702,0.1662,0,,,,,,,,,,,2,10.5,0.0,1.1277,1.0,0.5,9,5,0.5556,11.22,20.2,9.0,1.247,5.6,0.4582,0.0,0.4444,0.3333,0,3,0,0,0,0,17.2,15.2,17.2,2.0,5.08,0.0624,0.0,1.4,13.8,0.07,0.0,-0.07
00-0038104,Tyquan Thornton,WR,KC,2026,3,3,0.0,0.0,0.0,,2.33,0.0733,0.2398,0.2778,0,,,,,,,,,,,0,,,,,,7,6,0.8571,15.43,18.0,20.14,0.766,0.5,1.4175,0.0,0.5714,0.4286,0,3,0,0,0,0,16.8,13.5,16.8,3.3,4.49,0.057,0.0,0.0,13.5,0.36,0.0,-0.36
00-0036309,Darnell Mooney,WR,NYG,2026,3,3,0.0,0.33,0.011,,2.67,0.1019,0.1442,0.2537,0,,,,,,,,,,,1,9.0,0.0,1.148,1.0,0.0,8,6,0.75,11.88,15.83,11.38,1.044,3.33,0.955,0.0,0.625,0.25,0,3,0,0,0,0,16.4,13.6,16.4,2.8,4.54,0.0712,0.0,0.8,12.8,0.1,0.0,-0.1
00-0034348,Courtland Sutton,WR,DEN,2026,3,3,0.0,0.0,0.0,,5.33,0.183,0.333,0.5076,0,,,,,,,,,,,0,,,,,,16,8,0.5,5.12,10.25,9.62,0.532,2.5,-0.5596,0.0,0.25,0.0625,0,3,0,0,0,0,16.2,30.3,16.2,-14.1,10.09,0.1472,0.0,0.0,30.3,1.59,0.0,-1.59
00-0040729,Jack Bech,WR,LV,2026,2,2,0.0,0.0,0.0,,3.0,0.1034,0.1026,0.227,0,,,,,,,,,,,0,,,,,,6,5,0.8333,8.0,9.6,8.33,0.96,2.8,-0.2394,0.1667,0.3333,0.1667,0,3,0,0,0,1,15.8,10.3,15.8,5.5,5.17,0.0724,0.0,0.0,10.3,0.22,1.0,0.78
00-0039893,Brian Thomas Jr.,WR,JAX,2026,3,3,0.0,0.0,0.0,,4.0,0.1552,0.1585,0.3438,0,,,,,,,,,,,0,,,,,,12,7,0.5833,7.33,12.57,10.83,0.677,1.0,0.1903,0.0,0.5,0.1667,0,3,0,0,0,0,15.8,18.5,15.8,-2.7,6.16,0.0919,0.0,0.0,18.5,0.19,0.0,-0.19
00-0039410,Ryan Flournoy,WR,DAL,2026,3,3,0.0,0.0,0.0,,6.0,0.1756,0.1424,0.3631,0,,,,,,,,,,,0,,,,,,18,9,0.5,3.72,7.44,6.56,0.568,3.89,-0.0052,0.0,0.2222,0.0556,0,3,0,0,0,0,15.7,32.1,15.7,-16.4,10.69,0.1312,0.0,0.0,32.1,1.32,0.0,-1.32
00-0040735,Luther Burden III,WR,CHI,2026,2,2,0.0,0.5,0.0143,,6.0,0.2128,0.2866,0.5198,0,,,,,,,,,,,1,2.0,0.0,-0.357,0.0,0.0,12,8,0.6667,7.92,11.88,10.25,0.772,4.0,-0.1709,0.0,0.25,0.1667,1,3,0,0,0,1,15.7,20.2,15.7,-4.5,10.11,0.1165,0.0,0.8,19.4,0.45,0.0,-0.45
00-0039451,Isaiah Williams,WR,NYJ,2026,3,3,0.0,0.33,0.0118,,3.0,0.0886,0.0455,0.1647,0,,,,,,,,,,,1,14.0,0.0,0.8429,1.0,1.0,9,8,0.8889,6.89,7.75,4.11,1.676,4.0,0.3091,0.0,0.2222,0.1111,0,3,0,0,0,0,15.6,13.8,15.6,1.8,4.59,0.0638,0.0,0.7,13.1,0.08,0.0,-0.08
00-0032398,Chris Moore,WR,BAL,2026,3,3,0.0,0.0,0.0,,2.0,0.0789,0.1882,0.2501,0,,,,,,,,,,,0,,,,,,6,3,0.5,10.5,21.0,27.5,0.382,7.67,0.3916,0.1667,0.5,0.1667,0,3,0,0,0,0,15.3,15.3,15.3,-0.0,5.11,0.0697,0.0,0.0,15.3,0.9,1.0,0.1
00-0039919,Rome Odunze,WR,CHI,2026,2,2,0.0,0.0,0.0,,3.5,0.1244,0.2654,0.3723,0,,,,,,,,,,,0,,,,,,7,5,0.7143,13.57,19.0,19.57,0.693,1.0,0.7957,0.0,0.4286,0.2857,0,3,0,0,0,1,14.5,12.9,14.5,1.6,6.47,0.0746,0.0,0.0,12.9,0.23,0.0,-0.23
00-0041525,Chris Bell,WR,MIA,2026,3,3,0.0,0.0,0.0,,3.33,0.1059,0.1758,0.2819,0,,,,,,,,,,,0,,,,,,10,5,0.5,9.2,18.4,18.0,0.511,7.4,0.4005,0.0,0.4,0.2,0,3,0,0,0,0,14.2,17.7,14.2,-3.5,5.91,0.0969,0.0,0.0,17.7,0.48,0.0,-0.48
00-0040669,Isaac TeSlaa,WR,DET,2026,3,3,0.0,0.0,0.0,,3.0,0.0847,0.1316,0.2191,0,,,,,,,,,,,0,,,,,,9,5,0.5556,10.22,18.4,12.33,0.829,8.6,0.8359,0.0,0.4444,0.2222,0,3,0,0,0,0,14.2,17.7,14.2,-3.5,5.91,0.0671,0.0,0.0,17.7,0.65,0.0,-0.65
00-0038608,Kayshon Boutte,WR,HOU,2026,3,3,0.0,0.0,0.0,,3.0,0.078,0.0944,0.1831,0,,,,,,,,,,,0,,,,,,9,6,0.6667,8.78,13.17,12.56,0.699,2.5,0.2572,0.0,0.3333,0.2222,0,3,0,0,0,0,13.9,17.4,13.9,-3.5,5.81,0.0714,0.0,0.0,17.4,0.55,0.0,-0.55
00-0038621,DeMario Douglas,WR,NE,2026,3,3,0.0,0.0,0.0,,4.67,0.1626,0.1621,0.3573,0,,,,,,,,,,,0,,,,,,14,7,0.5,4.79,9.57,10.57,0.453,4.43,-0.0943,0.0,0.2143,0.0714,0,3,0,0,0,0,13.7,22.7,13.7,-9.0,7.57,0.1204,0.0,0.0,22.7,0.71,0.0,-0.71
00-0041042,Malachi Fields,WR,NYG,2026,3,3,0.0,0.0,0.0,,4.0,0.1402,0.2516,0.3865,0,,,,,,,,,,,0,,,,,,12,6,0.5,6.17,12.33,17.75,0.347,4.83,-0.3382,0.0,0.3333,0.1667,0,3,0,0,0,0,13.4,20.6,13.4,-7.2,6.86,0.1078,0.0,0.0,20.6,0.46,0.0,-0.46
00-0038544,Quentin Johnston,WR,LAC,2026,3,3,0.0,0.33,0.0123,,5.67,0.1988,0.2046,0.4414,0,,,,,,,,,,,1,7.0,0.0,0.3181,0.0,0.0,17,6,0.3529,3.76,10.67,10.06,0.374,6.83,-0.1796,0.0,0.1765,0.0588,0,3,0,0,0,0,13.1,27.2,13.1,-14.1,9.06,0.1319,0.0,0.6,26.6,0.11,0.0,-0.11
00-0036252,Michael Pittman,WR,PIT,2026,2,2,0.0,0.0,0.0,,4.0,0.1212,0.0914,0.2458,0,,,,,,,,,,,0,,,,,,8,5,0.625,9.25,14.8,9.12,1.014,6.0,0.3291,0.0,0.375,0.25,0,2,0,1,1,0,12.4,12.2,12.4,0.2,6.11,0.0834,0.0,0.0,12.2,0.04,0.0,-0.04
00-0039075,Puka Nacua,WR,LA,2026,1,1,0.0,0.0,0.0,,9.0,0.3333,0.451,0.8157,0,,,,,,,,,,,0,,,,,,9,5,0.5556,8.22,14.8,12.78,0.643,7.6,-0.2897,0.0,0.2222,0.2222,0,1,0,2,2,0,12.4,17.8,12.4,-5.4,17.84,0.2656,0.0,0.0,17.8,0.71,0.0,-0.71
00-0038840,Brycen Tremayne,WR,CAR,2026,1,1,0.0,0.0,0.0,,6.0,0.1429,0.2438,0.3849,0,,,,,,,,,,,0,,,,,,6,4,0.6667,13.83,20.75,18.0,0.769,3.75,0.8295,0.0,0.6667,0.6667,0,3,0,0,0,2,12.3,9.2,12.3,3.1,9.2,0.105,0.0,0.0,9.2,0.23,0.0,-0.23
00-0037664,Alec Pierce,WR,IND,2026,2,2,0.0,0.0,0.0,,3.5,0.1201,0.2871,0.3811,0,,,,,,,,,,,0,,,,,,7,5,0.7143,10.29,14.4,16.14,0.637,2.0,0.3665,0.0,0.7143,0.1429,0,2,1,0,1,0,12.2,13.3,12.2,-1.1,6.64,0.0992,0.0,0.0,13.3,0.27,0.0,-0.27
00-0032951,Laquon Treadwell,WR,IND,2026,3,3,0.0,0.0,0.0,,1.67,0.0544,0.1391,0.1789,0,,,,,,,,,,,0,,,,,,5,4,0.8,16.2,20.25,15.2,1.066,2.25,0.0474,0.0,0.4,0.4,0,3,0,0,0,0,12.1,9.2,12.1,2.9,3.07,0.0434,0.0,0.0,9.2,0.14,0.0,-0.14
00-0037545,Rashid Shaheed,WR,SEA,2026,3,3,0.0,0.33,0.0125,,4.0,0.1408,0.1568,0.3209,0,,,,,,,,,,,1,4.0,0.0,-0.4021,0.0,0.0,12,6,0.5,4.42,8.83,8.42,0.525,5.83,-0.5318,0.0,0.0833,0.0833,0,3,0,0,0,0,11.7,19.5,11.7,-7.8,6.49,0.0852,0.0,1.3,18.2,0.2,0.0,-0.2
00-0039849,Marvin Harrison Jr.,WR,ARI,2026,3,3,0.0,0.0,0.0,,3.0,0.0732,0.1819,0.2371,0,,,,,,,,,,,0,,,,,,9,4,0.4444,8.11,18.25,17.67,0.459,2.0,0.1843,0.0,0.4444,0.2222,0,3,0,0,0,0,11.3,14.0,11.3,-2.7,4.67,0.0588,0.0,0.0,14.0,0.12,0.0,-0.12
00-0037801,KaVontae Turpin,WR,DAL,2026,3,3,0.0,0.67,0.029,,1.0,0.0278,0.0195,0.0553,0,,,,,,,,,,,2,5.0,0.5,0.649,0.5,0.0,3,2,0.6667,5.67,8.5,5.33,1.062,6.5,0.6185,0.0,0.6667,0.0,0,3,0,0,0,0,10.7,6.7,10.7,4.0,2.25,0.0276,0.0,2.6,4.1,0.37,1.0,0.63
00-0040646,Jalen Royals,WR,KC,2026,2,2,0.0,0.0,0.0,,1.5,0.045,0.0081,0.0732,0,,,,,,,,,,,0,,,,,,3,3,1.0,5.67,5.67,1.0,5.667,4.67,1.1099,0.3333,1.0,0.0,0,3,0,0,0,1,10.7,7.0,10.7,3.7,3.48,0.0413,0.0,0.0,7.0,0.62,1.0,0.38
00-0040024,Darius Cooper,WR,PHI,2026,1,1,0.0,0.0,0.0,,3.0,0.0882,0.0856,0.1923,0,,,,,,,,,,,0,,,,,,3,2,0.6667,8.67,13.0,8.33,1.04,9.0,1.0659,0.3333,0.6667,0.3333,0,3,0,0,0,2,10.6,7.3,10.6,3.2,7.35,0.0895,0.0,0.0,7.3,0.52,1.0,0.48
00-0036862,Ben Skowronek,WR,PIT,2026,2,2,0.0,0.0,0.0,,1.0,0.0296,0.0316,0.0666,0,,,,,,,,,,,0,,,,,,2,2,1.0,12.5,12.5,12.0,1.042,0.5,0.9933,0.5,0.5,0.5,0,3,0,0,0,1,10.5,4.0,10.5,6.5,1.98,0.0301,0.0,0.0,4.0,0.32,1.0,0.68
00-0038728,Jared Wayne,WR,HOU,2026,3,3,0.0,0.0,0.0,,4.0,0.109,0.1541,0.2714,0,,,,,,,,,,,0,,,,,,12,4,0.3333,5.42,16.25,15.42,0.351,4.25,-0.3009,0.0,0.3333,0.1667,0,3,0,0,0,0,10.5,22.9,10.5,-12.4,7.64,0.0939,0.0,0.0,22.9,0.78,0.0,-0.78
00-0037291,Jalen Nailor,WR,LV,2026,3,3,0.0,0.0,0.0,,3.67,0.1253,0.1799,0.3139,0,,,,,,,,,,,0,,,,,,11,5,0.4545,4.73,10.4,12.27,0.385,2.8,0.026,0.0,0.4545,0.0909,0,3,0,0,0,0,10.2,18.4,10.2,-8.2,6.15,0.0825,0.0,0.0,18.4,0.44,0.0,-0.44
00-0037614,John Metchie III,WR,CAR,2026,1,1,0.0,0.0,0.0,,5.0,0.119,0.088,0.2402,0,,,,,,,,,,,0,,,,,,5,2,0.4,3.8,9.5,7.8,0.487,0.0,0.3061,0.2,0.4,0.0,0,2,0,1,1,1,9.9,9.1,9.9,0.8,9.1,0.1038,0.0,0.0,9.1,0.48,1.0,0.52
00-0041489,Germie Bernard,WR,PIT,2026,2,2,0.0,0.0,0.0,,4.5,0.1242,0.1806,0.3128,0,,,,,,,,,,,0,,,,,,9,5,0.5556,5.44,9.8,9.33,0.583,2.4,-0.3146,0.0,0.3333,0.1111,0,3,0,0,0,1,9.9,13.3,9.9,-3.4,6.67,0.1013,0.0,0.0,13.3,0.1,0.0,-0.1
00-0040785,Dohnte Meyers,WR,CIN,2026,3,3,0.0,0.33,0.0147,,2.33,0.0656,0.0184,0.1113,0,,,,,,,,,,,1,10.0,0.0,0.4807,1.0,1.0,7,4,0.5714,6.71,11.75,2.29,2.938,8.5,0.1187,0.0,0.4286,0.2857,0,3,0,0,0,0,9.7,10.3,9.7,-0.6,3.44,0.0494,0.0,0.7,9.6,0.06,0.0,-0.06
00-0037742,Treylon Burks,WR,WAS,2026,2,2,0.0,0.0,0.0,,1.5,0.048,0.0961,0.1394,0,,,,,,,,,,,0,,,,,,3,2,0.6667,4.33,6.5,21.67,0.2,2.0,0.4874,0.3333,0.3333,0.0,0,2,0,1,1,0,9.3,7.6,9.3,1.7,3.79,0.0504,0.0,0.0,7.6,0.59,1.0,0.41
00-0041067,Bryce Lance,WR,NO,2026,3,3,0.0,0.0,0.0,,2.67,0.0611,0.1023,0.1632,0,,,,,,,,,,,0,,,,,,8,4,0.5,6.25,12.5,13.25,0.472,1.75,-0.55,0.0,0.25,0.125,0,3,0,0,0,0,9.0,13.4,9.0,-4.4,4.48,0.0485,0.0,0.0,13.4,0.07,0.0,-0.07
00-0038090,Skyy Moore,WR,GB,2026,3,3,0.0,0.0,0.0,,3.67,0.0886,0.0944,0.199,0,,,,,,,,,,,0,,,,,,11,5,0.4545,3.36,7.4,7.09,0.474,6.0,-0.2114,0.0,0.1818,0.0,0,3,0,0,0,0,8.7,17.7,8.7,-9.0,5.89,0.0764,0.0,0.0,17.7,0.65,0.0,-0.65
00-0039342,Xavier Legette,WR,CAR,2026,2,2,0.0,0.0,0.0,,3.0,0.0919,0.1511,0.2436,0,,,,,,,,,,,0,,,,,,6,2,0.3333,10.67,32.0,16.17,0.66,5.0,0.3477,0.0,0.1667,0.1667,0,2,0,1,1,0,8.4,10.8,8.4,-2.4,5.41,0.0603,0.0,0.0,10.8,0.35,0.0,-0.35
00-0037741,Jahan Dotson,WR,ATL,2026,3,3,0.0,0.0,0.0,,3.33,0.1391,0.4242,0.5056,0,,,,,,,,,,,0,,,,,,10,4,0.4,4.1,10.25,14.4,0.285,3.25,-1.521,0.0,0.3,0.1,0,3,0,0,0,0,8.1,15.9,8.1,-7.8,5.3,0.0891,0.0,0.0,15.9,0.09,0.0,-0.09
00-0040172,Jordan Watkins,WR,SF,2026,1,1,0.0,0.0,0.0,,2.0,0.0769,0.1122,0.194,0,,,,,,,,,,,0,,,,,,2,2,1.0,30.0,30.0,16.5,1.818,13.5,2.2154,0.0,1.0,1.0,0,1,0,2,2,0,8.0,3.5,8.0,4.5,3.55,0.0516,0.0,0.0,3.5,0.02,0.0,-0.02
00-0040648,Tory Horton,WR,SEA,2026,1,1,0.0,0.0,0.0,,3.0,0.0667,0.1517,0.2062,0,,,,,,,,,,,0,,,,,,3,3,1.0,16.0,16.0,14.67,1.091,1.33,1.195,0.0,1.0,0.6667,0,2,0,1,1,1,7.8,5.5,7.8,2.3,5.46,0.0587,0.0,0.0,5.5,0.11,0.0,-0.11
00-0039868,Troy Franklin,WR,DEN,2026,3,3,0.0,0.33,0.0147,,1.33,0.0461,0.1678,0.1866,0,,,,,,,,,,,1,5.0,0.0,-0.1583,0.0,0.0,4,2,0.5,12.0,24.0,18.0,0.667,7.0,0.1096,0.0,0.5,0.5,0,3,0,0,0,0,7.3,8.0,7.3,-0.7,2.65,0.0387,0.0,0.7,7.3,0.5,0.0,-0.5
00-0040237,Tez Johnson,WR,TB,2026,3,3,0.0,0.33,0.0152,,2.33,0.0718,0.1828,0.2356,0,,,,,,,,,,,1,-4.0,0.0,-1.2236,0.0,0.0,7,2,0.2857,8.14,28.5,30.0,0.271,4.5,0.0344,0.0,0.1429,0.1429,0,3,0,0,0,0,7.3,15.6,7.3,-8.3,5.21,0.0759,0.0,0.8,14.9,0.74,0.0,-0.74
00-0040277,Jahdae Walker,WR,CHI,2026,1,1,0.0,0.0,0.0,,1.0,0.0385,0.0031,0.0599,0,,,,,,,,,,,0,,,,,,1,1,1.0,1.0,1.0,1.0,1.0,0.0,1.3759,1.0,1.0,0.0,0,3,0,0,0,2,7.1,4.2,7.1,2.9,4.21,0.0449,0.0,0.0,4.2,0.59,1.0,0.41
00-0039146,Jayden Reed,WR,GB,2026,2,2,0.0,0.0,0.0,,4.0,0.1047,0.0417,0.1863,0,,,,,,,,,,,0,,,,,,8,4,0.5,3.0,6.0,5.62,0.533,3.0,-0.1629,0.0,0.125,0.0,0,2,0,1,1,0,6.4,12.7,6.4,-6.3,6.34,0.0884,0.0,0.0,12.7,0.17,0.0,-0.17
00-0040131,Kyle Williams,WR,NE,2026,2,2,0.0,0.0,0.0,,2.5,0.0976,0.1319,0.2387,0,,,,,,,,,,,0,,,,,,5,2,0.4,8.8,22.0,15.2,0.579,7.5,-1.0127,0.0,0.4,0.2,0,3,0,0,0,1,6.4,8.3,6.4,-1.9,4.17,0.0703,0.0,0.0,8.3,0.19,0.0,-0.19
00-0040506,Myles Price,WR,MIN,2026,1,1,0.0,0.0,0.0,,1.0,0.0526,0.0127,0.0879,0,,,,,,,,,,,0,,,,,,1,0,0.0,0.0,,2.0,0.0,,-0.2082,0.0,0.0,0.0,0,3,0,0,0,2,6.0,1.3,0.0,-1.3,1.31,0.0293,0.0,0.0,1.3,0.0,0.0,0.0
00-0040075,LaJohntay Wester,WR,BAL,2026,2,2,0.0,0.0,0.0,,2.0,0.0761,0.036,0.1394,0,,,,,,,,,,,0,,,,,,4,3,0.75,7.25,9.67,5.25,1.381,7.67,0.005,0.0,0.25,0.0,0,3,0,0,0,1,5.9,6.6,5.9,-0.7,3.28,0.0456,0.0,0.0,6.6,0.03,0.0,-0.03
00-0039792,Devontez Walker,WR,BAL,2026,2,2,0.0,0.0,0.0,,1.5,0.0595,0.2343,0.2533,0,,,,,,,,,,,0,,,,,,3,1,0.3333,15.67,47.0,37.0,0.423,1.0,0.6106,0.0,0.3333,0.3333,0,2,0,1,1,0,5.7,5.9,5.7,-0.2,2.94,0.0405,0.0,0.0,5.9,0.07,0.0,-0.07
00-0035208,Olamide Zaccheaus,WR,ATL,2026,3,3,0.0,0.0,0.0,,2.0,0.0788,0.0363,0.1436,0,,,,,,,,,,,0,,,,,,6,4,0.6667,2.83,4.25,2.0,1.417,2.5,-0.5093,0.0,0.0,0.0,0,3,0,0,0,0,5.7,8.1,5.7,-2.4,2.69,0.0452,0.0,0.0,8.1,0.03,0.0,-0.03
00-0035676,A.J. Brown,WR,NE,2026,1,1,0.0,0.0,0.0,,4.0,0.129,0.086,0.2537,0,,,,,,,,,,,0,,,,,,4,3,0.75,6.5,8.67,4.75,1.368,4.67,0.3128,0.0,0.5,0.0,0,1,2,0,2,0,5.6,5.7,5.6,-0.1,5.67,0.0813,0.0,0.0,5.7,0.01,0.0,-0.01
00-0034837,Calvin Ridley,WR,TEN,2026,2,2,0.0,0.0,0.0,,1.5,0.0731,0.1118,0.1879,0,,,,,,,,,,,0,,,,,,3,2,0.6667,11.67,17.5,11.33,1.029,4.0,0.2219,0.0,0.6667,0.3333,0,3,0,0,0,1,5.5,4.8,5.5,0.7,2.42,0.0392,0.0,0.0,4.8,0.04,0.0,-0.04
00-0040948,J. Michael Sturdivant,WR,GB,2026,1,1,0.0,0.0,0.0,,3.0,0.0588,0.0561,0.1275,0,,,,,,,,,,,0,,,,,,3,3,1.0,7.33,7.33,7.33,1.0,0.0,1.0632,0.0,0.6667,0.0,0,2,0,1,1,1,5.2,3.9,5.2,1.3,3.86,0.044,0.0,0.0,3.9,0.01,0.0,-0.01
00-0041044,Zachariah Branch,WR,ATL,2026,2,2,0.0,0.0,0.0,,2.0,0.0757,0.0216,0.1287,0,,,,,,,,,,,0,,,,,,4,3,0.75,5.25,7.0,1.5,3.5,10.67,-0.0855,0.0,0.25,0.0,0,3,0,0,0,1,5.1,5.7,5.1,-0.6,2.85,0.0429,0.0,0.0,5.7,0.01,0.0,-0.01
00-0038619,Andrei Iosivas,WR,CIN,2026,2,2,0.0,0.0,0.0,,2.0,0.0602,0.0505,0.1257,0,,,,,,,,,,,0,,,,,,4,3,0.75,4.75,6.33,5.25,0.905,0.67,-2.1683,0.0,0.25,0.0,0,2,1,0,1,0,4.9,8.8,4.9,-3.9,4.4,0.0622,0.0,0.0,8.8,0.62,0.0,-0.62
00-0036407,Jerry Jeudy,WR,CLE,2026,2,2,0.0,0.0,0.0,,2.5,0.1076,0.134,0.2552,0,,,,,,,,,,,0,,,,,,5,2,0.4,5.2,13.0,10.0,0.52,4.5,-1.3963,0.0,0.2,0.2,0,3,0,0,0,1,4.6,7.1,4.6,-2.5,3.57,0.0724,0.0,0.0,7.1,0.04,0.0,-0.04
00-0040164,Jaylin Lane,WR,WAS,2026,2,2,0.0,0.0,0.0,,1.0,0.0339,0.0023,0.0525,0,,,,,,,,,,,0,,,,,,2,2,1.0,12.5,12.5,1.0,12.5,11.5,0.4084,0.0,0.5,0.5,0,3,0,0,0,1,4.5,2.7,4.5,1.8,1.33,0.0187,0.0,0.0,2.7,0.01,0.0,-0.01
00-0040867,Makai Lemon,WR,PHI,2026,2,2,0.0,0.5,0.0175,,2.5,0.1056,0.0223,0.174,0,,,,,,,,,,,1,-5.0,0.0,-1.3289,0.0,0.0,5,4,0.8,1.8,2.25,2.6,0.692,1.0,-0.2781,0.0,0.2,0.0,0,3,0,0,0,1,4.4,7.7,4.4,-3.2,3.83,0.0556,0.0,0.7,7.0,0.04,0.0,-0.04
00-0036626,Dyami Brown,WR,WAS,2026,3,3,0.33,0.0,0.0,,3.0,0.0929,0.1414,0.2384,1,1.0,0.0,0.0,0.0,0.0,-0.4647,11.771,-0.0,0.0,0.0,0,,,,,,9,4,0.4444,2.33,5.25,14.89,0.157,0.75,-0.9601,0.0,0.2222,0.1111,1,3,0,0,0,0,4.1,16.9,4.1,-12.8,5.63,0.0731,0.2,0.0,16.7,0.93,0.0,-0.93
00-0041511,Omar Cooper Jr.,WR,NYJ,2026,1,1,0.0,0.0,0.0,,1.0,0.0435,0.0238,0.0819,0,,,,,,,,,,,0,,,,,,1,1,1.0,30.0,30.0,4.0,7.5,26.0,3.5822,0.0,1.0,1.0,0,1,2,0,2,0,4.0,1.3,4.0,2.7,1.33,0.0215,0.0,0.0,1.3,0.01,0.0,-0.01
00-0037093,Dareke Young,WR,LV,2026,1,1,0.0,0.0,0.0,,1.0,0.0345,0.0459,0.0839,0,,,,,,,,,,,0,,,,,,1,1,1.0,27.0,27.0,13.0,2.077,14.0,1.7847,0.0,1.0,1.0,0,3,0,0,0,2,3.7,1.4,3.7,2.2,1.45,0.0207,0.0,0.0,1.4,0.01,0.0,-0.01
00-0036463,Chris Blair,WR,ATL,2026,1,1,0.0,0.0,0.0,,3.0,0.0968,0.1509,0.2508,0,,,,,,,,,,,0,,,,,,3,1,0.3333,2.0,6.0,8.0,0.25,1.0,-0.2505,0.0,0.0,0.0,0,3,0,0,0,2,3.6,6.0,3.6,-2.4,6.03,0.0453,0.0,0.0,6.0,0.03,0.0,-0.03
00-0032385,Sterling Shepard,WR,NYJ,2026,1,1,0.0,0.0,0.0,,1.0,0.0278,0.0062,0.046,0,,,,,,,,,,,0,,,,,,1,1,1.0,3.0,3.0,2.0,1.5,1.0,0.8325,0.0,0.0,0.0,0,1,0,0,0,0,3.3,2.5,3.3,0.8,2.49,0.0315,0.0,0.0,2.5,0.0,0.0,0.0
00-0040705,Chimere Dike,WR,TEN,2026,2,2,0.0,0.0,0.0,,1.0,0.0321,0.0145,0.0583,0,,,,,,,,,,,0,,,,,,2,2,1.0,5.0,5.0,3.0,1.667,2.0,0.0413,0.0,0.0,0.0,0,3,0,0,0,1,3.0,2.6,3.0,0.4,1.31,0.0221,0.0,0.0,2.6,0.0,0.0,0.0
00-0036849,Tutu Atwell,WR,LA,2026,1,1,0.0,0.0,0.0,,2.0,0.0667,0.1752,0.2227,0,,,,,,,,,,,0,,,,,,2,1,0.5,9.5,19.0,29.0,0.328,0.0,0.6592,0.0,0.5,0.5,0,1,0,2,2,0,2.9,4.8,2.9,-1.9,4.78,0.0648,0.0,0.0,4.8,0.07,0.0,-0.07
00-0041069,Colbie Young,WR,CIN,2026,2,2,0.0,0.0,0.0,,1.0,0.0296,0.0193,0.058,0,,,,,,,,,,,0,,,,,,2,2,1.0,4.5,4.5,3.5,1.286,1.0,-0.3705,0.0,0.0,0.0,0,3,0,0,0,1,2.9,3.1,2.9,-0.2,1.53,0.0241,0.0,0.0,3.1,0.0,0.0,0.0
00-0034854,KhaDarel Hodge,WR,SF,2026,1,1,0.0,0.0,0.0,,1.0,0.0476,0.0833,0.1298,0,,,,,,,,,,,0,,,,,,1,1,1.0,18.0,18.0,15.0,1.2,3.0,1.0385,0.0,0.0,1.0,0,3,0,0,0,2,2.8,2.0,2.8,0.8,1.96,0.0277,0.0,0.0,2.0,0.0,0.0,0.0
00-0040563,Efton Chism III,WR,NE,2026,2,2,0.5,0.0,0.0,,1.5,0.0571,-0.001,0.085,1,1.0,16.0,0.0,0.0,0.0,0.7925,52.385,1.455,0.0,0.0,0,,,,,,3,2,0.6667,-0.33,-0.5,0.33,-1.0,0.0,-2.3552,0.0,0.0,0.0,0,2,0,1,1,0,2.5,5.7,2.5,-3.1,2.84,0.0478,0.2,0.0,5.4,0.41,0.0,-0.41
00-0041550,Brenen Thompson,WR,LAC,2026,1,1,0.0,0.0,0.0,,3.0,0.1154,0.1636,0.2876,0,,,,,,,,,,,0,,,,,,3,1,0.3333,4.33,13.0,14.67,0.295,0.0,-0.2842,0.0,0.3333,0.0,0,2,0,1,1,1,2.3,4.6,2.3,-2.3,4.62,0.0764,0.0,0.0,4.6,0.03,0.0,-0.03
00-0040870,Ja'Kobi Lane,WR,BAL,2026,1,1,0.0,0.0,0.0,,3.0,0.125,0.1115,0.2656,0,,,,,,,,,,,0,,,,,,3,1,0.3333,3.67,11.0,10.0,0.367,4.0,-1.3399,0.0,0.0,0.0,0,1,2,0,2,0,2.1,8.3,2.1,-6.2,8.27,0.1104,0.0,0.0,8.3,0.64,0.0,-0.64
00-0039062,Jonathan Mingo,WR,DAL,2026,1,1,0.0,0.0,0.0,,1.0,0.0333,0.0356,0.0749,0,,,,,,,,,,,0,,,,,,1,1,1.0,10.0,10.0,11.0,0.909,-1.0,1.0189,0.0,1.0,0.0,0,3,0,0,0,2,2.0,1.5,2.0,0.5,1.48,0.0202,0.0,0.0,1.5,0.0,0.0,0.0
00-0037091,Bo Melton,WR,GB,2026,3,3,0.0,0.0,0.0,,1.0,0.0264,0.045,0.071,0,,,,,,,,,,,0,,,,,,3,1,0.3333,3.33,10.0,16.0,0.208,0.0,0.0302,0.0,0.3333,0.0,0,3,0,0,0,0,2.0,4.3,2.0,-2.3,1.44,0.0186,0.0,0.0,4.3,0.17,0.0,-0.17
00-0040782,Isaiah Bond,WR,CLE,2026,1,1,0.0,0.0,0.0,,1.0,0.0333,0.0648,0.0954,0,,,,,,,,,,,0,,,,,,1,1,1.0,10.0,10.0,7.0,1.429,3.0,0.716,0.0,1.0,0.0,0,3,0,0,0,2,2.0,1.5,2.0,0.5,1.5,0.0278,0.0,0.0,1.5,0.01,0.0,-0.01
00-0039751,Jordan Whittington,WR,LA,2026,1,1,0.0,0.0,0.0,,1.0,0.037,0.0314,0.0775,0,,,,,,,,,,,0,,,,,,1,1,1.0,8.0,8.0,8.0,1.0,0.0,0.3204,0.0,0.0,0.0,0,2,0,1,1,1,1.8,1.6,1.8,0.2,1.62,0.0241,0.0,0.0,1.6,0.01,0.0,-0.01
00-0040390,Jackson Meeks,WR,DET,2026,1,1,0.0,0.0,0.0,,1.0,0.0323,0.0259,0.0665,0,,,,,,,,,,,0,,,,,,1,1,1.0,8.0,8.0,5.0,1.6,3.0,0.5804,0.0,0.0,0.0,0,3,0,0,0,2,1.8,1.8,1.8,-0.0,1.82,0.0216,0.0,0.0,1.8,0.0,0.0,0.0
00-0037231,Kevin Austin Jr.,WR,NO,2026,1,1,0.0,0.0,0.0,,1.0,0.0312,0.0282,0.0666,0,,,,,,,,,,,0,,,,,,1,1,1.0,7.0,7.0,6.0,1.167,1.0,0.3861,0.0,0.0,0.0,0,3,0,0,0,2,1.7,1.5,1.7,0.2,1.51,0.0204,0.0,0.0,1.5,0.0,0.0,0.0
00-0041132,Deion Burks,WR,IND,2026,1,1,0.0,2.0,0.0625,,0.0,0.0,0.0,0.0,0,,,,,,,,,,,2,7.0,0.0,0.2576,0.5,0.5,0,0,,,,,,,,,,,0,3,0,0,0,2,1.4,1.6,1.4,-0.2,1.63,0.024,0.0,1.6,0.0,0.07,0.0,-0.07
00-0041529,Kevin Coleman Jr.,WR,MIA,2026,2,2,0.0,0.0,0.0,,3.0,0.0942,0.1343,0.2352,0,,,,,,,,,,,0,,,,,,6,1,0.1667,0.5,3.0,16.5,0.03,-1.0,-1.0931,0.0,0.0,0.0,0,3,0,0,0,1,1.3,10.2,1.3,-8.9,5.08,0.0754,0.0,0.0,10.2,0.17,0.0,-0.17
00-0035662,Marquise Brown,WR,PHI,2026,1,1,0.0,2.0,0.0625,,0.0,0.0,0.0,0.0,0,,,,,,,,,,,2,6.0,0.0,0.05,0.0,0.0,0,0,,,,,,,,,,,0,3,0,0,0,2,1.2,1.4,1.2,-0.2,1.36,0.0166,0.0,1.4,0.0,0.01,0.0,-0.01
00-0036259,Jauan Jennings,WR,MIN,2026,2,2,0.0,0.0,0.0,,1.5,0.0617,0.1289,0.1828,0,,,,,,,,,,,0,,,,,,3,1,0.3333,0.33,1.0,17.33,0.019,0.0,-2.205,0.0,0.0,0.0,0,2,0,1,1,0,1.1,4.0,1.1,-2.9,2.02,0.0338,0.0,0.0,4.0,0.04,0.0,-0.04
00-0040894,Malik Benson,WR,LV,2026,3,3,0.0,0.33,0.0108,,1.33,0.0456,0.1264,0.1568,0,,,,,,,,,,,1,-8.0,0.0,-1.4032,0.0,0.0,4,1,0.25,1.5,6.0,24.5,0.061,7.0,-0.8475,0.0,0.0,0.0,0,3,0,0,0,0,0.8,8.0,0.8,-7.2,2.67,0.0358,0.0,0.8,7.2,0.13,0.0,-0.13
00-0041099,Barion Brown,WR,NO,2026,1,1,0.0,1.0,0.04,,0.0,0.0,0.0,0.0,0,,,,,,,,,,,1,3.0,0.0,-0.2969,0.0,0.0,0,0,,,,,,,,,,,0,2,0,1,1,1,0.3,0.7,0.3,-0.4,0.73,0.0067,0.0,0.7,0.0,0.0,0.0,0.0
00-0039855,Jalen McMillan,WR,TB,2026,1,1,0.0,0.0,0.0,,1.0,0.0286,0.0381,0.0695,0,,,,,,,,,,,0,,,,,,1,0,0.0,0.0,,15.0,0.0,,-1.635,0.0,0.0,0.0,0,2,0,1,1,1,0.0,1.5,0.0,-1.5,1.5,0.0222,0.0,0.0,1.5,0.01,0.0,-0.01
00-0031235,Odell Beckham Jr.,WR,NYG,2026,1,1,0.0,0.0,0.0,,1.0,0.0476,0.125,0.1589,0,,,,,,,,,,,0,,,,,,1,0,0.0,0.0,,17.0,0.0,,-0.767,0.0,0.0,0.0,0,3,0,0,0,2,0.0,1.8,0.0,-1.8,1.77,0.0342,0.0,0.0,1.8,0.0,0.0,0.0
00-0041467,Lewis Bond,WR,HOU,2026,1,1,0.0,0.0,0.0,,1.0,0.04,0.0299,0.0809,0,,,,,,,,,,,0,,,,,,1,0,0.0,0.0,,10.0,0.0,,-0.8311,0.0,0.0,0.0,0,2,0,0,0,1,0.0,1.5,0.0,-1.5,1.53,0.0257,0.0,0.0,1.5,0.0,0.0,0.0
00-0038573,Derius Davis,WR,LAC,2026,2,2,0.0,0.0,0.0,,1.0,0.0377,0.1268,0.1454,0,,,,,,,,,,,0,,,,,,2,0,0.0,0.0,,34.5,0.0,,-2.8481,0.0,0.0,0.0,0,3,0,0,0,1,0.0,4.3,0.0,-4.3,2.16,0.0338,0.0,0.0,4.3,0.13,0.0,-0.13
00-0040154,Tai Felton,WR,MIN,2026,1,1,0.0,0.0,0.0,,2.0,0.08,0.0317,0.1422,0,,,,,,,,,,,0,,,,,,2,0,0.0,0.0,,4.0,0.0,,-0.8187,0.0,0.0,0.0,0,3,0,0,0,2,0.0,2.8,0.0,-2.8,2.76,0.0479,0.0,0.0,2.8,0.01,0.0,-0.01
00-0040890,Cyrus Allen,WR,KC,2026,1,1,0.0,0.0,0.0,,1.0,0.04,0.0376,0.0863,0,,,,,,,,,,,0,,,,,,1,0,0.0,0.0,,5.0,0.0,,-1.6027,0.0,0.0,0.0,0,3,0,0,0,2,0.0,1.3,0.0,-1.3,1.3,0.0192,0.0,0.0,1.3,0.0,0.0,0.0
00-0040582,Arian Smith,WR,NYJ,2026,1,1,0.0,0.0,0.0,,1.0,0.0435,0.0238,0.0819,0,,,,,,,,,,,0,,,,,,1,0,0.0,0.0,,4.0,0.0,,-0.5979,0.0,0.0,0.0,0,2,1,0,1,1,0.0,1.6,0.0,-1.6,1.58,0.0255,0.0,0.0,1.6,0.01,0.0,-0.01
00-0033589,David Moore,WR,CAR,2026,1,1,0.0,0.0,0.0,,2.0,0.0476,0.1332,0.1647,0,,,,,,,,,,,0,,,,,,2,0,0.0,0.0,,29.5,0.0,,-0.3748,0.0,0.0,0.0,0,1,0,0,0,0,0.0,4.2,0.0,-4.2,4.19,0.0478,0.0,0.0,4.2,0.29,0.0,-0.29
00-0040218,Jimmy Horn Jr.,WR,CAR,2026,1,1,0.0,0.0,0.0,,1.0,0.0294,0.0082,0.0499,0,,,,,,,,,,,0,,,,,,1,0,0.0,0.0,,3.0,0.0,,-0.3811,0.0,0.0,0.0,0,1,0,0,0,0,0.0,1.3,0.0,-1.3,1.28,0.0154,0.0,0.0,1.3,0.0,0.0,0.0
00-0035021,Ashton Dulin,WR,IND,2026,1,1,0.0,0.0,0.0,,1.0,0.0345,0.0,0.0517,0,,,,,,,,,,,0,,,,,,1,0,0.0,0.0,,0.0,,,-0.6131,0.0,0.0,0.0,0,1,0,2,2,0,0.0,0.9,0.0,-0.9,0.94,0.0143,0.0,0.0,0.9,0.0,0.0,0.0
00-0034272,Marquez Valdes-Scantling,WR,LAC,2026,1,1,0.0,0.0,0.0,,1.0,0.0303,0.0753,0.0982,0,,,,,,,,,,,0,,,,,,1,0,0.0,0.0,,22.0,0.0,,-5.8199,0.0,0.0,0.0,0,1,0,0,0,0,0.0,3.6,0.0,-3.6,3.63,0.0464,0.0,0.0,3.6,0.37,0.0,-0.37
00-0038640,Jalen Brooks,WR,ARI,2026,1,1,0.0,0.0,0.0,,1.0,0.02,0.0377,0.0564,0,,,,,,,,,,,0,,,,,,1,0,0.0,0.0,,12.0,0.0,,-0.5373,0.0,0.0,0.0,0,3,0,0,0,2,0.0,1.8,0.0,-1.8,1.77,0.0163,0.0,0.0,1.8,0.01,0.0,-0.01
00-0038359,Xavier Smith,WR,LA,2026,1,1,0.0,0.0,0.0,,1.0,0.0333,0.0,0.05,0,,,,,,,,,,,0,,,,,,1,0,0.0,0.0,,0.0,,,-0.781,0.0,0.0,0.0,0,3,0,0,0,2,0.0,2.1,0.0,-2.1,2.07,0.028,0.0,0.0,2.1,0.14,0.0,-0.14
00-0039365,Jacob Cowing,WR,SF,2026,1,1,0.0,0.0,0.0,,2.0,0.0769,0.1599,0.2273,0,,,,,,,,,,,0,,,,,,2,0,0.0,0.0,,23.5,0.0,,-0.3443,0.0,0.0,0.0,0,3,0,0,0,2,0.0,4.1,0.0,-4.1,4.08,0.0593,0.0,0.0,4.1,0.09,0.0,-0.09
00-0035406,Lil'Jordan Humphrey,WR,DEN,2026,1,1,0.0,0.0,0.0,,1.0,0.0345,0.0522,0.0883,0,,,,,,,,,,,0,,,,,,1,0,0.0,0.0,,14.0,0.0,,-0.3619,0.0,0.0,0.0,0,1,0,1,1,0,0.0,1.8,0.0,-1.8,1.84,0.0239,0.0,0.0,1.8,0.03,0.0,-0.03
