player_id,name,pos,team,season,week,att,cmp,pass_epa,sacks,cpoe,car,tgt,rec,rec_ay,tgt_share,ay_share,team_car,team_rb_touch,fp_ppr,fp_exp,fp_act,snaps,team_snaps
00-0023459,Aaron Rodgers,QB,PIT,2026,1,40,24,-7.838,2,1.234,3,0,0,0.0,0.0,0.0,21,25,12.5,20.33,12.54,67,67
00-0023459,Aaron Rodgers,QB,PIT,2026,2,39,23,-21.409,4,-6.411,1,0,0,0.0,0.0,0.0,23,24,4.0,10.0,5.98,67,70
00-0026498,Matthew Stafford,QB,LA,2026,1,25,15,-5.611,0,-4.689,2,0,0,0.0,0.0,0.0,29,30,4.1,13.94,4.1,51,61
00-0026498,Matthew Stafford,QB,LA,2026,2,31,22,18.634,1,7.273,4,0,0,0.0,0.0,0.0,28,27,27.0,18.51,26.98,62,62
00-0029604,Kirk Cousins,QB,LV,2026,1,30,21,0.393,0,0.709,5,0,0,0.0,0.0,0.0,37,36,13.8,15.53,13.8,68,68
00-0029604,Kirk Cousins,QB,LV,2026,2,29,19,5.973,2,2.891,4,0,0,0.0,0.0,0.0,29,28,20.2,13.66,20.22,63,63
00-0030279,Keenan Allen,WR,IND,2026,1,0,0,0.0,0,,0,6,6,22,0.2069,0.1095,20,23,9.2,9.88,9.2,36,54
00-0030279,Keenan Allen,WR,IND,2026,2,0,0,0.0,0,,0,5,1,31,0.1667,0.1914,32,30,1.5,6.61,1.5,33,65
00-0030506,Travis Kelce,TE,KC,2026,1,0,0,0.0,0,,0,5,3,29,0.2,0.218,38,36,10.1,7.99,10.1,49,69
00-0030506,Travis Kelce,TE,KC,2026,2,0,0,0.0,0,,0,11,9,56,0.2558,0.2137,29,34,25.1,17.67,25.1,68,80
00-0030565,Geno Smith,QB,NYJ,2026,1,24,19,9.755,0,12.836,6,0,0,0.0,0.0,0.0,39,34,9.3,10.48,9.3,67,67
00-0030565,Geno Smith,QB,NYJ,2026,2,41,27,4.284,4,5.865,5,0,0,0.0,0.0,0.0,27,27,15.6,15.44,15.58,74,74
00-0031381,Davante Adams,WR,LA,2026,1,0,0,0.0,0,,0,6,3,73,0.2222,0.2863,29,30,5.6,8.67,5.6,33,61
00-0031381,Davante Adams,WR,LA,2026,2,0,0,0.0,0,,0,10,8,198,0.3333,0.5982,28,27,39.5,21.25,39.5,40,62
00-0031408,Mike Evans,WR,SF,2026,1,0,0,0.0,0,,0,7,6,55,0.2059,0.3691,30,30,16.9,13.65,16.9,49,65
00-0031408,Mike Evans,WR,SF,2026,2,0,0,0.0,0,,0,3,3,40,0.1429,0.2222,27,25,8.4,5.99,8.4,28,52
00-0031503,Jameis Winston,QB,NYG,2026,2,27,11,-16.49,2,-25.333,2,0,0,0.0,0.0,0.0,21,23,2.5,11.26,2.54,51,58
00-0031588,Stefon Diggs,WR,WAS,2026,1,0,0,0.0,0,,0,9,4,83,0.3103,0.2618,32,30,15.5,14.2,15.5,44,70
00-0031588,Stefon Diggs,WR,WAS,2026,2,0,0,0.0,0,,0,6,5,72,0.1765,0.2006,32,31,21.7,12.76,21.7,36,71
00-0031610,Darren Waller,TE,CAR,2026,1,0,0,0.0,0,,0,2,2,8,0.0588,0.0219,22,23,4.8,3.06,4.8,24,69
00-0031610,Darren Waller,TE,CAR,2026,2,0,0,0.0,0,,0,3,3,26,0.0938,0.0836,22,23,18.3,8.62,18.3,29,66
00-0032104,Ameer Abdullah,RB,JAX,2026,1,0,0,0.0,0,,4,1,1,-3,0.0476,-0.0124,32,27,4.2,3.77,4.2,5,56
00-0032104,Ameer Abdullah,RB,JAX,2026,2,0,0,0.0,0,,3,1,1,-6,0.0357,-0.0199,24,25,2.3,2.95,2.3,6,60
00-0032268,Marcus Mariota,QB,WAS,2026,2,16,11,6.732,0,8.007,1,0,0,0.0,0.0,0.0,32,31,8.7,8.2,8.74,32,71
00-0032392,Austin Hooper,TE,ATL,2026,2,0,0,0.0,0,,0,4,2,13,0.129,0.0818,32,32,4.0,5.13,4.0,30,70
00-0032398,Chris Moore,WR,BAL,2026,1,0,0,0.0,0,,0,2,1,68,0.0833,0.2528,37,32,6.3,4.32,6.3,25,68
00-0032398,Chris Moore,WR,BAL,2026,2,0,0,0.0,0,,0,3,1,93,0.1034,0.2897,22,23,1.6,7.36,1.6,32,58
00-0032464,Kalif Raymond,WR,CHI,2026,1,0,0,0.0,0,,0,9,8,65,0.3462,0.2038,39,31,16.4,13.75,16.4,45,75
00-0032464,Kalif Raymond,WR,CHI,2026,2,0,0,0.0,0,,0,5,5,7,0.1667,0.037,31,33,9.0,8.56,9.0,46,74
00-0032764,Derrick Henry,RB,BAL,2026,1,0,0,0.0,0,,24,1,1,-1,0.0417,-0.0037,37,32,35.3,20.07,35.3,37,69
00-0032764,Derrick Henry,RB,BAL,2026,2,0,0,0.0,0,,16,3,3,-13,0.1034,-0.0405,22,23,17.7,17.24,17.7,31,58
00-0032775,Demarcus Robinson,WR,SF,2026,1,0,0,0.0,0,,0,3,2,45,0.0882,0.302,30,30,13.0,7.76,13.0,41,65
00-0032775,Demarcus Robinson,WR,SF,2026,2,0,0,0.0,0,,0,3,3,27,0.1429,0.15,27,25,6.4,4.65,6.4,16,52
00-0032950,Carson Wentz,QB,MIN,2026,1,19,12,4.987,3,-7.261,5,0,0,0.0,0.0,0.0,34,28,19.2,10.87,19.22,54,65
00-0032950,Carson Wentz,QB,MIN,2026,2,20,11,0.513,3,-8.321,3,0,0,0.0,0.0,0.0,28,27,6.3,8.72,6.32,52,52
00-0032951,Laquon Treadwell,WR,IND,2026,1,0,0,0.0,0,,0,1,0,4,0.0345,0.0199,20,23,0.0,1.48,0.0,19,54
00-0032951,Laquon Treadwell,WR,IND,2026,2,0,0,0.0,0,,0,3,3,54,0.1,0.3333,32,30,9.1,5.72,9.1,48,65
00-0033077,Dak Prescott,QB,DAL,2026,1,34,22,10.381,0,7.73,2,0,0,0.0,0.0,0.0,18,20,14.4,15.97,14.4,58,58
00-0033077,Dak Prescott,QB,DAL,2026,2,31,26,15.104,2,18.024,4,0,0,0.0,0.0,0.0,21,19,29.8,22.23,29.76,55,55
00-0033090,Hunter Henry,TE,NE,2026,1,0,0,0.0,0,,0,3,3,12,0.0968,0.0543,31,31,5.6,4.86,5.6,54,71
00-0033090,Hunter Henry,TE,NE,2026,2,0,0,0.0,0,,0,5,3,57,0.2381,0.2908,28,26,7.0,9.53,7.0,50,55
00-0033106,Jared Goff,QB,DET,2026,1,39,26,5.855,1,-2.91,2,0,0,0.0,0.0,0.0,33,37,16.4,22.17,16.44,77,77
00-0033106,Jared Goff,QB,DET,2026,2,38,26,18.576,4,5.997,3,0,0,0.0,0.0,0.0,20,24,29.8,20.95,29.78,65,65
00-0033110,Tyler Higbee,TE,LA,2026,1,0,0,0.0,0,,0,2,2,9,0.0741,0.0353,29,30,1.2,2.93,1.2,12,60
00-0033119,Jacoby Brissett,QB,ARI,2026,1,37,27,9.013,1,4.606,6,0,0,0.0,0.0,0.0,34,32,16.5,16.52,16.48,75,75
00-0033119,Jacoby Brissett,QB,ARI,2026,2,28,17,-8.084,2,-5.569,1,0,0,0.0,0.0,0.0,17,21,6.5,11.14,6.5,50,50
00-0033246,Johnny Mundt,TE,PHI,2026,2,0,0,0.0,0,,0,3,2,8,0.0882,0.0274,32,29,2.8,4.27,2.8,49,77
00-0033280,Christian McCaffrey,RB,SF,2026,1,0,0,0.0,0,,10,8,5,-3,0.2353,-0.0201,30,30,13.8,17.42,13.8,36,65
00-0033280,Christian McCaffrey,RB,SF,2026,2,0,0,0.0,0,,10,4,4,11,0.1905,0.0611,27,25,22.6,22.39,22.6,27,52
00-0033288,George Kittle,TE,SF,2026,1,0,0,0.0,0,,0,5,2,38,0.1471,0.255,30,30,3.2,11.25,3.2,30,65
00-0033288,George Kittle,TE,SF,2026,2,0,0,0.0,0,,0,4,4,50,0.1905,0.2778,27,25,18.0,10.57,18.0,25,52
00-0033293,Aaron Jones,RB,MIN,2026,1,0,0,0.0,0,,12,1,0,4,0.0435,0.0227,34,28,10.0,9.62,10.0,30,65
00-0033293,Aaron Jones,RB,MIN,2026,2,0,0,0.0,0,,23,0,0,0.0,0.0,0.0,28,27,10.5,10.15,10.5,42,52
00-0033307,Kendrick Bourne,WR,ARI,2026,1,0,0,0.0,0,,0,8,8,40,0.2162,0.1413,34,32,15.5,11.95,15.5,50,75
00-0033307,Kendrick Bourne,WR,ARI,2026,2,0,0,0.0,0,,0,3,2,10,0.1154,0.0917,17,21,3.1,3.65,3.1,30,50
00-0033319,Nick Mullens,QB,JAX,2026,1,0,0,0.0,0,,3,0,0,0.0,0.0,0.0,32,27,-0.3,-0.3,-0.3,7,58
00-0033376,Patrick Ricard,RB,NYG,2026,1,0,0,0.0,0,,0,1,0,-4,0.0345,-0.0163,37,30,0.0,1.68,0.0,37,69
00-0033526,Samaje Perine,RB,CIN,2026,1,0,0,0.0,0,,5,3,3,3,0.0882,0.0133,27,29,8.0,6.98,8.0,18,64
00-0033526,Samaje Perine,RB,CIN,2026,2,0,0,0.0,0,,2,1,1,7,0.0323,0.0405,23,26,3.2,1.95,3.2,24,60
00-0033537,Deshaun Watson,QB,CLE,2026,1,22,16,-5.56,5,10.321,6,0,0,0.0,0.0,0.0,22,18,14.0,11.18,14.0,51,51
00-0033537,Deshaun Watson,QB,CLE,2026,2,30,24,10.374,2,6.428,7,0,0,0.0,0.0,0.0,23,21,19.7,11.86,19.72,58,58
00-0033555,Mack Hollins,WR,NE,2026,1,0,0,0.0,0,,0,5,4,62,0.1613,0.2805,31,31,9.1,8.49,9.1,50,71
00-0033555,Mack Hollins,WR,NE,2026,2,0,0,0.0,0,,0,2,2,12,0.0952,0.0612,28,26,3.8,3.16,3.8,39,55
00-0033576,Eric Saubert,TE,SEA,2026,2,0,0,0.0,0,,0,1,1,-10,0.0385,-0.0441,40,40,0.0,1.3,0.0,17,71
00-0033662,Cooper Rush,QB,ATL,2026,1,22,12,-15.765,4,-10.418,0,0,0,0.0,0.0,0.0,31,38,5.7,5.48,5.72,60,60
00-0033662,Cooper Rush,QB,ATL,2026,2,17,10,-12.191,1,-16.809,2,0,0,0.0,0.0,0.0,32,32,-0.6,5.81,-0.56,40,69
00-0033858,Jonnu Smith,TE,GB,2026,1,0,0,0.0,0,,0,3,2,24,0.075,0.0512,21,20,7.0,4.98,7.0,32,68
00-0033873,Patrick Mahomes,QB,KC,2026,1,27,15,-2.302,2,-11.918,7,0,0,0.0,0.0,0.0,38,36,21.7,15.92,21.66,69,69
00-0033873,Patrick Mahomes,QB,KC,2026,2,47,32,13.425,2,3.731,2,0,0,0.0,0.0,0.0,29,34,29.0,24.37,28.98,80,80
00-0033881,Evan Engram,TE,DEN,2026,1,0,0,0.0,0,,0,5,4,18,0.1852,0.1957,15,15,14.3,7.74,14.3,32,51
00-0033881,Evan Engram,TE,DEN,2026,2,0,0,0.0,0,,0,1,1,17,0.0345,0.0634,28,26,2.7,1.99,2.7,32,62
00-0033885,David Njoku,TE,LAC,2026,1,0,0,0.0,0,,0,5,5,28,0.1852,0.1026,21,16,10.8,8.29,10.8,30,55
00-0033885,David Njoku,TE,LAC,2026,2,0,0,0.0,0,,0,3,1,25,0.1154,0.0929,32,31,1.9,3.8,1.9,11,69
00-0033906,Alvin Kamara,RB,NO,2026,2,0,0,0.0,0,,9,6,5,-6,0.1875,-0.0282,27,25,7.2,12.91,7.2,20,69
00-0033908,Cooper Kupp,WR,SEA,2026,1,0,0,0.0,0,,0,3,2,49,0.125,0.3182,22,24,5.5,4.45,5.5,39,50
00-0033908,Cooper Kupp,WR,SEA,2026,2,0,0,0.0,0,,0,2,2,14,0.0769,0.0617,40,40,4.0,3.14,4.0,30,70
00-0033921,Chris Godwin Jr.,WR,TB,2026,1,0,0,0.0,0,,1,4,4,3,0.1481,0.021,20,21,8.3,6.93,8.3,49,57
00-0033921,Chris Godwin Jr.,WR,TB,2026,2,0,0,0.0,0,,1,3,3,33,0.0909,0.0784,25,26,8.8,6.24,8.8,56,65
00-0034348,Courtland Sutton,WR,DEN,2026,1,0,0,0.0,0,,0,5,2,40,0.1852,0.4348,15,15,3.1,7.33,3.1,39,51
00-0034348,Courtland Sutton,WR,DEN,2026,2,0,0,0.0,0,,0,4,3,31,0.1379,0.1157,28,26,5.5,7.26,5.5,45,62
00-0034351,Dallas Goedert,TE,PHI,2026,1,0,0,0.0,0,,0,5,4,52,0.2273,0.2311,25,20,23.7,9.37,23.7,52,55
00-0034351,Dallas Goedert,TE,PHI,2026,2,0,0,0.0,0,,0,2,1,4,0.0588,0.0137,32,29,1.4,3.08,1.4,19,76
00-0034365,Ian Thomas,TE,LV,2026,2,0,0,0.0,0,,0,1,1,1,0.0345,0.0035,29,28,2.1,1.42,2.1,31,63
00-0034383,Dalton Schultz,TE,HOU,2026,1,0,0,0.0,0,,0,8,4,26,0.2162,0.0807,32,33,7.5,10.18,7.5,52,79
00-0034383,Dalton Schultz,TE,HOU,2026,2,0,0,0.0,0,,0,14,12,104,0.28,0.2189,18,21,26.0,20.43,26.0,54,79
00-0034613,Tanner Hudson,TE,CIN,2026,1,0,0,0.0,0,,0,1,1,4,0.0294,0.0177,27,29,1.4,1.48,1.4,6,67
00-0034753,Mark Andrews,TE,BAL,2026,1,0,0,0.0,0,,0,6,4,44,0.25,0.1636,37,32,8.9,10.08,8.9,49,68
00-0034753,Mark Andrews,TE,BAL,2026,2,0,0,0.0,0,,0,7,6,47,0.2414,0.1464,22,23,10.9,11.15,10.9,41,58
00-0034771,Mason Rudolph,QB,PIT,2026,2,1,0,-0.418,0,-76.336,1,0,0,0.0,0.0,0.0,23,24,0.3,1.06,0.3,3,75
00-0034796,Lamar Jackson,QB,BAL,2026,1,25,17,10.344,2,4.802,7,0,0,0.0,0.0,0.0,37,32,25.0,19.3,26.96,68,68
00-0034796,Lamar Jackson,QB,BAL,2026,2,31,21,3.317,3,7.856,4,0,0,0.0,0.0,0.0,22,23,14.8,15.69,14.8,58,58
00-0034798,Durham Smythe,TE,BAL,2026,1,0,0,0.0,0,,0,1,1,4,0.0417,0.0149,37,32,1.4,3.1,1.4,42,68
00-0034798,Durham Smythe,TE,BAL,2026,2,0,0,0.0,0,,0,1,0,-3,0.0345,-0.0093,22,23,0.0,1.12,0.0,32,58
00-0034827,DJ Moore,WR,BUF,2026,1,0,0,0.0,0,,0,8,5,158,0.2857,0.4125,21,18,21.0,14.93,21.0,44,58
00-0034827,DJ Moore,WR,BUF,2026,2,0,0,0.0,0,,1,0,0,0.0,0.0,0.0,36,22,-0.1,0.85,-0.1,23,74
00-0034829,Mike Gesicki,TE,CIN,2026,1,0,0,0.0,0,,0,7,5,63,0.2059,0.2788,27,29,18.8,15.77,18.8,21,64
00-0034837,Calvin Ridley,WR,TEN,2026,2,0,0,0.0,0,,0,2,2,27,0.1176,0.1929,29,28,5.5,3.61,5.5,33,53
00-0034844,Saquon Barkley,RB,PHI,2026,1,0,0,0.0,0,,15,2,1,-1,0.0909,-0.0044,25,20,9.0,11.12,9.0,39,55
00-0034844,Saquon Barkley,RB,PHI,2026,2,0,0,0.0,0,,4,2,1,4,0.0588,0.0137,32,29,3.0,4.83,3.0,12,75
00-0034854,KhaDarel Hodge,WR,SF,2026,2,0,0,0.0,0,,0,1,1,15,0.0476,0.0833,27,25,2.8,1.96,2.8,20,53
00-0034855,Baker Mayfield,QB,TB,2026,1,28,23,-5.411,4,14.02,5,0,0,0.0,0.0,0.0,20,21,11.6,15.26,15.64,57,57
00-0034855,Baker Mayfield,QB,TB,2026,2,34,21,-13.561,3,4.25,4,0,0,0.0,0.0,0.0,25,26,12.2,23.26,12.18,65,65
00-0034857,Josh Allen,QB,BUF,2026,1,29,20,14.535,2,8.141,6,0,0,0.0,0.0,0.0,21,18,35.7,23.1,35.26,58,58
00-0034857,Josh Allen,QB,BUF,2026,2,31,20,15.049,2,5.719,14,0,0,0.0,0.0,0.0,36,22,40.8,29.89,40.82,74,74
00-0034869,Sam Darnold,QB,SEA,2026,1,2,1,-2.076,1,-24.211,0,0,0,0.0,0.0,0.0,22,24,0.5,0.68,0.52,5,50
00-0034960,Jakobi Meyers,WR,JAX,2026,1,0,0,0.0,0,,1,2,2,29,0.0952,0.1198,32,27,12.2,4.84,12.2,37,57
00-0034960,Jakobi Meyers,WR,JAX,2026,2,0,0,0.0,0,,0,1,1,21,0.0357,0.0695,24,25,3.8,1.5,3.8,53,59
00-0034975,Justice Hill,RB,BAL,2026,1,0,0,0.0,0,,6,1,1,-1,0.0417,-0.0037,37,32,3.8,4.92,3.8,31,67
00-0034975,Justice Hill,RB,BAL,2026,2,0,0,0.0,0,,2,2,2,-9,0.069,-0.028,22,23,3.8,4.14,3.8,27,57
00-0034981,Foster Moreau,TE,HOU,2026,1,0,0,0.0,0,,0,2,2,7,0.0541,0.0217,32,33,3.5,3.03,3.5,35,80
00-0034981,Foster Moreau,TE,HOU,2026,2,0,0,0.0,0,,0,2,2,14,0.04,0.0295,18,21,5.4,3.62,5.4,23,79
00-0035021,Ashton Dulin,WR,IND,2026,1,0,0,0.0,0,,0,1,0,0.0,0.0345,0.0,20,23,0.0,0.94,0.0,10,53
00-0035208,Olamide Zaccheaus,WR,ATL,2026,1,0,0,0.0,0,,0,1,1,5,0.0526,0.0649,31,38,1.5,1.49,1.5,18,60
00-0035208,Olamide Zaccheaus,WR,ATL,2026,2,0,0,0.0,0,,0,3,1,7,0.0968,0.044,32,32,1.3,3.96,1.3,30,70
00-0035228,Kyler Murray,QB,MIN,2026,1,5,3,-4.468,0,6.359,2,0,0,0.0,0.0,0.0,34,28,-0.4,2.88,-0.38,11,65
00-0035229,T.J. Hockenson,TE,MIN,2026,1,0,0,0.0,0,,0,5,4,17,0.2174,0.0966,34,28,13.6,8.94,13.6,43,65
00-0035229,T.J. Hockenson,TE,MIN,2026,2,0,0,0.0,0,,0,4,3,32,0.2105,0.2038,28,27,5.9,6.57,5.9,36,52
00-0035249,Josh Oliver,TE,MIN,2026,1,0,0,0.0,0,,0,4,2,13,0.1739,0.0739,34,28,4.2,5.71,4.2,42,65
00-0035249,Josh Oliver,TE,MIN,2026,2,0,0,0.0,0,,0,1,1,5,0.0526,0.0318,28,27,3.4,1.53,3.4,31,52
00-0035250,Devin Singletary,RB,NYG,2026,1,0,0,0.0,0,,6,4,4,-16,0.1379,-0.0653,37,30,13.8,10.62,13.8,25,69
00-0035250,Devin Singletary,RB,NYG,2026,2,0,0,0.0,0,,3,1,0,-1,0.0312,-0.0029,21,23,0.9,2.94,0.9,15,58
00-0035261,Tony Pollard,RB,TEN,2026,1,0,0,0.0,0,,7,2,1,24,0.0714,0.1263,14,13,4.4,6.92,4.4,26,50
00-0035261,Tony Pollard,RB,TEN,2026,2,0,0,0.0,0,,14,1,1,-7,0.0588,-0.05,29,28,7.5,11.37,7.5,29,53
00-0035406,Lil'Jordan Humphrey,WR,DEN,2026,2,0,0,0.0,0,,0,1,0,14,0.0345,0.0522,28,26,0.0,1.84,0.0,3,60
00-0035594,Travis Homer,RB,PIT,2026,2,0,0,0.0,0,,2,0,0,0.0,0.0,0.0,23,24,1.6,0.89,1.6,2,67
00-0035631,Drew Sample,TE,CIN,2026,1,0,0,0.0,0,,0,3,3,0.0,0.0882,0.0,27,29,4.9,4.94,4.9,42,64
00-0035640,DK Metcalf,WR,PIT,2026,1,0,0,0.0,0,,0,10,4,204,0.2703,0.5012,21,25,8.0,16.84,8.0,64,67
00-0035640,DK Metcalf,WR,PIT,2026,2,0,0,0.0,0,,0,9,4,62,0.2432,0.2884,23,24,6.7,12.96,6.7,68,70
00-0035644,Noah Fant,TE,NO,2026,1,0,0,0.0,0,,0,8,4,48,0.1538,0.0994,25,28,13.3,14.07,13.3,37,90
00-0035659,Terry McLaurin,WR,WAS,2026,1,0,0,0.0,0,,0,4,2,22,0.1379,0.0694,32,30,3.4,6.44,3.4,61,70
00-0035659,Terry McLaurin,WR,WAS,2026,2,0,0,0.0,0,,0,9,2,154,0.2647,0.429,32,31,7.0,20.16,7.0,50,71
00-0035662,Marquise Brown,WR,PHI,2026,2,0,0,0.0,0,,2,0,0,0.0,0.0,0.0,32,29,1.2,1.36,1.2,17,77
00-0035676,A.J. Brown,WR,NE,2026,1,0,0,0.0,0,,0,4,3,19,0.129,0.086,31,31,5.6,5.67,5.6,31,70
00-0035685,David Montgomery,RB,HOU,2026,1,0,0,0.0,0,,20,3,3,5,0.0811,0.0155,32,33,28.9,23.01,28.9,39,80
00-0035685,David Montgomery,RB,HOU,2026,2,0,0,0.0,0,,6,2,2,9,0.04,0.0189,18,21,4.4,5.75,4.4,42,81
00-0035689,Dawson Knox,TE,BUF,2026,1,0,0,0.0,0,,0,1,1,2,0.0357,0.0052,21,18,1.7,1.51,1.7,39,58
00-0035689,Dawson Knox,TE,BUF,2026,2,0,0,0.0,0,,0,2,2,3,0.0714,0.0128,36,22,8.5,6.41,8.5,56,74
00-0035704,Drew Lock,QB,SEA,2026,1,22,16,6.445,1,4.779,2,0,0,0.0,0.0,0.0,22,24,12.8,8.72,12.78,45,50
00-0035704,Drew Lock,QB,SEA,2026,2,26,19,16.089,1,8.664,0,0,0,0.0,0.0,0.0,40,40,21.4,13.01,21.4,70,70
00-0035710,Daniel Jones,QB,IND,2026,1,31,19,-9.612,2,-5.06,1,0,0,0.0,0.0,0.0,20,23,9.0,11.22,9.04,54,54
00-0035710,Daniel Jones,QB,IND,2026,2,31,22,5.886,0,3.943,3,0,0,0.0,0.0,0.0,32,30,11.4,13.25,11.4,65,65
00-0035719,Deebo Samuel Sr.,WR,SF,2026,1,0,0,0.0,0,,1,7,6,17,0.2059,0.1141,30,30,18.0,16.77,18.0,27,64
00-0035719,Deebo Samuel Sr.,WR,SF,2026,2,0,0,0.0,0,,1,4,3,19,0.1905,0.1056,27,25,6.5,6.91,6.5,31,52
00-0035891,Cody White,WR,LV,2026,1,0,0,0.0,0,,0,1,0,3,0.0345,0.0133,37,36,0.0,1.49,0.0,,
00-0035891,Cody White,WR,LV,2026,2,0,0,0.0,0,,0,2,2,24,0.069,0.0848,29,28,16.4,5.69,16.4,,
00-0036040,Juwan Johnson,TE,NO,2026,1,0,0,0.0,0,,0,7,3,77,0.1346,0.1594,25,28,14.4,14.65,14.4,76,90
00-0036040,Juwan Johnson,TE,NO,2026,2,0,0,0.0,0,,0,4,4,11,0.125,0.0516,27,25,10.6,6.67,10.6,36,68
00-0036139,Rico Dowdle,RB,PIT,2026,1,0,0,0.0,0,,8,5,2,4,0.1351,0.0098,21,25,4.1,10.99,4.1,39,67
00-0036139,Rico Dowdle,RB,PIT,2026,2,0,0,0.0,0,,7,2,2,2,0.0541,0.0093,23,24,6.4,5.79,6.4,18,69
00-0036158,J.K. Dobbins,RB,DEN,2026,1,0,0,0.0,0,,8,0,0,0.0,0.0,0.0,15,15,3.6,3.9,3.6,22,51
00-0036158,J.K. Dobbins,RB,DEN,2026,2,0,0,0.0,0,,10,0,0,0.0,0.0,0.0,28,26,3.6,14.61,3.6,21,62
00-0036187,Reggie Gilliam,RB,NE,2026,2,0,0,0.0,0,,0,2,1,-1,0.0952,-0.0051,28,26,1.4,2.87,1.4,20,56
00-0036223,Jonathan Taylor,RB,IND,2026,1,0,0,0.0,0,,19,4,3,0.0,0.1379,0.0,20,23,25.1,22.62,25.1,48,54
00-0036223,Jonathan Taylor,RB,IND,2026,2,0,0,0.0,0,,24,4,4,-1,0.1333,-0.0062,32,30,29.2,20.96,29.2,61,65
00-0036244,Colby Parkinson,TE,LA,2026,1,0,0,0.0,0,,0,2,1,9,0.0741,0.0353,29,30,1.6,4.01,1.6,47,61
00-0036244,Colby Parkinson,TE,LA,2026,2,0,0,0.0,0,,0,2,2,-3,0.0667,-0.0091,28,27,3.5,3.31,3.5,44,62
00-0036252,Michael Pittman,WR,PIT,2026,1,0,0,0.0,0,,0,3,3,33,0.0811,0.0811,21,25,8.8,4.7,8.8,59,67
00-0036259,Jauan Jennings,WR,MIN,2026,1,0,0,0.0,0,,0,1,0,30,0.0435,0.1705,34,28,0.0,1.28,0.0,31,65
00-0036264,Jordan Love,QB,GB,2026,1,42,21,-2.704,4,-9.654,1,0,0,0.0,0.0,0.0,21,20,19.5,22.18,21.48,68,68
00-0036264,Jordan Love,QB,GB,2026,2,29,16,-3.169,3,-13.596,0,0,0,0.0,0.0,0.0,18,21,13.8,11.17,13.8,59,59
00-0036265,AJ Dillon,RB,CAR,2026,1,0,0,0.0,0,,5,0,0,0.0,0.0,0.0,22,23,2.8,2.75,2.8,7,70
00-0036265,AJ Dillon,RB,CAR,2026,2,0,0,0.0,0,,3,0,0,0.0,0.0,0.0,22,23,-0.3,1.31,-0.3,4,67
00-0036275,D'Andre Swift,RB,CHI,2026,1,0,0,0.0,0,,18,1,1,4,0.0385,0.0125,39,31,32.4,17.5,32.4,43,75
00-0036275,D'Andre Swift,RB,CHI,2026,2,0,0,0.0,0,,16,5,5,-15,0.1667,-0.0794,31,33,12.9,20.22,12.9,50,74
00-0036290,Cole Kmet,TE,CHI,2026,1,0,0,0.0,0,,0,3,2,47,0.1154,0.1473,39,31,11.5,7.3,11.5,43,75
00-0036290,Cole Kmet,TE,CHI,2026,2,0,0,0.0,0,,0,1,0,9,0.0333,0.0476,31,33,0.0,1.21,0.0,51,74
00-0036309,Darnell Mooney,WR,NYG,2026,1,0,0,0.0,0,,0,2,2,25,0.069,0.102,37,30,4.7,3.49,4.7,39,68
00-0036309,Darnell Mooney,WR,NYG,2026,2,0,0,0.0,0,,0,3,2,35,0.0938,0.1026,21,23,6.8,4.74,6.8,42,58
00-0036322,Justin Jefferson,WR,MIN,2026,1,0,0,0.0,0,,0,9,8,80,0.3913,0.4545,34,28,31.2,17.69,31.2,60,65
00-0036322,Justin Jefferson,WR,MIN,2026,2,0,0,0.0,0,,0,6,3,91,0.3158,0.5796,28,27,8.5,10.92,8.5,52,52
00-0036355,Justin Herbert,QB,LAC,2026,1,27,17,-5.608,3,-6.209,5,0,0,0.0,0.0,0.0,21,16,13.3,20.05,13.26,55,55
00-0036355,Justin Herbert,QB,LAC,2026,2,27,15,-0.563,3,-6.277,3,0,0,0.0,0.0,0.0,32,31,7.9,10.05,7.88,68,68
00-0036358,CeeDee Lamb,WR,DAL,2026,1,0,0,0.0,0,,1,8,5,90,0.2667,0.2913,18,20,15.4,16.02,15.4,47,58
00-0036358,CeeDee Lamb,WR,DAL,2026,2,0,0,0.0,0,,0,9,8,136,0.2903,0.5574,21,19,35.3,21.23,35.3,41,55
00-0036389,Jalen Hurts,QB,PHI,2026,1,25,14,1.273,3,0.868,7,0,0,0.0,0.0,0.0,25,20,24.7,14.64,24.72,55,55
00-0036389,Jalen Hurts,QB,PHI,2026,2,37,26,8.767,3,15.942,5,0,0,0.0,0.0,0.0,32,29,16.2,21.43,16.16,76,76
00-0036407,Jerry Jeudy,WR,CLE,2026,1,0,0,0.0,0,,0,4,2,40,0.1818,0.1754,22,18,4.6,5.67,4.6,32,51
00-0036407,Jerry Jeudy,WR,CLE,2026,2,0,0,0.0,0,,0,1,0,10,0.0333,0.0926,23,21,0.0,1.47,0.0,34,58
00-0036410,Tee Higgins,WR,CIN,2026,1,0,0,0.0,0,,0,6,3,117,0.1765,0.5177,27,29,8.9,12.24,8.9,46,64
00-0036410,Tee Higgins,WR,CIN,2026,2,0,0,0.0,0,,0,10,5,93,0.3226,0.5376,23,26,14.5,15.72,14.5,43,60
00-0036422,Adam Trautman,TE,DEN,2026,1,0,0,0.0,0,,0,3,2,-1,0.1111,-0.0109,15,15,3.0,3.83,3.0,19,51
00-0036425,DeeJay Dallas,RB,MIN,2026,1,0,0,0.0,0,,0,1,1,1,0.0435,0.0057,34,28,1.1,1.35,1.1,6,67
00-0036425,DeeJay Dallas,RB,MIN,2026,2,0,0,0.0,0,,2,1,1,-4,0.0526,-0.0255,28,27,3.0,2.38,3.0,8,53
00-0036429,Charlie Woerner,TE,ATL,2026,2,0,0,0.0,0,,0,1,0,1,0.0323,0.0063,32,32,0.0,1.36,0.0,34,69
00-0036442,Joe Burrow,QB,CIN,2026,1,35,25,-2.627,1,6.352,5,0,0,0.0,0.0,0.0,27,29,14.2,21.24,14.16,64,64
00-0036442,Joe Burrow,QB,CIN,2026,2,31,20,-0.548,5,-6.508,1,0,0,0.0,0.0,0.0,23,26,16.2,11.0,16.18,60,60
00-0036463,Chris Blair,WR,ATL,2026,2,0,0,0.0,0,,0,3,1,24,0.0968,0.1509,32,32,1.6,4.84,1.6,34,69
00-0036550,Rashod Bateman,WR,BAL,2026,1,0,0,0.0,0,,0,1,0,23,0.0417,0.0855,37,32,0.0,2.21,0.0,53,68
00-0036550,Rashod Bateman,WR,BAL,2026,2,0,0,0.0,0,,0,9,7,125,0.3103,0.3894,22,23,21.8,16.04,21.8,54,58
00-0036554,Nico Collins,WR,HOU,2026,1,0,0,0.0,0,,1,10,7,120,0.2703,0.3727,32,33,21.2,19.85,21.2,57,79
00-0036555,Chuba Hubbard,RB,CAR,2026,1,0,0,0.0,0,,10,3,3,0.0,0.0882,0.0,22,23,23.7,14.91,23.7,48,68
00-0036555,Chuba Hubbard,RB,CAR,2026,2,0,0,0.0,0,,12,2,2,-4,0.0625,-0.0129,22,23,14.4,12.49,14.4,43,66
00-0036590,Quintin Morris,TE,JAX,2026,1,0,0,0.0,0,,0,1,0,2,0.0476,0.0083,32,27,0.0,1.49,0.0,24,57
00-0036590,Quintin Morris,TE,JAX,2026,2,0,0,0.0,0,,0,1,1,3,0.0357,0.0099,24,25,1.7,1.24,1.7,13,59
00-0036613,Jaylen Waddle,WR,DEN,2026,1,0,0,0.0,0,,0,3,1,13,0.1111,0.1413,15,15,1.2,4.04,1.2,38,51
00-0036613,Jaylen Waddle,WR,DEN,2026,2,0,0,0.0,0,,0,10,8,153,0.3448,0.5709,28,26,21.8,18.05,21.8,38,62
00-0036626,Dyami Brown,WR,WAS,2026,1,0,0,0.0,0,,0,2,0,64,0.069,0.2019,32,30,0.0,2.69,0.0,37,70
00-0036626,Dyami Brown,WR,WAS,2026,2,1,1,-0.465,0,11.771,0,6,4,48,0.1765,0.1337,32,31,4.1,12.52,4.1,39,71
00-0036628,John Bates,TE,WAS,2026,1,0,0,0.0,0,,0,3,2,6,0.1034,0.0189,32,30,3.3,6.81,3.3,34,69
00-0036637,Noah Gray,TE,KC,2026,1,0,0,0.0,0,,0,1,1,5,0.04,0.0376,38,36,1.5,1.6,1.5,38,69
00-0036637,Noah Gray,TE,KC,2026,2,0,0,0.0,0,,0,1,0,11,0.0233,0.042,29,34,0.0,1.7,0.0,40,80
00-0036754,Brock Wright,TE,DET,2026,1,0,0,0.0,0,,0,1,1,2,0.0256,0.0097,33,37,1.5,1.57,1.5,39,76
00-0036849,Tutu Atwell,WR,LA,2026,2,0,0,0.0,0,,0,2,1,58,0.0667,0.1752,28,27,2.9,4.78,2.9,11,61
00-0036862,Ben Skowronek,WR,PIT,2026,2,0,0,0.0,0,,0,1,1,1,0.027,0.0047,23,24,1.2,1.01,1.2,15,71
00-0036875,Rhamondre Stevenson,RB,NE,2026,1,0,0,0.0,0,,18,6,5,-6,0.1935,-0.0271,31,31,14.5,17.51,14.5,60,71
00-0036875,Rhamondre Stevenson,RB,NE,2026,2,0,0,0.0,0,,6,2,1,3,0.0952,0.0153,28,26,3.6,5.49,3.6,20,56
00-0036887,Luke Farrell,TE,SF,2026,1,0,0,0.0,0,,0,2,2,3,0.0588,0.0201,30,30,3.9,3.0,3.9,46,65
00-0036893,Najee Harris,RB,NYG,2026,2,0,0,0.0,0,,4,0,0,0.0,0.0,0.0,21,23,0.6,4.04,0.6,8,57
00-0036894,Pat Freiermuth,TE,PIT,2026,1,0,0,0.0,0,,0,5,5,21,0.1351,0.0516,21,25,15.6,10.54,15.6,49,67
00-0036894,Pat Freiermuth,TE,PIT,2026,2,0,0,0.0,0,,1,5,4,47,0.1351,0.2186,23,24,7.4,6.89,7.4,46,70
00-0036900,Ja'Marr Chase,WR,CIN,2026,1,0,0,0.0,0,,0,4,2,34,0.1176,0.1504,27,29,3.2,7.76,3.2,60,64
00-0036900,Ja'Marr Chase,WR,CIN,2026,2,0,0,0.0,0,,0,9,7,81,0.2903,0.4682,23,26,26.5,16.46,26.5,53,60
00-0036912,DeVonta Smith,WR,PHI,2026,1,0,0,0.0,0,,0,6,3,79,0.2727,0.3511,25,20,8.3,10.36,8.3,52,55
00-0036912,DeVonta Smith,WR,PHI,2026,2,0,0,0.0,0,,0,13,10,188,0.3824,0.6438,32,29,27.7,23.07,27.7,67,76
00-0036919,Kenny Gainwell,RB,TB,2026,1,0,0,0.0,0,,5,1,1,-5,0.037,-0.035,20,21,2.8,3.67,2.8,26,57
00-0036919,Kenny Gainwell,RB,TB,2026,2,0,0,0.0,0,,2,4,3,-15,0.1212,-0.0356,25,26,4.5,7.73,4.5,23,66
00-0036963,Amon-Ra St. Brown,WR,DET,2026,1,0,0,0.0,0,,0,14,10,70,0.359,0.3382,33,37,28.7,26.1,28.7,69,77
00-0036963,Amon-Ra St. Brown,WR,DET,2026,2,0,0,0.0,0,,0,13,9,148,0.3421,0.4392,20,24,35.2,24.86,35.2,62,65
00-0036970,Kyle Pitts,TE,ATL,2026,1,0,0,0.0,0,,0,1,0,26,0.0526,0.3377,31,38,0.0,1.56,0.0,38,60
00-0036970,Kyle Pitts,TE,ATL,2026,2,0,0,0.0,0,,0,3,1,26,0.0968,0.1635,32,32,2.5,4.56,2.5,26,68
00-0036971,Trevor Lawrence,QB,JAX,2026,1,23,18,19.021,1,22.325,2,0,0,0.0,0.0,0.0,32,27,26.1,15.45,26.1,50,57
00-0036971,Trevor Lawrence,QB,JAX,2026,2,29,17,-4.115,2,0.915,2,0,0,0.0,0.0,0.0,24,25,6.2,14.09,6.16,59,59
00-0036972,Mac Jones,QB,SF,2026,2,0,0,0.0,0,,2,0,0,0.0,0.0,0.0,27,25,-0.2,-0.2,-0.2,8,53
00-0036973,Travis Etienne,RB,NO,2026,1,0,0,0.0,0,,9,9,7,-2,0.1731,-0.0041,25,28,14.8,18.42,14.8,53,90
00-0036973,Travis Etienne,RB,NO,2026,2,0,0,0.0,0,,8,2,2,-7,0.0625,-0.0329,27,25,7.1,7.39,7.1,37,69
00-0036988,Josh Palmer,WR,BUF,2026,1,0,0,0.0,0,,0,2,1,62,0.0714,0.1619,21,18,10.4,4.67,10.4,18,58
00-0036988,Josh Palmer,WR,BUF,2026,2,0,0,0.0,0,,0,3,1,39,0.1071,0.166,36,22,11.3,5.24,11.3,28,74
00-0036997,Javonte Williams,RB,DAL,2026,1,0,0,0.0,0,,12,5,5,-11,0.1667,-0.0356,18,20,24.2,20.13,24.2,41,58
00-0036997,Javonte Williams,RB,DAL,2026,2,0,0,0.0,0,,12,4,3,-12,0.129,-0.0492,21,19,8.0,14.86,8.0,44,55
00-0037005,Tommy Tremble,TE,CAR,2026,1,0,0,0.0,0,,0,5,3,23,0.1471,0.0628,22,23,5.5,7.9,5.5,38,68
00-0037005,Tommy Tremble,TE,CAR,2026,2,0,0,0.0,0,,0,2,1,19,0.0625,0.0611,22,23,1.4,4.1,1.4,37,66
00-0037085,Tyler Badie,RB,DEN,2026,2,0,0,0.0,0,,1,3,2,-9,0.1034,-0.0336,28,26,4.9,5.22,4.9,16,62
00-0037091,Bo Melton,WR,GB,2026,1,0,0,0.0,0,,0,1,1,10,0.025,0.0213,21,20,2.0,1.06,2.0,8,67
00-0037091,Bo Melton,WR,GB,2026,2,0,0,0.0,0,,0,1,0,8,0.0345,0.037,18,21,0.0,1.56,0.0,9,60
00-0037093,Dareke Young,WR,LV,2026,2,0,0,0.0,0,,0,1,1,13,0.0345,0.0459,29,28,3.7,1.45,3.7,12,63
00-0037157,Bam Knight,RB,ARI,2026,2,0,0,0.0,0,,2,0,0,0.0,0.0,0.0,17,21,2.4,1.04,2.4,3,50
00-0037228,Jaylen Warren,RB,PIT,2026,1,0,0,0.0,0,,10,6,5,-6,0.1622,-0.0147,21,25,10.3,16.59,10.3,25,68
00-0037228,Jaylen Warren,RB,PIT,2026,2,0,0,0.0,0,,11,4,2,-11,0.1081,-0.0512,23,24,9.7,10.49,9.7,50,70
00-0037231,Kevin Austin Jr.,WR,NO,2026,2,0,0,0.0,0,,0,1,1,6,0.0312,0.0282,27,25,1.7,1.51,1.7,5,71
00-0037238,Drake London,WR,ATL,2026,1,0,0,0.0,0,,1,4,2,22,0.2105,0.2857,31,38,5.5,6.27,5.5,59,60
00-0037238,Drake London,WR,ATL,2026,2,0,0,0.0,0,,1,5,4,23,0.1613,0.1447,32,32,8.9,8.17,8.9,43,69
00-0037239,Chris Olave,WR,NO,2026,1,0,0,0.0,0,,0,13,10,234,0.25,0.4845,25,28,28.2,21.95,28.2,77,90
00-0037239,Chris Olave,WR,NO,2026,2,0,0,0.0,0,,0,10,8,104,0.3125,0.4883,27,25,22.6,17.11,22.6,57,68
00-0037240,Jameson Williams,WR,DET,2026,1,0,0,0.0,0,,0,9,4,127,0.2308,0.6135,33,37,8.5,19.53,8.5,65,77
00-0037240,Jameson Williams,WR,DET,2026,2,0,0,0.0,0,,0,4,2,50,0.1053,0.1484,20,24,5.3,5.81,5.3,63,65
00-0037247,George Pickens,WR,DAL,2026,1,0,0,0.0,0,,0,6,3,104,0.2,0.3366,18,20,5.8,8.92,5.8,49,58
00-0037247,George Pickens,WR,DAL,2026,2,0,0,0.0,0,,0,8,6,83,0.2581,0.3402,21,19,10.0,14.19,10.0,42,55
00-0037248,James Cook,RB,BUF,2026,1,0,0,0.0,0,,13,4,3,-4,0.1429,-0.0104,21,18,9.9,11.83,9.9,42,58
00-0037248,James Cook,RB,BUF,2026,2,0,0,0.0,0,,21,3,1,1,0.1071,0.0043,36,22,20.9,21.56,20.9,55,74
00-0037252,Greg Dulcich,TE,MIA,2026,1,0,0,0.0,0,,0,2,2,1,0.0741,0.0032,18,16,3.8,2.89,3.8,43,56
00-0037252,Greg Dulcich,TE,MIA,2026,2,0,0,0.0,0,,0,3,2,10,0.1304,0.0592,29,29,3.7,4.71,3.7,36,59
00-0037256,Rachaad White,RB,WAS,2026,1,0,0,0.0,0,,7,2,2,-10,0.069,-0.0315,32,30,4.7,6.31,4.7,29,71
00-0037256,Rachaad White,RB,WAS,2026,2,0,0,0.0,0,,7,6,6,8,0.1765,0.0223,32,31,14.3,13.54,14.3,37,71
00-0037261,Khalil Shakir,WR,BUF,2026,1,0,0,0.0,0,,0,6,4,39,0.2143,0.1018,21,18,9.0,14.5,8.0,31,58
00-0037261,Khalil Shakir,WR,BUF,2026,2,0,0,0.0,0,,0,6,3,73,0.2143,0.3106,36,22,6.8,11.8,6.8,36,73
00-0037263,Tyler Allgeier,RB,ARI,2026,1,0,0,0.0,0,,17,2,2,-5,0.0541,-0.0177,34,32,9.0,12.88,9.0,44,75
00-0037263,Tyler Allgeier,RB,ARI,2026,2,0,0,0.0,0,,5,2,2,-3,0.0769,-0.0275,17,21,3.9,4.38,3.9,32,50
00-0037291,Jalen Nailor,WR,LV,2026,1,0,0,0.0,0,,0,5,3,64,0.1724,0.2832,37,36,5.7,8.32,5.7,41,68
00-0037291,Jalen Nailor,WR,LV,2026,2,0,0,0.0,0,,0,3,1,27,0.1034,0.0954,29,28,1.9,5.24,1.9,38,63
00-0037292,Andrew Ogletree,TE,IND,2026,1,0,0,0.0,0,,0,1,0,3,0.0345,0.0149,20,23,0.0,1.59,0.0,6,55
00-0037292,Andrew Ogletree,TE,IND,2026,2,0,0,0.0,0,,0,1,0,4,0.0333,0.0247,32,30,0.0,1.41,0.0,19,66
00-0037525,Jordan Mason,RB,MIN,2026,1,0,0,0.0,0,,15,0,0,0.0,0.0,0.0,34,28,11.9,9.98,11.9,29,64
00-0037545,Rashid Shaheed,WR,SEA,2026,1,0,0,0.0,0,,0,3,1,19,0.125,0.1234,22,24,1.4,4.23,1.4,33,50
00-0037545,Rashid Shaheed,WR,SEA,2026,2,0,0,0.0,0,,1,6,3,67,0.2308,0.2952,40,40,6.9,11.35,6.9,39,70
00-0037557,Ronnie Rivers,RB,LA,2026,1,0,0,0.0,0,,5,1,1,2,0.037,0.0078,29,30,3.4,5.14,3.4,8,62
00-0037664,Alec Pierce,WR,IND,2026,1,0,0,0.0,0,,0,6,4,103,0.2069,0.5124,20,23,10.1,11.68,10.1,32,54
00-0037664,Alec Pierce,WR,IND,2026,2,0,0,0.0,0,,0,1,1,10,0.0333,0.0617,32,30,2.1,1.6,2.1,17,65
00-0037740,Garrett Wilson,WR,NYJ,2026,1,0,0,0.0,0,,0,7,6,77,0.3043,0.4583,39,34,13.9,12.46,13.9,50,67
00-0037740,Garrett Wilson,WR,NYJ,2026,2,0,0,0.0,0,,0,7,5,75,0.1944,0.2988,27,27,16.7,12.08,16.7,65,74
00-0037741,Jahan Dotson,WR,ATL,2026,1,0,0,0.0,0,,0,3,1,52,0.1579,0.6753,31,38,2.9,5.4,2.9,38,60
00-0037741,Jahan Dotson,WR,ATL,2026,2,0,0,0.0,0,,0,4,2,48,0.129,0.3019,32,32,3.1,5.51,3.1,52,69
00-0037742,Treylon Burks,WR,WAS,2026,2,0,0,0.0,0,,0,1,0,56,0.0294,0.156,32,31,0.0,3.85,0.0,21,70
00-0037744,Trey McBride,TE,ARI,2026,1,0,0,0.0,0,,0,13,9,89,0.3514,0.3145,34,32,24.5,24.2,24.5,60,75
00-0037744,Trey McBride,TE,ARI,2026,2,0,0,0.0,0,,0,10,8,36,0.3846,0.3303,17,21,18.1,17.81,18.1,44,50
00-0037746,Brian Robinson,RB,ATL,2026,1,0,0,0.0,0,,9,0,0,0.0,0.0,0.0,31,38,3.1,4.02,3.1,15,60
00-0037746,Brian Robinson,RB,ATL,2026,2,0,0,0.0,0,,11,2,2,0.0,0.0645,0.0,32,32,8.7,8.53,8.7,33,69
00-0037801,KaVontae Turpin,WR,DAL,2026,1,0,0,0.0,0,,0,1,1,1,0.0333,0.0032,18,20,1.8,1.29,1.8,8,57
00-0037801,KaVontae Turpin,WR,DAL,2026,2,0,0,0.0,0,,1,0,0,0.0,0.0,0.0,21,19,0.1,1.64,0.1,5,56
00-0037805,Jeremy Ruckert,TE,NYJ,2026,1,0,0,0.0,0,,0,1,1,1,0.0435,0.006,39,34,1.4,1.54,1.4,29,67
00-0037805,Jeremy Ruckert,TE,NYJ,2026,2,0,0,0.0,0,,0,2,2,-10,0.0556,-0.0398,27,27,2.5,2.89,2.5,25,74
00-0037809,Chig Okonkwo,TE,WAS,2026,1,0,0,0.0,0,,0,3,2,39,0.1034,0.123,32,30,3.6,5.09,3.6,39,70
00-0037816,Romeo Doubs,WR,NE,2026,1,0,0,0.0,0,,0,3,0,75,0.0968,0.3394,31,31,0.0,6.29,0.0,40,71
00-0037816,Romeo Doubs,WR,NE,2026,2,0,0,0.0,0,,0,4,3,76,0.1905,0.3878,28,26,12.6,6.62,12.6,37,55
00-0037834,Brock Purdy,QB,SF,2026,1,34,25,4.826,0,0.772,5,0,0,0.0,0.0,0.0,30,30,21.1,23.5,21.1,65,65
00-0037834,Brock Purdy,QB,SF,2026,2,22,20,23.33,0,29.04,3,0,0,0.0,0.0,0.0,27,25,28.5,18.15,28.48,44,52
00-0037838,Isaiah Likely,TE,NYG,2026,1,0,0,0.0,0,,0,8,8,64,0.2759,0.2612,37,30,27.8,17.69,27.8,34,69
00-0037838,Isaiah Likely,TE,NYG,2026,2,0,0,0.0,0,,0,10,5,48,0.3125,0.1408,21,23,8.3,14.39,8.3,40,58
00-0037840,Kyren Williams,RB,LA,2026,1,0,0,0.0,0,,11,3,3,7,0.1111,0.0275,29,30,15.5,12.55,15.5,39,61
00-0037840,Kyren Williams,RB,LA,2026,2,0,0,0.0,0,,12,2,2,5,0.0667,0.0151,28,27,15.7,12.4,15.7,34,62
00-0038041,Jake Ferguson,TE,DAL,2026,1,0,0,0.0,0,,0,2,2,6,0.0667,0.0194,18,20,2.6,6.04,2.6,44,58
00-0038041,Jake Ferguson,TE,DAL,2026,2,0,0,0.0,0,,0,4,4,29,0.129,0.1189,21,19,20.3,11.03,20.3,33,55
00-0038046,Charlie Kolar,TE,LAC,2026,2,0,0,0.0,0,,0,3,3,11,0.1154,0.0409,32,31,5.1,4.43,5.1,42,68
00-0038090,Skyy Moore,WR,GB,2026,1,0,0,0.0,0,,0,1,0,12,0.025,0.0256,21,20,0.0,3.05,0.0,4,67
00-0038090,Skyy Moore,WR,GB,2026,2,0,0,0.0,0,,0,3,2,43,0.1034,0.1991,18,21,2.6,4.2,2.6,21,58
00-0038102,Kenny Pickett,QB,CAR,2026,1,1,0,-0.381,0,-77.157,1,0,0,0.0,0.0,0.0,22,23,2.4,0.94,2.4,7,70
00-0038102,Kenny Pickett,QB,CAR,2026,2,0,0,0.0,0,,1,0,0,0.0,0.0,0.0,22,23,-0.4,-0.1,-0.4,4,67
00-0038104,Tyquan Thornton,WR,KC,2026,1,0,0,0.0,0,,0,1,0,36,0.04,0.2707,38,36,0.0,2.5,0.0,47,69
00-0038104,Tyquan Thornton,WR,KC,2026,2,0,0,0.0,0,,0,4,4,85,0.093,0.3244,29,34,12.6,7.16,12.6,47,80
00-0038115,Daniel Bellinger,TE,TEN,2026,1,0,0,0.0,0,,0,1,1,1,0.0357,0.0053,14,13,1.7,1.26,1.7,14,50
00-0038115,Daniel Bellinger,TE,TEN,2026,2,0,0,0.0,0,,0,1,0,4,0.0588,0.0286,29,28,0.0,1.55,0.0,24,53
00-0038117,Wan'Dale Robinson,WR,TEN,2026,1,0,0,0.0,0,,0,6,5,23,0.2143,0.1211,14,13,8.8,8.27,8.8,41,50
00-0038117,Wan'Dale Robinson,WR,TEN,2026,2,0,0,0.0,0,,0,1,1,6,0.0588,0.0429,29,28,1.9,1.3,1.9,28,53
00-0038120,Breece Hall,RB,NYJ,2026,1,0,0,0.0,0,,22,2,2,3,0.087,0.0179,39,34,19.8,16.18,19.8,39,67
00-0038120,Breece Hall,RB,NYJ,2026,2,0,0,0.0,0,,16,5,5,-1,0.1389,-0.004,27,27,14.2,14.59,14.2,48,74
00-0038124,Christian Watson,WR,GB,2026,1,0,0,0.0,0,,0,8,6,127,0.2,0.2708,21,20,32.7,16.57,32.7,52,68
00-0038124,Christian Watson,WR,GB,2026,2,0,0,0.0,0,,0,11,4,86,0.3793,0.3981,18,21,14.1,18.7,14.1,53,59
00-0038128,Malik Willis,QB,MIA,2026,1,27,15,-5.49,5,-8.85,6,0,0,0.0,0.0,0.0,18,16,16.7,12.96,16.7,56,56
00-0038128,Malik Willis,QB,MIA,2026,2,23,14,4.454,4,-8.617,2,0,0,0.0,0.0,0.0,29,29,12.5,7.04,12.48,59,59
00-0038129,Cade Otton,TE,TB,2026,1,0,0,0.0,0,,0,5,3,32,0.1852,0.2238,20,21,5.6,8.93,5.6,56,57
00-0038129,Cade Otton,TE,TB,2026,2,0,0,0.0,0,,0,6,5,45,0.1818,0.1069,25,26,8.8,8.87,8.8,58,65
00-0038134,Kenneth Walker III,RB,KC,2026,1,0,0,0.0,0,,23,6,3,-2,0.24,-0.015,38,36,34.1,26.15,34.1,47,69
00-0038134,Kenneth Walker III,RB,KC,2026,2,0,0,0.0,0,,24,10,6,13,0.2326,0.0496,29,34,23.8,36.31,23.8,66,80
00-0038359,Xavier Smith,WR,LA,2026,2,0,0,0.0,0,,0,1,0,0.0,0.0333,0.0,28,27,0.0,2.07,0.0,26,62
00-0038393,Dontayvion Wicks,WR,PHI,2026,1,0,0,0.0,0,,0,4,2,79,0.1818,0.3511,25,20,15.3,8.67,15.3,50,55
00-0038393,Dontayvion Wicks,WR,PHI,2026,2,0,0,0.0,0,,0,6,5,69,0.1765,0.2363,32,29,12.4,8.98,12.4,47,76
00-0038416,Tyson Bagent,QB,CHI,2026,2,9,5,-2.844,1,8.034,0,0,0,0.0,0.0,0.0,31,33,2.2,7.02,2.16,10,71
00-0038454,Keaton Mitchell,RB,LAC,2026,1,0,0,0.0,0,,4,0,0,0.0,0.0,0.0,21,16,0.9,3.35,0.9,17,55
00-0038454,Keaton Mitchell,RB,LAC,2026,2,0,0,0.0,0,,5,1,1,3,0.0385,0.0112,32,31,4.9,4.3,4.9,17,68
00-0038488,Brady Russell,RB,SEA,2026,1,0,0,0.0,0,,0,2,2,6,0.0833,0.039,22,24,4.0,3.12,4.0,17,50
00-0038542,Bijan Robinson,RB,ATL,2026,1,0,0,0.0,0,,21,10,8,-30,0.5263,-0.3896,31,38,31.3,22.57,31.3,46,60
00-0038542,Bijan Robinson,RB,ATL,2026,2,0,0,0.0,0,,16,4,3,12,0.129,0.0755,32,32,11.1,13.36,11.1,35,69
00-0038543,Jaxon Smith-Njigba,WR,SEA,2026,1,0,0,0.0,0,,0,11,8,76,0.4583,0.4935,22,24,26.2,18.62,26.2,45,50
00-0038543,Jaxon Smith-Njigba,WR,SEA,2026,2,0,0,0.0,0,,0,11,9,121,0.4231,0.533,40,40,42.5,21.44,42.5,47,70
00-0038544,Quentin Johnston,WR,LAC,2026,1,0,0,0.0,0,,0,6,2,39,0.2222,0.1429,21,16,3.7,9.26,3.7,43,55
00-0038544,Quentin Johnston,WR,LAC,2026,2,0,0,0.0,0,,1,5,1,64,0.1923,0.2379,32,31,2.4,8.09,2.4,55,68
00-0038547,Luke Schoonmaker,TE,DAL,2026,1,0,0,0.0,0,,0,1,1,12,0.0333,0.0388,18,20,2.2,1.78,2.2,13,59
00-0038551,Kendre Miller,RB,NO,2026,1,0,0,0.0,0,,9,0,0,0.0,0.0,0.0,25,28,9.0,5.41,9.0,26,90
00-0038555,Tank Bigsby,RB,PHI,2026,1,0,0,0.0,0,,1,0,0,0.0,0.0,0.0,25,20,0.3,0.48,0.3,6,55
00-0038555,Tank Bigsby,RB,PHI,2026,2,0,0,0.0,0,,13,2,2,-8,0.0588,-0.0274,32,29,11.8,11.08,11.8,26,76
00-0038558,Darnell Washington,TE,PIT,2026,1,0,0,0.0,0,,0,2,2,6,0.0541,0.0147,21,25,3.8,2.92,3.8,43,67
00-0038558,Darnell Washington,TE,PIT,2026,2,0,0,0.0,0,,0,2,1,4,0.0541,0.0186,23,24,1.7,2.73,1.7,37,70
00-0038559,Michael Wilson,WR,ARI,2026,1,0,0,0.0,0,,0,7,5,83,0.1892,0.2933,34,32,10.6,11.13,10.6,64,75
00-0038559,Michael Wilson,WR,ARI,2026,2,0,0,0.0,0,,0,7,2,50,0.2692,0.4587,17,21,3.8,8.92,3.8,47,50
00-0038563,Tre Tucker,WR,LV,2026,1,0,0,0.0,0,,0,4,2,50,0.1379,0.2212,37,36,4.7,7.13,4.7,48,68
00-0038563,Tre Tucker,WR,LV,2026,2,0,0,0.0,0,,0,7,5,143,0.2414,0.5053,29,28,22.9,12.38,22.9,37,63
00-0038573,Derius Davis,WR,LAC,2026,1,0,0,0.0,0,,0,1,0,55,0.037,0.2015,21,16,0.0,2.74,0.0,10,56
00-0038573,Derius Davis,WR,LAC,2026,2,0,0,0.0,0,,0,1,0,14,0.0385,0.052,32,31,0.0,1.58,0.0,8,67
00-0038597,Chase Brown,RB,CIN,2026,1,0,0,0.0,0,,16,6,5,-12,0.1765,-0.0531,27,29,18.8,20.26,18.8,46,64
00-0038597,Chase Brown,RB,CIN,2026,2,0,0,0.0,0,,20,5,3,-15,0.1613,-0.0867,23,26,11.2,15.96,11.2,42,60
00-0038606,Parker Washington,WR,JAX,2026,1,0,0,0.0,0,,0,6,5,102,0.2857,0.4215,32,27,19.3,11.87,19.3,35,57
00-0038606,Parker Washington,WR,JAX,2026,2,0,0,0.0,0,,0,12,7,177,0.4286,0.5861,24,25,16.8,19.13,16.8,48,59
00-0038608,Kayshon Boutte,WR,HOU,2026,1,0,0,0.0,0,,0,2,1,32,0.0541,0.0994,32,33,3.1,4.17,3.1,36,78
00-0038608,Kayshon Boutte,WR,HOU,2026,2,0,0,0.0,0,,0,5,3,66,0.1,0.1389,18,21,6.7,9.54,6.7,58,81
00-0038611,Chris Rodriguez Jr.,RB,JAX,2026,1,0,0,0.0,0,,6,0,0,0.0,0.0,0.0,32,27,2.3,3.22,2.3,23,58
00-0038611,Chris Rodriguez Jr.,RB,JAX,2026,2,0,0,0.0,0,,6,0,0,0.0,0.0,0.0,24,25,1.3,4.39,1.3,13,59
00-0038618,Xavier Hutchinson,WR,HOU,2026,1,0,0,0.0,0,,0,6,3,57,0.1622,0.177,32,33,6.2,8.7,6.2,44,79
00-0038618,Xavier Hutchinson,WR,HOU,2026,2,0,0,0.0,0,,0,9,3,112,0.18,0.2358,18,21,6.7,14.76,6.7,65,80
00-0038619,Andrei Iosivas,WR,CIN,2026,1,0,0,0.0,0,,0,3,2,15,0.0882,0.0664,27,29,3.2,7.13,3.2,39,64
00-0038619,Andrei Iosivas,WR,CIN,2026,2,0,0,0.0,0,,0,1,1,6,0.0323,0.0347,23,26,1.7,1.67,1.7,32,60
00-0038621,DeMario Douglas,WR,NE,2026,1,0,0,0.0,0,,0,7,5,44,0.2258,0.1991,31,31,7.0,9.92,7.0,44,71
00-0038621,DeMario Douglas,WR,NE,2026,2,0,0,0.0,0,,0,2,1,0.0,0.0952,0.0,28,26,1.9,2.87,1.9,26,55
00-0038685,Chris Brooks,RB,GB,2026,1,0,0,0.0,0,,7,1,0,-6,0.025,-0.0128,21,20,2.9,5.2,2.9,38,68
00-0038685,Chris Brooks,RB,GB,2026,2,0,0,0.0,0,,4,2,1,-2,0.069,-0.0093,18,21,3.6,5.05,3.6,27,59
00-0038705,Emari Demercado,RB,DAL,2026,1,0,0,0.0,0,,2,0,0,0.0,0.0,0.0,18,20,0.7,0.96,0.7,5,56
00-0038705,Emari Demercado,RB,DAL,2026,2,0,0,0.0,0,,3,0,0,0.0,0.0,0.0,21,19,0.8,1.84,0.8,9,56
00-0038710,Blake Whiteheart,TE,CLE,2026,1,0,0,0.0,0,,0,1,1,6,0.0455,0.0263,22,18,2.4,1.68,2.4,20,51
00-0038710,Blake Whiteheart,TE,CLE,2026,2,0,0,0.0,0,,0,2,1,6,0.0667,0.0556,23,21,8.7,2.82,8.7,27,57
00-0038728,Jared Wayne,WR,HOU,2026,1,0,0,0.0,0,,0,1,1,12,0.027,0.0373,32,33,2.2,2.25,2.2,25,78
00-0038728,Jared Wayne,WR,HOU,2026,2,0,0,0.0,0,,0,7,2,104,0.14,0.2189,18,21,5.3,14.13,5.3,40,80
00-0038738,Hunter Luepke,RB,DAL,2026,1,0,0,0.0,0,,1,0,0,0.0,0.0,0.0,18,20,0.7,0.7,0.7,15,58
00-0038738,Hunter Luepke,RB,DAL,2026,2,0,0,0.0,0,,1,0,0,0.0,0.0,0.0,21,19,0.1,0.31,0.1,10,56
00-0038783,Nate Adkins,TE,DEN,2026,2,0,0,0.0,0,,1,3,3,24,0.1034,0.0896,28,26,12.8,6.32,12.8,23,62
00-0038794,Jaleel McLaughlin,RB,CLE,2026,2,0,0,0.0,0,,1,1,0,1,0.0333,0.0093,23,21,0.3,1.96,0.3,8,57
00-0038797,Emanuel Wilson,RB,SEA,2026,1,0,0,0.0,0,,2,0,0,0.0,0.0,0.0,22,24,0.3,0.75,0.3,3,50
00-0038797,Emanuel Wilson,RB,SEA,2026,2,0,0,0.0,0,,21,1,0,1,0.0385,0.0044,40,40,9.2,21.57,9.2,29,71
00-0038824,Ryan Miller,WR,MIA,2026,2,0,0,0.0,0,,0,1,1,41,0.0435,0.2426,29,29,14.7,1.61,14.7,7,58
00-0038933,Dalton Kincaid,TE,BUF,2026,1,0,0,0.0,0,,0,6,5,98,0.2143,0.2559,21,18,18.0,10.73,18.0,42,58
00-0038933,Dalton Kincaid,TE,BUF,2026,2,0,0,0.0,0,,0,8,7,84,0.2857,0.3574,36,22,22.5,16.74,22.5,49,74
00-0038935,Brenton Strange,TE,JAX,2026,1,0,0,0.0,0,,0,3,2,34,0.1429,0.1405,32,27,10.3,7.49,10.3,39,57
00-0038935,Brenton Strange,TE,JAX,2026,2,0,0,0.0,0,,0,2,2,17,0.0714,0.0563,24,25,3.7,3.51,3.7,49,59
00-0038994,Jordan Addison,WR,MIN,2026,1,0,0,0.0,0,,0,2,0,27,0.087,0.1534,34,28,0.0,3.22,0.0,54,65
00-0038994,Jordan Addison,WR,MIN,2026,2,0,0,0.0,0,,0,5,2,43,0.2632,0.2739,28,27,4.1,8.07,4.1,46,52
00-0038996,Tucker Kraft,TE,GB,2026,1,0,0,0.0,0,,0,6,3,82,0.15,0.1748,21,20,9.5,10.69,9.5,45,68
00-0038996,Tucker Kraft,TE,GB,2026,2,0,0,0.0,0,,0,3,2,10,0.1034,0.0463,18,21,3.5,4.87,3.5,58,59
00-0038997,Josh Downs,WR,IND,2026,1,0,0,0.0,0,,0,4,2,36,0.1379,0.1791,20,23,5.7,6.13,5.7,48,54
00-0038997,Josh Downs,WR,IND,2026,2,0,0,0.0,0,,0,9,7,73,0.3,0.4506,32,30,14.2,13.24,14.2,54,65
00-0039032,Tyjae Spears,RB,TEN,2026,1,0,0,0.0,0,,3,4,2,-12,0.1429,-0.0632,14,13,4.4,7.26,4.4,25,50
00-0039032,Tyjae Spears,RB,TEN,2026,2,0,0,0.0,0,,7,2,2,1,0.1176,0.0071,29,28,9.0,6.12,9.0,19,53
00-0039040,De'Von Achane,RB,MIA,2026,1,0,0,0.0,0,,11,5,4,4,0.1852,0.0129,18,16,10.6,11.63,10.6,48,56
00-0039040,De'Von Achane,RB,MIA,2026,2,0,0,0.0,0,,20,6,3,24,0.2609,0.142,29,29,12.3,20.1,12.3,45,59
00-0039062,Jonathan Mingo,WR,DAL,2026,1,0,0,0.0,0,,0,1,1,11,0.0333,0.0356,18,20,2.0,1.48,2.0,11,58
00-0039064,Zay Flowers,WR,BAL,2026,1,0,0,0.0,0,,0,6,5,91,0.25,0.3383,37,32,26.0,11.91,26.0,20,69
00-0039065,Sam LaPorta,TE,DET,2026,1,0,0,0.0,0,,0,8,5,7,0.2051,0.0338,33,37,9.8,15.23,9.8,62,77
00-0039065,Sam LaPorta,TE,DET,2026,2,0,0,0.0,0,,0,7,6,23,0.1842,0.0682,20,24,17.2,13.75,17.2,64,65
00-0039066,Michael Mayer,TE,LV,2026,1,0,0,0.0,0,,0,7,6,28,0.2414,0.1239,37,36,9.2,12.94,9.2,55,68
00-0039066,Michael Mayer,TE,LV,2026,2,0,0,0.0,0,,0,4,3,18,0.1379,0.0636,29,28,5.3,6.22,5.3,53,63
00-0039067,Rashee Rice,WR,KC,2026,1,0,0,0.0,0,,0,2,2,6,0.08,0.0451,38,36,9.9,2.99,9.9,57,69
00-0039067,Rashee Rice,WR,KC,2026,2,0,0,0.0,0,,0,6,4,45,0.1395,0.1718,29,34,12.3,9.92,12.3,63,80
00-0039074,Davis Allen,TE,LA,2026,1,0,0,0.0,0,,0,1,1,-1,0.037,-0.0039,29,30,2.3,1.55,2.3,21,62
00-0039074,Davis Allen,TE,LA,2026,2,0,0,0.0,0,,0,1,1,2,0.0333,0.006,28,27,1.7,1.62,1.7,32,62
00-0039075,Puka Nacua,WR,LA,2026,1,0,0,0.0,0,,0,9,5,115,0.3333,0.451,29,30,12.4,17.84,12.4,43,61
00-0039107,Stetson Bennett,QB,LA,2026,1,3,2,0.189,0,-5.17,1,0,0,0.0,0.0,0.0,29,30,1.4,1.72,1.42,10,62
00-0039139,Jahmyr Gibbs,RB,DET,2026,1,0,0,0.0,0,,29,5,5,-4,0.1282,-0.0193,33,37,33.6,32.96,33.6,57,77
00-0039139,Jahmyr Gibbs,RB,DET,2026,2,0,0,0.0,0,,16,8,6,34,0.2105,0.1009,20,24,23.3,21.9,23.3,54,65
00-0039146,Jayden Reed,WR,GB,2026,1,0,0,0.0,0,,0,7,3,50,0.175,0.1066,21,20,5.0,11.4,5.0,39,68
00-0039146,Jayden Reed,WR,GB,2026,2,0,0,0.0,0,,0,1,1,-5,0.0345,-0.0231,18,21,1.4,1.28,1.4,2,67
00-0039150,Bryce Young,QB,CAR,2026,1,37,23,15.52,2,6.635,2,0,0,0.0,0.0,0.0,22,23,31.4,20.17,31.44,61,68
00-0039150,Bryce Young,QB,CAR,2026,2,36,23,11.07,2,11.589,1,0,0,0.0,0.0,0.0,22,23,24.1,32.97,24.08,62,66
00-0039163,C.J. Stroud,QB,HOU,2026,1,38,26,1.496,3,3.162,2,0,0,0.0,0.0,0.0,32,33,16.5,16.27,20.46,79,79
00-0039163,C.J. Stroud,QB,HOU,2026,2,55,30,-6.359,4,-8.431,3,0,0,0.0,0.0,0.0,18,21,17.0,22.77,17.02,80,80
00-0039299,George Holani,RB,SEA,2026,1,0,0,0.0,0,,8,1,0,6,0.0417,0.039,22,24,2.9,6.37,2.9,23,50
00-0039299,George Holani,RB,SEA,2026,2,0,0,0.0,0,,4,1,1,-4,0.0385,-0.0176,40,40,2.5,8.22,2.5,18,69
00-0039337,Malik Nabers,WR,NYG,2026,1,0,0,0.0,0,,0,9,6,103,0.3103,0.4204,37,30,12.9,15.64,12.9,36,69
00-0039337,Malik Nabers,WR,NYG,2026,2,0,0,0.0,0,,0,4,1,77,0.125,0.2258,21,23,1.1,7.66,1.1,43,58
00-0039342,Xavier Legette,WR,CAR,2026,1,0,0,0.0,0,,0,2,0,20,0.0588,0.0546,22,23,0.0,3.14,0.0,36,68
00-0039342,Xavier Legette,WR,CAR,2026,2,0,0,0.0,0,,0,4,2,77,0.125,0.2476,22,23,8.4,7.68,8.4,33,66
00-0039344,Jonathon Brooks,RB,CAR,2026,1,0,0,0.0,0,,4,2,1,30,0.0588,0.082,22,23,7.2,4.88,7.2,13,68
00-0039344,Jonathon Brooks,RB,CAR,2026,2,0,0,0.0,0,,5,1,1,-6,0.0312,-0.0193,22,23,2.1,5.59,2.1,20,67
00-0039359,Cade Stover,TE,HOU,2026,1,0,0,0.0,0,,0,1,1,-2,0.027,-0.0062,32,33,0.8,1.07,0.8,24,80
00-0039361,Bucky Irving,RB,TB,2026,1,0,0,0.0,0,,8,7,7,-25,0.2593,-0.1748,20,21,20.3,14.04,20.3,35,57
00-0039361,Bucky Irving,RB,TB,2026,2,0,0,0.0,0,,17,4,4,-22,0.1212,-0.0523,25,26,13.0,14.64,13.0,51,65
00-0039364,Sione Vaki,RB,DET,2026,1,0,0,0.0,0,,2,1,1,2,0.0256,0.0097,33,37,2.8,2.63,2.8,22,76
00-0039364,Sione Vaki,RB,DET,2026,2,0,0,0.0,0,,1,1,1,1,0.0263,0.003,20,24,3.0,1.51,3.0,11,65
00-0039384,Tyrone Tracy Jr.,RB,NYG,2026,1,0,0,0.0,0,,2,0,0,0.0,0.0,0.0,37,30,-0.6,0.95,-0.6,2,67
00-0039410,Ryan Flournoy,WR,DAL,2026,1,0,0,0.0,0,,0,4,2,23,0.1333,0.0744,18,20,4.2,5.9,4.2,41,58
00-0039410,Ryan Flournoy,WR,DAL,2026,2,0,0,0.0,0,,0,6,5,8,0.1935,0.0328,21,19,7.3,9.37,7.3,42,55
00-0039424,Devaughn Vele,WR,NO,2026,1,0,0,0.0,0,,0,9,7,63,0.1731,0.1304,25,28,19.9,16.02,19.9,82,90
00-0039424,Devaughn Vele,WR,NO,2026,2,0,0,0.0,0,,0,7,5,69,0.2188,0.3239,27,25,11.4,13.01,11.4,65,68
00-0039451,Isaiah Williams,WR,NYJ,2026,1,0,0,0.0,0,,0,1,1,7,0.0435,0.0417,39,34,1.7,1.5,1.7,40,67
00-0039451,Isaiah Williams,WR,NYJ,2026,2,0,0,0.0,0,,1,6,6,2,0.1667,0.008,27,27,10.8,9.13,10.8,61,74
00-0039471,Frank Gore Jr.,RB,BUF,2026,1,0,0,0.0,0,,1,0,0,0.0,0.0,0.0,21,18,0.3,0.55,0.3,11,58
00-0039491,Jalen Coker,WR,CAR,2026,1,0,0,0.0,0,,0,9,8,124,0.2647,0.3388,22,23,33.8,16.69,33.8,57,68
00-0039491,Jalen Coker,WR,CAR,2026,2,0,0,0.0,0,,0,9,8,48,0.2812,0.1543,22,23,14.6,18.18,14.6,50,66
00-0039530,Brevyn Spann-Ford,TE,DAL,2026,1,0,0,0.0,0,,0,2,2,6,0.0667,0.0194,18,20,3.4,2.94,3.4,13,59
00-0039686,Colson Yankoff,TE,WAS,2026,2,0,0,0.0,0,,0,1,1,4,0.0294,0.0111,32,31,2.4,1.48,2.4,21,70
00-0039732,Bo Nix,QB,DEN,2026,1,28,17,-14.381,4,-7.78,3,0,0,0.0,0.0,0.0,15,15,5.4,8.32,7.44,51,51
00-0039732,Bo Nix,QB,DEN,2026,2,31,22,8.431,0,11.476,5,0,0,0.0,0.0,0.0,28,26,14.1,15.45,14.12,62,62
00-0039738,Blake Corum,RB,LA,2026,1,0,0,0.0,0,,10,0,0,0.0,0.0,0.0,29,30,5.4,4.78,5.4,14,61
00-0039738,Blake Corum,RB,LA,2026,2,0,0,0.0,0,,12,1,1,-6,0.0333,-0.0181,28,27,10.2,7.7,10.2,28,62
00-0039739,Roman Wilson,WR,PIT,2026,1,0,0,0.0,0,,0,6,3,126,0.1622,0.3096,21,25,5.6,12.13,5.6,37,67
00-0039739,Roman Wilson,WR,PIT,2026,2,0,0,0.0,0,,0,6,5,21,0.1622,0.0977,23,24,7.8,7.96,7.8,55,70
00-0039746,Will Shipley,RB,PHI,2026,1,0,0,0.0,0,,2,1,1,6,0.0455,0.0267,25,20,2.2,2.49,2.2,10,56
00-0039746,Will Shipley,RB,PHI,2026,2,0,0,0.0,0,,7,2,2,0.0,0.0588,0.0,32,29,4.9,6.48,4.9,39,76
00-0039751,Jordan Whittington,WR,LA,2026,1,0,0,0.0,0,,0,1,1,8,0.037,0.0314,29,30,1.8,1.62,1.8,25,61
00-0039792,Devontez Walker,WR,BAL,2026,2,0,0,0.0,0,,0,2,1,60,0.069,0.1869,22,23,5.7,3.68,5.7,17,59
00-0039793,AJ Barner,TE,SEA,2026,1,0,0,0.0,0,,0,2,2,-1,0.0833,-0.0065,22,24,3.3,2.83,3.3,44,50
00-0039793,AJ Barner,TE,SEA,2026,2,0,0,0.0,0,,1,1,1,8,0.0385,0.0352,40,40,7.9,4.7,7.9,56,70
00-0039794,Braelon Allen,RB,NYJ,2026,1,0,0,0.0,0,,10,1,0,0.0,0.0435,0.0,39,34,4.0,6.39,4.0,27,68
00-0039794,Braelon Allen,RB,NYJ,2026,2,0,0,0.0,0,,5,1,1,3,0.0278,0.012,27,27,8.5,4.78,8.5,23,74
00-0039811,MarShawn Lloyd,RB,GB,2026,1,0,0,0.0,0,,13,1,0,18,0.025,0.0384,21,20,3.7,9.1,3.7,30,68
00-0039811,MarShawn Lloyd,RB,GB,2026,2,0,0,0.0,0,,6,2,2,-4,0.069,-0.0185,18,21,8.6,7.44,8.6,16,59
00-0039814,Erick All,TE,CIN,2026,2,0,0,0.0,0,,0,3,2,-1,0.0968,-0.0058,23,26,2.5,4.73,2.5,25,60
00-0039847,Theo Johnson,TE,NYG,2026,1,0,0,0.0,0,,0,1,1,2,0.0345,0.0082,37,30,1.9,1.54,1.9,32,70
00-0039847,Theo Johnson,TE,NYG,2026,2,0,0,0.0,0,,0,4,0,55,0.125,0.1613,21,23,0.0,8.03,0.0,16,57
00-0039849,Marvin Harrison Jr.,WR,ARI,2026,1,0,0,0.0,0,,0,3,1,71,0.0811,0.2509,34,32,4.3,4.84,4.3,59,75
00-0039849,Marvin Harrison Jr.,WR,ARI,2026,2,0,0,0.0,0,,0,1,0,3,0.0385,0.0275,17,21,0.0,1.23,0.0,37,50
00-0039851,Drake Maye,QB,NE,2026,1,33,23,-4.621,3,5.97,7,0,0,0.0,0.0,0.0,31,31,9.8,17.43,9.82,71,71
00-0039851,Drake Maye,QB,NE,2026,2,22,14,-1.263,3,0.852,4,0,0,0.0,0.0,0.0,28,26,8.0,9.12,8.02,55,55
00-0039868,Troy Franklin,WR,DEN,2026,1,0,0,0.0,0,,1,1,0,31,0.037,0.337,15,15,0.5,1.56,0.5,17,52
00-0039868,Troy Franklin,WR,DEN,2026,2,0,0,0.0,0,,0,2,1,33,0.069,0.1231,28,26,3.7,4.94,3.7,13,62
00-0039874,Jaylen Wright,RB,MIA,2026,1,0,0,0.0,0,,1,0,0,0.0,0.0,0.0,18,16,-0.1,0.59,-0.1,4,57
00-0039874,Jaylen Wright,RB,MIA,2026,2,0,0,0.0,0,,2,0,0,0.0,0.0,0.0,29,29,1.1,1.17,1.1,3,60
00-0039875,Ray Davis,RB,BUF,2026,1,0,0,0.0,0,,1,0,0,0.0,0.0,0.0,21,18,0.3,0.43,0.3,5,56
00-0039880,Malik Washington,WR,MIA,2026,1,0,0,0.0,0,,0,8,3,135,0.2963,0.4369,18,16,6.3,12.67,6.3,55,56
00-0039880,Malik Washington,WR,MIA,2026,2,0,0,0.0,0,,1,5,4,27,0.2174,0.1598,29,29,8.7,7.47,8.7,43,59
00-0039890,Adonai Mitchell,WR,NYJ,2026,1,0,0,0.0,0,,0,3,3,59,0.1304,0.3512,39,34,9.0,5.48,9.0,46,67
00-0039890,Adonai Mitchell,WR,NYJ,2026,2,0,0,0.0,0,,0,12,6,178,0.3333,0.7092,27,27,12.3,19.01,12.3,61,74
00-0039893,Brian Thomas Jr.,WR,JAX,2026,1,0,0,0.0,0,,0,3,3,44,0.1429,0.1818,32,27,7.0,5.73,7.0,20,57
00-0039893,Brian Thomas Jr.,WR,JAX,2026,2,0,0,0.0,0,,0,8,3,82,0.2857,0.2715,24,25,7.0,11.22,7.0,32,59
00-0039894,Xavier Worthy,WR,KC,2026,1,0,0,0.0,0,,0,6,3,42,0.24,0.3158,38,36,4.8,9.36,4.8,53,69
00-0039894,Xavier Worthy,WR,KC,2026,2,0,0,0.0,0,,0,7,5,40,0.1628,0.1527,29,34,13.5,16.26,13.5,69,80
00-0039901,Keon Coleman,WR,BUF,2026,1,0,0,0.0,0,,0,1,1,4,0.0357,0.0104,21,18,1.1,2.54,1.1,29,58
00-0039901,Keon Coleman,WR,BUF,2026,2,0,0,0.0,0,,0,6,6,48,0.2143,0.2043,36,22,12.3,10.46,12.3,55,74
00-0039910,Jayden Daniels,QB,WAS,2026,1,34,18,3.906,1,-3.445,5,0,0,0.0,0.0,0.0,32,30,17.7,21.61,17.66,70,70
00-0039910,Jayden Daniels,QB,WAS,2026,2,17,11,0.179,0,3.495,7,0,0,0.0,0.0,0.0,32,31,14.7,19.73,14.74,39,71
00-0039912,Ben Sinnott,TE,WAS,2026,2,0,0,0.0,0,,0,1,1,4,0.0294,0.0111,32,31,1.6,1.64,1.6,48,71
00-0039915,Ladd McConkey,WR,LAC,2026,1,0,0,0.0,0,,0,7,5,97,0.2593,0.3553,21,16,19.2,16.48,19.2,27,55
00-0039915,Ladd McConkey,WR,LAC,2026,2,0,0,0.0,0,,0,3,3,34,0.1154,0.1264,32,31,6.5,4.62,6.5,31,67
00-0039918,Caleb Williams,QB,CHI,2026,1,29,21,18.565,2,16.58,10,0,0,0.0,0.0,0.0,39,31,37.3,30.94,37.26,75,75
00-0039918,Caleb Williams,QB,CHI,2026,2,26,15,-1.048,3,-5.577,5,0,0,0.0,0.0,0.0,31,33,7.7,13.83,7.72,64,74
00-0039919,Rome Odunze,WR,CHI,2026,1,0,0,0.0,0,,0,3,2,90,0.1154,0.2821,39,31,7.2,6.3,7.2,36,75
00-0039919,Rome Odunze,WR,CHI,2026,2,0,0,0.0,0,,0,4,3,47,0.1333,0.2487,31,33,7.3,6.64,7.3,62,74
00-0040024,Darius Cooper,WR,PHI,2026,2,0,0,0.0,0,,0,3,2,25,0.0882,0.0856,32,29,10.6,7.35,10.6,31,76
00-0040075,LaJohntay Wester,WR,BAL,2026,1,0,0,0.0,0,,0,2,2,11,0.0833,0.0409,37,32,3.5,3.29,3.5,20,69
00-0040075,LaJohntay Wester,WR,BAL,2026,2,0,0,0.0,0,,0,2,1,10,0.069,0.0312,22,23,2.4,3.27,2.4,31,58
00-0040081,Jake Briningstool,TE,KC,2026,1,0,0,0.0,0,,0,1,1,4,0.04,0.0301,38,36,1.9,1.44,1.9,13,68
00-0040122,Ashton Jeanty,RB,LV,2026,1,0,0,0.0,0,,23,6,6,18,0.2069,0.0796,37,36,32.7,24.36,32.7,50,68
00-0040122,Ashton Jeanty,RB,LV,2026,2,0,0,0.0,0,,21,7,4,2,0.2414,0.0071,29,28,10.3,29.16,10.3,51,63
00-0040124,Tetairoa McMillan,WR,CAR,2026,1,0,0,0.0,0,,0,8,5,119,0.2353,0.3251,22,23,10.5,12.89,10.5,56,68
00-0040124,Tetairoa McMillan,WR,CAR,2026,2,0,0,0.0,0,,0,10,5,132,0.3125,0.4244,22,23,15.1,24.12,15.1,53,66
00-0040126,Colston Loveland,TE,CHI,2026,1,0,0,0.0,0,,0,2,0,30,0.0769,0.094,39,31,0.0,6.3,0.0,65,75
00-0040126,Colston Loveland,TE,CHI,2026,2,0,0,0.0,0,,0,3,1,13,0.1,0.0688,31,33,1.3,5.97,1.3,64,74
00-0040128,Tyler Warren,TE,IND,2026,1,0,0,0.0,0,,0,5,3,23,0.1724,0.1144,20,23,10.3,7.58,10.3,50,54
00-0040128,Tyler Warren,TE,IND,2026,2,0,0,0.0,0,,1,7,6,-13,0.2333,-0.0802,32,30,14.4,13.3,14.4,58,65
00-0040129,Emeka Egbuka,WR,TB,2026,1,0,0,0.0,0,,0,6,5,84,0.2222,0.5874,20,21,11.3,11.16,11.3,49,57
00-0040129,Emeka Egbuka,WR,TB,2026,2,0,0,0.0,0,,1,5,3,75,0.1515,0.1781,25,26,10.3,11.85,10.3,56,65
00-0040131,Kyle Williams,WR,NE,2026,2,0,0,0.0,0,,0,2,1,23,0.0952,0.1173,28,26,2.0,2.93,2.0,11,55
00-0040134,Pat Bryant,WR,DEN,2026,1,0,0,0.0,0,,0,6,4,25,0.2222,0.2717,15,15,8.2,8.77,8.2,30,51
00-0040134,Pat Bryant,WR,DEN,2026,2,0,0,0.0,0,,1,1,0,5,0.0345,0.0187,28,26,1.6,1.62,1.6,41,62
00-0040138,Jaylin Noel,WR,HOU,2026,1,0,0,0.0,0,,0,2,2,26,0.0541,0.0807,32,33,7.3,3.39,7.3,24,80
00-0040138,Jaylin Noel,WR,HOU,2026,2,0,0,0.0,0,,1,5,1,39,0.1,0.0821,18,21,5.4,8.27,5.4,48,80
00-0040142,Kaleb Johnson,RB,GB,2026,2,0,0,0.0,0,,8,0,0,0.0,0.0,0.0,18,21,3.2,3.64,3.2,16,59
00-0040164,Jaylin Lane,WR,WAS,2026,1,0,0,0.0,0,,0,1,1,4,0.0345,0.0126,32,30,1.4,1.33,1.4,18,69
00-0040170,Elic Ayomanor,WR,TEN,2026,1,0,0,0.0,0,,0,3,1,41,0.1071,0.2158,14,13,8.1,6.63,8.1,26,50
00-0040170,Elic Ayomanor,WR,TEN,2026,2,0,0,0.0,0,,0,3,2,33,0.1765,0.2357,29,28,8.9,7.26,8.9,28,53
00-0040177,Jordan James,RB,SF,2026,2,0,0,0.0,0,,4,0,0,0.0,0.0,0.0,27,25,1.5,1.89,1.5,8,53
00-0040187,Mitchell Evans,TE,CAR,2026,1,0,0,0.0,0,,0,2,1,9,0.0588,0.0246,22,23,1.9,5.73,1.9,27,68
00-0040187,Mitchell Evans,TE,CAR,2026,2,0,0,0.0,0,,0,1,1,-1,0.0312,-0.0032,22,23,2.3,1.76,2.3,38,66
00-0040189,Oronde Gadsden II,TE,LAC,2026,1,0,0,0.0,0,,0,2,2,7,0.0741,0.0256,21,16,5.2,2.81,5.2,10,56
00-0040189,Oronde Gadsden II,TE,LAC,2026,2,0,0,0.0,0,,0,2,2,18,0.0769,0.0669,32,31,9.8,4.64,9.8,30,68
00-0040198,Ollie Gordon II,RB,MIA,2026,2,0,0,0.0,0,,3,0,0,0.0,0.0,0.0,29,29,0.7,1.34,0.7,11,58
00-0040218,Jimmy Horn Jr.,WR,CAR,2026,1,0,0,0.0,0,,0,1,0,3,0.0294,0.0082,22,23,0.0,1.28,0.0,14,67
00-0040236,Kyle Monangai,RB,CHI,2026,1,0,0,0.0,0,,10,2,2,9,0.0769,0.0282,39,31,20.4,9.01,20.4,32,74
00-0040236,Kyle Monangai,RB,CHI,2026,2,0,0,0.0,0,,10,2,2,1,0.0667,0.0053,31,33,7.8,8.47,7.8,25,74
00-0040237,Tez Johnson,WR,TB,2026,1,0,0,0.0,0,,1,1,0,9,0.037,0.0629,20,21,-0.4,3.48,-0.4,13,57
00-0040237,Tez Johnson,WR,TB,2026,2,0,0,0.0,0,,0,4,1,152,0.1212,0.361,25,26,5.9,9.15,5.9,19,66
00-0040238,LeQuint Allen Jr.,RB,JAX,2026,2,0,0,0.0,0,,0,1,0,4,0.0357,0.0132,24,25,0.0,3.75,0.0,9,60
00-0040242,Jacory Croskey-Merritt,RB,WAS,2026,1,0,0,0.0,0,,16,1,1,-7,0.0345,-0.0221,32,30,12.6,11.0,12.6,34,69
00-0040242,Jacory Croskey-Merritt,RB,WAS,2026,2,0,0,0.0,0,,12,1,1,-1,0.0294,-0.0028,32,31,5.8,7.24,5.8,26,70
00-0040277,Jahdae Walker,WR,CHI,2026,1,0,0,0.0,0,,0,1,1,1,0.0385,0.0031,39,31,7.1,4.21,7.1,34,76
00-0040466,Raheim Sanders,RB,CLE,2026,1,0,0,0.0,0,,1,3,3,-6,0.1364,-0.0263,22,18,5.6,4.31,5.6,18,51
00-0040466,Raheim Sanders,RB,CLE,2026,2,0,0,0.0,0,,2,1,1,-4,0.0333,-0.037,23,21,2.1,2.21,2.1,11,58
00-0040506,Myles Price,WR,MIN,2026,2,0,0,0.0,0,,0,1,0,2,0.0526,0.0127,28,27,0.0,1.31,0.0,26,52
00-0040556,Corey Kiner,RB,NE,2026,1,0,0,0.0,0,,6,0,0,0.0,0.0,0.0,31,31,1.1,2.85,1.1,8,73
00-0040556,Corey Kiner,RB,NE,2026,2,0,0,0.0,0,,2,0,0,0.0,0.0,0.0,28,26,0.0,0.86,0.0,4,57
00-0040563,Efton Chism III,WR,NE,2026,2,0,0,0.0,0,,0,1,1,-2,0.0476,-0.0102,28,26,0.8,1.6,0.8,10,56
00-0040568,Lan Larison,RB,NE,2026,1,0,0,0.0,0,,0,2,2,-3,0.0645,-0.0136,31,31,2.9,2.86,2.9,3,75
00-0040582,Arian Smith,WR,NYJ,2026,1,0,0,0.0,0,,0,1,0,4,0.0435,0.0238,39,34,0.0,1.58,0.0,2,67
00-0040583,Woody Marks,RB,HOU,2026,1,0,0,0.0,0,,9,1,1,-2,0.027,-0.0062,32,33,5.0,5.72,5.0,40,78
00-0040583,Woody Marks,RB,HOU,2026,2,0,0,0.0,0,,8,6,5,11,0.12,0.0232,18,21,8.5,13.58,8.5,38,79
00-0040584,Gunnar Helm,TE,TEN,2026,1,0,0,0.0,0,,0,5,4,17,0.1786,0.0895,14,13,6.8,7.56,6.8,38,50
00-0040584,Gunnar Helm,TE,TEN,2026,2,0,0,0.0,0,,0,2,2,-1,0.1176,-0.0071,29,28,3.3,2.88,3.3,46,53
00-0040590,Konata Mumpfield,WR,LA,2026,1,0,0,0.0,0,,0,1,0,13,0.037,0.051,29,30,0.0,1.52,0.0,16,62
00-0040590,Konata Mumpfield,WR,LA,2026,2,0,0,0.0,0,,0,2,1,23,0.0667,0.0695,28,27,2.2,3.52,2.2,43,62
00-0040646,Jalen Royals,WR,KC,2026,2,0,0,0.0,0,,0,2,2,1,0.0465,0.0038,29,34,8.6,5.56,8.6,12,80
00-0040663,Harold Fannin Jr.,TE,CLE,2026,1,0,0,0.0,0,,0,3,2,10,0.1364,0.0439,22,18,4.1,3.03,4.1,42,51
00-0040663,Harold Fannin Jr.,TE,CLE,2026,2,0,0,0.0,0,,0,6,5,24,0.2,0.2222,23,21,10.4,8.35,10.4,50,58
00-0040666,Omarion Hampton,RB,LAC,2026,1,0,0,0.0,0,,12,0,0,0.0,0.0,0.0,21,16,8.3,7.23,8.3,32,55
00-0040666,Omarion Hampton,RB,LAC,2026,2,0,0,0.0,0,,23,2,2,-8,0.0769,-0.0297,32,31,17.5,18.19,17.5,43,68
00-0040667,Matthew Golden,WR,GB,2026,1,0,0,0.0,0,,0,12,6,137,0.3,0.2921,21,20,15.5,21.99,15.5,56,68
00-0040667,Matthew Golden,WR,GB,2026,2,0,0,0.0,0,,0,6,4,80,0.2069,0.3704,18,21,9.8,9.46,9.8,51,59
00-0040669,Isaac TeSlaa,WR,DET,2026,1,0,0,0.0,0,,0,1,0,3,0.0256,0.0145,33,37,0.0,1.54,0.0,52,76
00-0040669,Isaac TeSlaa,WR,DET,2026,2,0,0,0.0,0,,0,5,2,81,0.1316,0.2404,20,24,4.6,9.95,4.6,49,65
00-0040676,Cam Ward,QB,TEN,2026,1,32,19,-7.351,3,0.39,4,0,0,0.0,0.0,0.0,14,13,11.7,14.17,11.7,50,50
00-0040676,Cam Ward,QB,TEN,2026,2,20,13,-0.098,2,6.545,4,0,0,0.0,0.0,0.0,29,28,20.0,20.53,20.02,53,53
00-0040691,Jaxson Dart,QB,NYG,2026,1,29,23,21.912,2,13.384,11,0,0,0.0,0.0,0.0,37,30,26.6,20.01,26.6,69,69
00-0040691,Jaxson Dart,QB,NYG,2026,2,5,3,-1.116,0,-5.341,0,0,0,0.0,0.0,0.0,21,23,0.8,1.64,0.8,7,58
00-0040705,Chimere Dike,WR,TEN,2026,1,0,0,0.0,0,,0,1,1,3,0.0357,0.0158,14,13,1.7,1.36,1.7,4,50
00-0040715,Cam Skattebo,RB,NYG,2026,1,0,0,0.0,0,,18,0,0,0.0,0.0,0.0,37,30,14.1,11.8,14.1,42,69
00-0040715,Cam Skattebo,RB,NYG,2026,2,0,0,0.0,0,,12,4,4,-4,0.125,-0.0117,21,23,9.5,11.75,9.5,34,58
00-0040719,Bhayshul Tuten,RB,JAX,2026,1,0,0,0.0,0,,15,1,1,-5,0.0476,-0.0207,32,27,9.8,9.54,9.8,28,57
00-0040719,Bhayshul Tuten,RB,JAX,2026,2,0,0,0.0,0,,13,2,2,-8,0.0714,-0.0265,24,25,14.2,14.68,14.2,30,59
00-0040727,Tre Harris,WR,LAC,2026,1,0,0,0.0,0,,0,6,3,47,0.2222,0.1722,21,16,5.0,9.74,5.0,41,55
00-0040727,Tre Harris,WR,LAC,2026,2,0,0,0.0,0,,0,3,1,56,0.1154,0.2082,32,31,6.3,4.4,6.3,56,68
00-0040729,Jack Bech,WR,LV,2026,1,0,0,0.0,0,,0,4,3,32,0.1379,0.1416,37,36,11.3,7.11,11.3,27,68
00-0040729,Jack Bech,WR,LV,2026,2,0,0,0.0,0,,0,2,2,18,0.069,0.0636,29,28,4.5,3.23,4.5,34,63
00-0040730,RJ Harvey,RB,DEN,2026,1,0,0,0.0,0,,3,4,4,-22,0.1481,-0.2391,15,15,8.1,6.98,8.1,26,51
00-0040734,TreVeyon Henderson,RB,NE,2026,2,0,0,0.0,0,,16,0,0,0.0,0.0,0.0,28,26,13.6,7.78,13.6,33,55
00-0040735,Luther Burden III,WR,CHI,2026,1,0,0,0.0,0,,1,5,5,36,0.1923,0.1129,39,31,9.5,8.58,9.5,55,75
00-0040735,Luther Burden III,WR,CHI,2026,2,0,0,0.0,0,,0,7,3,87,0.2333,0.4603,31,33,6.2,11.63,6.2,42,74
00-0040736,Mason Taylor,TE,NYJ,2026,1,0,0,0.0,0,,0,3,2,1,0.1304,0.006,39,34,1.8,4.67,1.8,44,67
00-0040737,Terrance Ferguson,TE,LA,2026,1,0,0,0.0,0,,0,1,0,24,0.037,0.0941,29,30,0.0,1.13,0.0,31,61
00-0040737,Terrance Ferguson,TE,LA,2026,2,0,0,0.0,0,,0,9,6,54,0.3,0.1631,28,27,17.4,16.76,17.4,36,62
00-0040739,Elijah Arroyo,TE,SEA,2026,2,0,0,0.0,0,,0,1,1,14,0.0385,0.0617,40,40,2.7,1.52,2.7,15,71
00-0040743,Tyler Shough,QB,NO,2026,1,56,35,-1.007,5,-1.206,4,0,0,0.0,0.0,0.0,25,28,23.2,28.27,25.2,90,90
00-0040743,Tyler Shough,QB,NO,2026,2,34,27,10.929,3,14.051,9,0,0,0.0,0.0,0.0,27,25,22.4,22.89,22.38,68,68
00-0040782,Isaiah Bond,WR,CLE,2026,2,0,0,0.0,0,,0,1,1,7,0.0333,0.0648,23,21,2.0,1.5,2.0,4,57
00-0040784,Quinshon Judkins,RB,CLE,2026,1,0,0,0.0,0,,12,2,2,1,0.0909,0.0044,22,18,7.0,8.81,7.0,33,51
00-0040784,Quinshon Judkins,RB,CLE,2026,2,0,0,0.0,0,,12,5,5,-8,0.1667,-0.0741,23,21,9.8,12.35,9.8,39,58
00-0040785,Dohnte Meyers,WR,CIN,2026,1,0,0,0.0,0,,1,1,1,2,0.0294,0.0088,27,29,3.8,2.25,3.8,10,62
00-0040785,Dohnte Meyers,WR,CIN,2026,2,0,0,0.0,0,,0,1,0,-4,0.0323,-0.0231,23,26,0.0,1.51,0.0,11,61
00-0040867,Makai Lemon,WR,PHI,2026,1,0,0,0.0,0,,0,4,3,0.0,0.1818,0.0,25,20,2.5,5.15,2.5,35,55
00-0040867,Makai Lemon,WR,PHI,2026,2,0,0,0.0,0,,1,1,1,13,0.0294,0.0445,32,29,1.9,2.5,1.9,48,76
00-0040870,Ja'Kobi Lane,WR,BAL,2026,1,0,0,0.0,0,,0,3,1,30,0.125,0.1115,37,32,2.1,8.27,2.1,27,68
00-0040878,Mike Washington Jr.,RB,LV,2026,1,0,0,0.0,0,,7,0,0,0.0,0.0,0.0,37,36,4.1,4.24,4.1,13,68
00-0040878,Mike Washington Jr.,RB,LV,2026,2,0,0,0.0,0,,3,1,0,10,0.0345,0.0353,29,28,0.7,2.58,0.7,12,63
00-0040879,Matthew Hibner,TE,BAL,2026,1,0,0,0.0,0,,0,1,1,1,0.0417,0.0037,37,32,2.3,1.5,2.3,23,68
00-0040886,Nicholas Singleton,RB,TEN,2026,2,0,0,0.0,0,,4,0,0,0.0,0.0,0.0,29,28,1.0,1.91,1.0,6,55
00-0040890,Cyrus Allen,WR,KC,2026,1,0,0,0.0,0,,0,1,0,5,0.04,0.0376,38,36,0.0,1.3,0.0,1,100
00-0040894,Malik Benson,WR,LV,2026,1,0,0,0.0,0,,1,2,1,31,0.069,0.1372,37,36,0.8,4.44,0.8,7,70
00-0040894,Malik Benson,WR,LV,2026,2,0,0,0.0,0,,0,1,0,27,0.0345,0.0954,29,28,0.0,1.96,0.0,8,62
00-0041013,Emmett Johnson,RB,KC,2026,1,0,0,0.0,0,,8,2,2,-8,0.08,-0.0602,38,36,8.8,6.35,8.8,25,69
00-0041013,Emmett Johnson,RB,KC,2026,2,0,0,0.0,0,,2,2,2,-4,0.0465,-0.0153,29,34,5.5,4.07,5.5,14,78
00-0041027,Jeremiyah Love,RB,ARI,2026,1,0,0,0.0,0,,11,4,2,5,0.1081,0.0177,34,32,13.0,13.17,13.0,32,74
00-0041027,Jeremiyah Love,RB,ARI,2026,2,0,0,0.0,0,,9,3,3,0.0,0.1154,0.0,17,21,7.5,8.35,7.5,20,50
00-0041032,Kenyon Sadiq,TE,NYJ,2026,1,0,0,0.0,0,,1,3,3,0.0,0.1304,0.0,39,34,11.4,7.77,11.4,28,67
00-0041032,Kenyon Sadiq,TE,NYJ,2026,2,0,0,0.0,0,,0,3,2,8,0.0833,0.0319,27,27,3.7,4.2,3.7,27,75
00-0041037,Denzel Boston,WR,CLE,2026,1,0,0,0.0,0,,0,4,2,114,0.1818,0.5,22,18,13.9,7.17,13.9,47,51
00-0041037,Denzel Boston,WR,CLE,2026,2,0,0,0.0,0,,0,7,5,60,0.2333,0.5556,23,21,20.5,10.88,20.5,54,58
00-0041040,Antonio Williams,WR,WAS,2026,1,0,0,0.0,0,,0,4,4,55,0.1379,0.1735,32,30,16.4,8.52,16.4,26,70
00-0041040,Antonio Williams,WR,WAS,2026,2,1,0,-0.582,0,-30.83,0,3,3,16,0.0882,0.0446,32,31,5.4,5.7,5.4,35,71
00-0041041,Oscar Delp,TE,NO,2026,2,0,0,0.0,0,,0,1,1,7,0.0312,0.0329,27,25,1.8,1.67,1.8,9,69
00-0041042,Malachi Fields,WR,NYG,2026,1,0,0,0.0,0,,0,4,2,71,0.1379,0.2898,37,30,4.5,7.67,4.5,50,69
00-0041042,Malachi Fields,WR,NYG,2026,2,0,0,0.0,0,,0,6,2,131,0.1875,0.3842,21,23,5.0,10.11,5.0,47,58
00-0041044,Zachariah Branch,WR,ATL,2026,2,0,0,0.0,0,,0,2,2,-7,0.0645,-0.044,32,32,3.4,2.82,3.4,14,70
00-0041048,Ted Hurst III,WR,TB,2026,1,0,0,0.0,0,,0,3,3,34,0.1111,0.2378,20,21,6.6,4.87,6.6,43,57
00-0041048,Ted Hurst III,WR,TB,2026,2,0,0,0.0,0,,0,7,2,145,0.2121,0.3444,25,26,4.7,15.56,4.7,48,65
00-0041052,Kaelon Black,RB,SF,2026,1,0,0,0.0,0,,14,1,1,-5,0.0294,-0.0336,30,30,8.0,7.63,8.0,28,65
00-0041052,Kaelon Black,RB,SF,2026,2,0,0,0.0,0,,7,0,0,0.0,0.0,0.0,27,25,2.5,4.29,2.5,17,52
00-0041067,Bryce Lance,WR,NO,2026,1,0,0,0.0,0,,0,4,3,40,0.0769,0.0828,25,28,7.2,7.59,7.2,62,90
00-0041067,Bryce Lance,WR,NO,2026,2,0,0,0.0,0,,0,1,1,8,0.0312,0.0376,27,25,1.8,1.57,1.8,54,68
00-0041069,Colbie Young,WR,CIN,2026,2,0,0,0.0,0,,0,1,1,6,0.0323,0.0347,23,26,1.7,1.72,1.7,10,59
00-0041096,Kaytron Allen,RB,WAS,2026,1,0,0,0.0,0,,4,0,0,0.0,0.0,0.0,32,30,1.6,3.48,1.6,7,70
00-0041096,Kaytron Allen,RB,WAS,2026,2,0,0,0.0,0,,5,0,0,0.0,0.0,0.0,32,31,2.4,2.83,2.4,6,75
00-0041099,Barion Brown,WR,NO,2026,1,0,0,0.0,0,,1,0,0,0.0,0.0,0.0,25,28,0.3,0.73,0.3,7,88
00-0041100,Josh Cameron,WR,JAX,2026,1,0,0,0.0,0,,0,2,2,18,0.0952,0.0744,32,27,10.0,5.97,10.0,19,58
00-0041104,Demond Claiborne,RB,MIN,2026,2,0,0,0.0,0,,0,1,1,-7,0.0526,-0.0446,28,27,1.2,1.26,1.2,2,50
00-0041125,Seth McGowan,RB,IND,2026,1,0,0,0.0,0,,0,1,1,-2,0.0345,-0.01,20,23,1.0,1.03,1.0,6,55
00-0041125,Seth McGowan,RB,IND,2026,2,0,0,0.0,0,,2,0,0,0.0,0.0,0.0,32,30,0.0,0.86,0.0,4,67
00-0041132,Deion Burks,WR,IND,2026,2,0,0,0.0,0,,2,0,0,0.0,0.0,0.0,32,30,1.4,1.63,1.4,3,60
00-0041194,Jack Strand,QB,ATL,2026,2,15,8,-12.86,2,-21.318,2,0,0,0.0,0.0,0.0,32,32,-0.0,4.91,1.96,29,69
00-0041326,CJ Donaldson,RB,NO,2026,1,0,0,0.0,0,,2,2,1,5,0.0385,0.0104,25,28,1.2,3.04,1.2,15,88
00-0041326,CJ Donaldson,RB,NO,2026,2,0,0,0.0,0,,1,0,0,0.0,0.0,0.0,27,25,0.2,0.29,0.2,20,69
00-0041395,Eli Raridon,TE,NE,2026,1,0,0,0.0,0,,0,1,1,2,0.0323,0.009,31,31,7.2,4.2,7.2,38,70
00-0041395,Eli Raridon,TE,NE,2026,2,0,0,0.0,0,,0,1,1,25,0.0476,0.1276,28,26,4.0,1.51,4.0,11,55
00-0041436,DJ Herman,RB,MIA,2026,2,0,0,0.0,0,,0,3,1,36,0.1304,0.213,29,29,2.8,4.46,2.8,17,59
00-0041438,Carnell Tate,WR,TEN,2026,1,0,0,0.0,0,,0,6,4,67,0.2143,0.3526,14,13,7.8,9.02,7.8,44,50
00-0041438,Carnell Tate,WR,TEN,2026,2,0,0,0.0,0,,0,5,3,50,0.2941,0.3571,29,28,5.7,7.76,5.7,40,53
00-0041472,Marlin Klein,TE,HOU,2026,1,0,0,0.0,0,,0,1,1,14,0.027,0.0435,32,33,2.6,2.0,2.6,9,82
00-0041489,Germie Bernard,WR,PIT,2026,2,0,0,0.0,0,,0,8,4,70,0.2162,0.3256,23,24,7.5,11.79,7.5,55,70
00-0041496,Jonah Coleman,RB,DEN,2026,2,0,0,0.0,0,,10,3,3,0.0,0.1034,0.0,28,26,14.8,10.2,14.8,25,62
00-0041503,Nate Boerkircher,TE,JAX,2026,1,0,0,0.0,0,,0,1,1,2,0.0476,0.0083,32,27,1.9,1.49,1.9,38,57
00-0041511,Omar Cooper Jr.,WR,NYJ,2026,1,0,0,0.0,0,,0,1,1,4,0.0435,0.0238,39,34,4.0,1.33,4.0,5,71
00-0041512,Jadarian Price,RB,SEA,2026,1,0,0,0.0,0,,10,2,2,-1,0.0833,-0.0065,22,24,7.8,7.67,7.8,24,50
00-0041512,Jadarian Price,RB,SEA,2026,2,0,0,0.0,0,,13,2,1,16,0.0769,0.0705,40,40,5.0,13.05,5.0,24,71
00-0041523,Caleb Douglas,WR,MIA,2026,1,0,0,0.0,0,,0,7,5,97,0.2593,0.3139,18,16,14.4,11.54,14.4,51,56
00-0041523,Caleb Douglas,WR,MIA,2026,2,0,0,0.0,0,,0,3,2,17,0.1304,0.1006,29,29,3.9,3.95,3.9,51,59
00-0041524,Will Kacmarek,TE,MIA,2026,1,0,0,0.0,0,,0,1,0,6,0.037,0.0194,18,16,0.0,1.56,0.0,14,56
00-0041524,Will Kacmarek,TE,MIA,2026,2,0,0,0.0,0,,0,1,1,2,0.0435,0.0118,29,29,1.4,1.24,1.4,28,60
00-0041525,Chris Bell,WR,MIA,2026,1,0,0,0.0,0,,0,2,1,42,0.0741,0.1359,18,16,3.5,2.99,3.5,29,56
00-0041525,Chris Bell,WR,MIA,2026,2,0,0,0.0,0,,0,1,0,12,0.0435,0.071,29,29,0.0,1.53,0.0,24,59
00-0041529,Kevin Coleman Jr.,WR,MIA,2026,1,0,0,0.0,0,,0,2,0,24,0.0741,0.0777,18,16,0.0,2.56,0.0,16,55
00-0041547,KC Concepcion,WR,CLE,2026,1,0,0,0.0,0,,3,5,4,63,0.2273,0.2763,22,18,7.8,9.22,7.8,35,51
00-0041547,KC Concepcion,WR,CLE,2026,2,0,0,0.0,0,,1,6,6,12,0.2,0.1111,23,21,8.2,9.35,8.2,38,58
00-0041550,Brenen Thompson,WR,LAC,2026,2,0,0,0.0,0,,0,3,1,44,0.1154,0.1636,32,31,2.3,4.62,2.3,12,67
00-0041558,Sam Roush,TE,CHI,2026,2,0,0,0.0,0,,0,3,1,16,0.1,0.0847,31,33,1.9,5.79,1.9,20,74
