player_id,name,pos,gp,pts,ppg,pts_above_avg,pts_above_repl,WAA,WAR,pts_above_waiver,VoWP
00-0033280,Christian McCaffrey,RB,13,326.5,25.12,99.9,204.3,1.097,2.192,,
00-0034857,Joshua Allen,QB,13,307.0,23.62,57.9,183.8,0.636,1.962,,
00-0036223,Jonathan Taylor,RB,13,308.0,23.69,83.6,186.8,0.869,1.926,,
00-0039139,Jahmyr Gibbs,RB,13,307.6,23.66,83.2,185.8,0.858,1.89,,
00-0038543,Jaxon Smith-Njigba,WR,13,285.4,21.95,66.9,165.2,0.753,1.804,,
00-0037744,Trey McBride,TE,13,281.2,21.63,76.1,162.2,0.856,1.778,,
00-0039040,De'Von Achane,RB,13,270.9,20.84,45.7,149.2,0.509,1.63,,
00-0033873,Patrick Mahomes,QB,13,269.6,20.74,20.4,146.6,0.216,1.596,,
00-0039075,Puka Nacua,WR,12,258.9,21.58,58.1,147.0,0.627,1.586,,
00-0038542,Bijan Robinson,RB,13,263.3,20.25,40.8,144.2,0.45,1.577,,
00-0039851,Drake Maye,QB,13,255.6,19.66,5.8,132.2,0.068,1.47,,
00-0033077,Rayne Prescott,QB,13,255.3,19.64,6.0,132.3,0.062,1.454,,
00-0026498,John Stafford,QB,13,257.2,19.78,9.0,132.5,0.089,1.448,,
00-0036389,Jalen Hurts,QB,13,246.9,18.99,0.2,124.3,0.011,1.376,,
00-0037247,George Pickens,WR,13,241.9,18.61,25.0,121.7,0.278,1.328,,
00-0039918,Caleb Williams,QB,13,233.1,17.93,-14.7,113.3,-0.161,1.245,,
00-0037248,James Cook,RB,13,231.5,17.81,7.8,110.1,0.099,1.229,,
00-0036963,Amon-Ra St. Brown,WR,13,232.5,17.88,14.0,112.3,0.128,1.198,,
00-0036355,Justin Herbert,QB,13,229.1,17.63,-21.3,105.4,-0.245,1.15,,
00-0036900,Ja'Marr Chase,WR,12,221.9,18.49,21.5,109.8,0.196,1.141,,
00-0033106,Jared Goff,QB,13,226.8,17.44,-21.4,102.1,-0.25,1.127,,
00-0039732,Bo Nix,QB,13,228.6,17.58,-21.8,104.9,-0.27,1.122,,
00-0035710,Daniel Jones,QB,13,221.4,17.03,-30.2,98.6,-0.334,1.09,,
00-0036264,Jordan Love,QB,13,215.4,16.57,-32.4,95.6,-0.367,1.063,,
00-0035700,Joshua Jacobs,RB,12,206.8,17.23,0.9,95.9,-0.008,1.043,,
00-0031381,Davante Adams,WR,13,211.8,16.29,-6.7,91.6,-0.087,1.007,,
00-0037238,Drake London,WR,9,177.0,19.67,25.1,94.1,0.274,1.006,,
00-0036971,William Lawrence,QB,13,214.3,16.48,-33.9,89.6,-0.384,1.001,,
00-0036997,Javonte Williams,RB,13,210.0,16.15,-14.6,88.9,-0.181,0.981,,
00-0038041,Jake Ferguson,TE,13,207.0,15.92,0.5,87.6,-0.014,0.952,,
00-0039338,Brock Bowers,TE,10,179.6,17.96,24.5,88.3,0.23,0.926,,
00-0037840,Kyren Williams,RB,13,202.9,15.61,-21.5,81.1,-0.243,0.903,,
00-0034855,Baker Mayfield,QB,13,203.4,15.64,-43.3,80.8,-0.496,0.894,,
00-0034796,Lamar Jackson,QB,10,174.1,17.41,-15.8,78.7,-0.185,0.861,,
00-0030506,Travis Kelce,TE,13,194.8,14.98,-11.7,75.4,-0.13,0.841,,
00-0036554,Nico Collins,WR,12,184.1,15.34,-18.2,72.6,-0.19,0.823,,
00-0039067,Rashee Rice,WR,7,136.0,19.43,20.9,73.8,0.234,0.822,,
00-0036358,Cedarian Lamb,WR,10,161.7,16.17,-4.6,70.3,-0.052,0.791,,
00-0040128,Tyler Warren,TE,13,189.7,14.59,-16.6,71.1,-0.197,0.787,,
00-0036973,Travis Etienne,RB,13,189.8,14.6,-34.6,68.0,-0.373,0.776,,
00-0032764,Derrick Henry,RB,13,187.5,14.42,-36.2,66.1,-0.377,0.766,,
00-0035676,Arthur Brown,WR,12,177.9,14.83,-23.1,67.3,-0.24,0.744,,
00-0034844,Saquon Barkley,RB,13,187.1,14.39,-38.6,66.4,-0.438,0.732,,
00-0037239,Chris Olave,WR,13,184.8,14.22,-33.0,64.8,-0.37,0.726,,
00-0040691,Jaxson Dart,QB,11,172.9,15.72,-41.9,66.7,-0.446,0.718,,
00-0038597,Chase Brown,RB,13,183.6,14.12,-41.0,62.5,-0.442,0.717,,
00-0036252,Michael Pittman,WR,13,182.9,14.07,-34.9,62.9,-0.386,0.702,,
00-0034869,Sam Darnold,QB,13,187.7,14.44,-60.5,63.0,-0.679,0.686,,
00-0036275,D'Andre Swift,RB,12,169.3,14.11,-37.2,59.4,-0.431,0.66,,
00-0040122,Ashton Jeanty,RB,13,182.4,14.03,-42.0,60.6,-0.478,0.66,,
00-0036139,Rico Dowdle,RB,13,183.3,14.1,-43.3,61.1,-0.49,0.647,,
00-0038996,Tucker Kraft,TE,8,133.2,16.65,6.3,60.2,0.059,0.636,,
00-0036410,Tamurice Higgins,WR,12,168.7,14.06,-31.2,58.4,-0.354,0.632,,
00-0036613,Jaylen Waddle,WR,13,176.6,13.59,-40.1,55.7,-0.445,0.625,,
00-0023459,Aaron Rodgers,QB,12,167.5,13.96,-62.3,55.8,-0.695,0.623,,
00-0033288,George Kittle,TE,8,124.8,15.6,-1.0,54.3,0.008,0.62,,
00-0040124,Tetairoa McMillan,WR,13,175.6,13.51,-41.2,55.1,-0.455,0.618,,
00-0040663,Harold Fannin,TE,13,173.4,13.34,-33.3,54.7,-0.366,0.617,,
00-0034351,Dallas Goedert,TE,12,162.1,13.51,-29.0,53.4,-0.335,0.588,,
00-0038117,Wan'Dale Robinson,WR,13,173.0,13.31,-43.8,52.5,-0.489,0.575,,
00-0037228,Derrell Warren,RB,12,158.9,13.24,-43.9,50.9,-0.511,0.574,,
00-0038120,Breece Hall,RB,13,172.8,13.29,-53.0,52.1,-0.595,0.573,,
00-0040129,Emeka Egbuka,WR,13,173.5,13.35,-42.2,54.1,-0.503,0.571,,
00-0040715,Cameron Skattebo,RB,8,127.7,15.96,-15.8,51.1,-0.168,0.556,,
00-0035640,DeKaylin Metcalf,WR,13,164.5,12.65,-51.9,46.3,-0.579,0.525,,
00-0036040,Juwan Johnson,TE,13,164.4,12.65,-41.9,45.8,-0.463,0.522,,
00-0039910,Jayden Daniels,QB,7,113.3,16.18,-26.4,46.9,-0.296,0.513,,
00-0036970,Kyle Pitts,TE,13,162.1,12.47,-42.4,45.3,-0.488,0.506,,
00-0039361,Mar'Keise Irving,RB,6,104.2,17.37,2.4,45.3,0.023,0.505,,
00-0034348,Courtland Sutton,WR,13,165.3,12.72,-51.4,44.4,-0.571,0.497,,
00-0036912,DeVonta Smith,WR,13,165.9,12.76,-49.8,46.5,-0.575,0.496,,
00-0038933,Dalton Kincaid,TE,9,127.4,14.16,-16.9,44.5,-0.189,0.493,,
00-0035719,Tyshun Samuel,WR,12,158.0,13.17,-40.9,45.4,-0.473,0.493,,
00-0039163,Coleridge Stroud,QB,10,142.6,14.26,-53.4,45.4,-0.601,0.49,,
00-0037240,Jameson Williams,WR,13,162.4,12.49,-56.1,42.2,-0.599,0.483,,
00-0039065,Sam LaPorta,TE,9,126.9,14.1,-16.4,43.5,-0.178,0.48,,
00-0039064,Xavien Flowers,WR,13,163.5,12.58,-51.9,42.8,-0.585,0.479,,
00-0040784,Quinshon Judkins,RB,12,155.0,12.92,-54.3,43.8,-0.62,0.478,,
00-0039150,Bryce Young,QB,12,158.6,13.21,-70.9,42.4,-0.767,0.471,,
00-0033119,Jacoby Brissett,QB,13,163.2,12.55,-85.0,38.5,-0.883,0.46,,
00-0038124,Christian Watson,WR,7,100.5,14.36,-13.2,37.8,-0.144,0.44,,
00-0033090,Hunter Henry,TE,13,158.5,12.19,-47.9,38.7,-0.521,0.433,,
00-0039915,Andrew McConkey,WR,13,158.5,12.19,-58.2,37.6,-0.646,0.419,,
00-0034383,Dalton Schultz,TE,13,156.4,12.03,-50.5,37.5,-0.578,0.41,,
00-0036945,Justin Fields,QB,11,141.7,12.88,-69.4,38.7,-0.764,0.406,,
00-0036322,Justin Jefferson,WR,13,157.4,12.11,-59.6,37.1,-0.687,0.4,,
00-0039919,Rome Odunze,WR,12,146.1,12.17,-53.9,36.4,-0.611,0.389,,
00-0039917,Michael Penix,QB,9,118.3,13.14,-54.4,32.8,-0.607,0.359,,
00-0037834,Brock Purdy,QB,5,78.2,15.64,-14.9,31.0,-0.172,0.354,,
00-0040666,Omarion Hampton,RB,6,90.7,15.12,-14.4,31.7,-0.152,0.351,,
00-0030061,Zachary Ertz,TE,13,150.4,11.57,-58.3,30.9,-0.645,0.35,,
00-0037740,Garrett Wilson,WR,7,98.5,14.07,-19.6,31.7,-0.212,0.345,,
00-0031588,Stefon Diggs,WR,13,152.5,11.73,-64.3,32.0,-0.733,0.345,,
00-0039849,Marvin Harrison,WR,10,125.4,12.54,-44.9,30.8,-0.497,0.339,,
00-0040730,Robert Harvey,RB,13,151.1,11.62,-74.1,29.4,-0.809,0.334,,
00-0036919,Kenneth Gainwell,RB,13,148.7,11.44,-73.8,29.6,-0.821,0.322,,
00-0038559,Michael Wilson,WR,13,150.2,11.55,-68.3,30.0,-0.736,0.321,,
00-0030279,Keenan Allen,WR,13,150.4,11.57,-66.3,29.5,-0.752,0.31,,
00-0034960,Jakobi Meyers,WR,12,137.8,11.48,-63.0,25.9,-0.697,0.308,,
00-0037664,Alec Pierce,WR,11,126.9,11.54,-56.6,27.0,-0.647,0.301,,
00-0040734,TreVeyon Henderson,RB,13,148.4,11.42,-78.2,26.2,-0.849,0.292,,
00-0030565,Eugene Smith,QB,13,149.7,11.52,-98.4,25.0,-1.075,0.292,,
00-0035228,Kyler Murray,QB,5,77.8,15.56,-20.0,24.6,-0.219,0.273,,
00-0038544,Quentin Johnston,WR,12,136.0,11.33,-64.5,23.8,-0.731,0.245,,
00-0036158,J.K. Dobbins,RB,10,115.9,11.59,-60.8,21.3,-0.673,0.239,,
00-0036442,Joseph Burrow,QB,4,58.5,14.61,-19.3,20.1,-0.206,0.234,,
00-0035685,David Montgomery,RB,13,142.8,10.99,-81.6,21.0,-0.907,0.233,,
00-0026158,Joseph Flacco,QB,13,145.1,11.16,-104.1,22.1,-1.142,0.229,,
00-0040189,Oronde Gadsden,TE,11,122.6,11.15,-56.0,21.9,-0.634,0.224,,
00-0039923,Jonathan McCarthy,QB,7,82.6,11.8,-52.9,19.6,-0.586,0.222,,
00-0039868,Troy Franklin,WR,13,140.0,10.77,-76.7,19.1,-0.863,0.198,,
00-0037261,Khalil Shakir,WR,13,138.0,10.62,-77.4,17.3,-0.867,0.198,,
00-0039391,Kimani Vidal,RB,10,108.0,10.8,-66.3,15.7,-0.704,0.196,,
00-0038134,Kenneth Walker,RB,13,138.6,10.66,-85.8,16.8,-0.957,0.193,,
00-0039847,Theodore Johnson,TE,13,138.6,10.66,-67.8,18.8,-0.777,0.191,,
00-0036259,Bennie Jennings,WR,11,116.8,10.62,-66.1,16.6,-0.74,0.187,,
00-0039337,Malik Nabers,WR,4,57.1,14.28,-11.6,18.6,-0.142,0.174,,
00-0038994,Jordan Addison,WR,10,107.6,10.76,-58.2,16.5,-0.669,0.169,,
00-0033040,Tyreek Hill,WR,4,53.5,13.38,-15.2,15.0,-0.17,0.166,,
00-0038935,Brenton Strange,TE,8,89.4,11.18,-35.9,13.4,-0.39,0.166,,
00-0035261,Tony Pollard,RB,13,136.4,10.49,-88.2,15.3,-0.991,0.164,,
00-0036212,Tuanigamanuolepola Tagovailoa,QB,13,139.5,10.73,-110.9,15.8,-1.233,0.164,,
00-0038563,Tre Tucker,WR,13,137.0,10.54,-81.5,16.8,-0.915,0.162,,
00-0035659,Terry McLaurin,WR,6,69.0,11.5,-30.2,12.6,-0.342,0.144,,
00-0040126,Colston Loveland,TE,12,120.0,10.0,-69.0,13.7,-0.784,0.143,,
00-0033923,Kareem Hunt,RB,13,130.9,10.07,-93.7,9.8,-1.032,0.124,,
00-0034753,Mark Andrews,TE,13,130.6,10.05,-75.0,11.2,-0.84,0.122,,
00-0038608,Kayshon Boutte,WR,11,113.1,10.28,-72.0,10.4,-0.784,0.121,,
00-0037816,Romeo Doubs,WR,13,130.2,10.02,-86.2,12.0,-0.995,0.102,,
00-0039893,Brian Thomas,WR,10,102.1,10.21,-68.2,7.8,-0.756,0.087,,
00-0039793,AJ Barner,TE,13,127.9,9.84,-77.2,8.9,-0.876,0.081,,
00-0036555,Chuba Hubbard,RB,11,109.7,9.97,-79.5,7.0,-0.891,0.077,,
00-0031503,Jameis Winston,QB,4,43.3,10.82,-30.3,6.8,-0.33,0.069,,
00-0035229,Thomas Hockenson,TE,13,124.0,9.54,-82.9,5.1,-0.932,0.061,,
00-0034827,Denniston Moore,WR,13,123.6,9.51,-92.8,5.4,-1.041,0.053,,
00-0031610,Darren Waller,TE,6,61.6,10.27,-36.1,4.9,-0.407,0.042,,
00-0039165,Zachariah Charbonnet,RB,12,116.0,9.67,-91.9,3.7,-1.028,0.041,,
00-0036972,Michael Jones,QB,13,128.3,9.87,-121.4,5.0,-1.341,0.037,,
00-0033553,James Conner,RB,3,32.3,10.77,-18.6,2.9,-0.21,0.032,,
00-0040676,Cameron Ward,QB,13,124.4,9.57,-124.8,1.4,-1.371,0.03,,
00-0040583,Jo'Quavious Marks,RB,13,124.0,9.54,-99.7,2.8,-1.112,0.026,,
00-0037545,Rashid Shaheed,WR,14,132.4,9.46,-100.8,3.4,-1.144,0.022,,
00-0033293,Aaron Jones,RB,9,82.6,9.18,-67.4,1.3,-0.765,0.02,,
00-0035662,Marquise Brown,WR,13,120.4,9.26,-96.5,0.2,-1.085,-0.005,,
00-0037256,Rachaad White,RB,13,121.6,9.35,-104.1,0.9,-1.186,-0.008,,
00-0038606,Christopher Washington,WR,12,111.2,9.27,-90.9,-0.5,-1.014,-0.009,,
00-0040236,Kyle Monangai,RB,13,117.5,9.04,-105.0,-1.6,-1.174,-0.019,,
00-0032950,Carson Wentz,QB,7,67.3,9.62,-70.1,-1.6,-0.757,-0.02,,
00-0033906,Alvin Kamara,RB,11,100.7,9.15,-92.6,-2.1,-1.03,-0.025,,
00-0039894,Xavier Worthy,WR,11,98.2,8.93,-83.7,-2.1,-0.948,-0.028,,
00-0036165,Isaiah Hodgins,WR,3,24.3,8.1,-24.5,-2.7,-0.283,-0.029,,
00-0031408,Michael Evans,WR,4,34.0,8.5,-35.0,-3.5,-0.38,-0.034,,
00-0039146,Jayden Reed,WR,3,22.8,7.6,-27.7,-5.4,-0.301,-0.053,,
00-0038728,Jared Wayne,WR,1,4.0,4.0,-10.7,-4.8,-0.123,-0.056,,
00-0039921,Trey Benson,RB,4,35.4,8.85,-35.3,-5.1,-0.391,-0.057,,
00-0040317,Jacoby Jones,WR,1,3.5,3.5,-11.9,-5.5,-0.139,-0.066,,
00-0039032,Tyjae Spears,RB,9,73.8,8.2,-80.1,-6.8,-0.897,-0.07,,
00-0039916,Ricky Pearsall,WR,7,59.5,8.5,-58.0,-6.0,-0.655,-0.073,,
00-0033699,Austin Ekeler,RB,2,13.1,6.55,-21.3,-6.8,-0.232,-0.074,,
00-0038891,Shedrick Jackson,WR,2,9.5,4.75,-24.6,-7.3,-0.268,-0.078,,
00-0040415,Connor Bazelak,QB,1,0.0,0.0,-20.3,-7.1,-0.224,-0.082,,
00-0038550,Alan Hooker,QB,1,0.0,0.0,-20.3,-7.1,-0.224,-0.082,,
00-0038129,Cade Otton,TE,13,112.0,8.62,-94.7,-6.7,-1.071,-0.086,,
00-0037157,Zonovan Knight,RB,11,93.1,8.46,-98.4,-9.7,-1.069,-0.086,,
00-0040067,Jacardia Wright,RB,1,2.0,2.0,-14.5,-7.5,-0.165,-0.087,,
00-0038498,E.J. Jenkins,TE,1,0.0,0.0,-16.7,-8.2,-0.177,-0.089,,
00-0040556,Corey Kiner,RB,1,0.0,0.0,-15.2,-7.7,-0.175,-0.091,,
00-0040234,Quinn Ewers,QB,1,0.1,0.12,-19.2,-8.5,-0.201,-0.092,,
00-0037329,Brittain Brown,RB,2,9.7,4.85,-22.9,-7.7,-0.262,-0.092,,
00-0039384,Tyrone Tracy,RB,11,91.7,8.34,-95.9,-8.6,-1.076,-0.093,,
00-0040668,Shedeur Sanders,QB,7,54.8,7.82,-73.8,-7.5,-0.813,-0.095,,
00-0040597,Brennan Presley,WR,1,0.0,0.0,-16.5,-8.1,-0.19,-0.096,,
00-0037031,Nikola Kalinic,TE,1,0.0,0.0,-13.7,-8.1,-0.16,-0.096,,
00-0033881,Evan Engram,TE,12,101.4,8.45,-91.1,-8.8,-1.017,-0.097,,
00-0040736,Mason Taylor,TE,13,110.9,8.53,-95.8,-7.8,-1.084,-0.097,,
00-0040203,Will Howard,QB,1,0.0,0.0,-18.1,-8.1,-0.207,-0.097,,
00-0038735,Princeton Fant,TE,1,0.0,0.0,-15.7,-8.9,-0.169,-0.098,,
00-0038098,Pierre Strong,RB,1,0.0,0.0,-16.6,-8.2,-0.191,-0.098,,
00-0038911,Micale Cunningham,WR,1,0.1,0.1,-16.3,-8.4,-0.187,-0.099,,
00-0037525,Jordan Mason,RB,13,112.5,8.65,-111.2,-8.7,-1.241,-0.1,,
00-0033885,Chief Njoku,TE,12,102.8,8.57,-87.1,-7.7,-0.998,-0.1,,
00-0035639,Parris Campbell,WR,1,0.0,0.0,-16.2,-8.7,-0.181,-0.1,,
00-0040315,Ja'Corey Brooks,WR,1,0.0,0.0,-16.2,-8.7,-0.181,-0.1,,
00-0035976,Daniel Chisena,WR,1,0.0,0.0,-16.4,-8.8,-0.181,-0.1,,
00-0036527,Darryl Turner,WR,1,0.0,0.0,-16.4,-8.5,-0.188,-0.1,,
00-0038409,Lew Nichols,RB,1,0.0,0.0,-16.0,-9.2,-0.173,-0.101,,
00-0039266,Kendall Milton,RB,1,0.2,0.2,-17.1,-8.5,-0.197,-0.101,,
00-0038476,Thomas DeVito,QB,1,0.0,0.0,-21.8,-9.2,-0.228,-0.102,,
00-0034681,Chase Edmonds,RB,1,0.0,0.0,-17.3,-8.7,-0.199,-0.103,,
00-0036567,Elijah Mitchell,RB,1,0.0,0.0,-17.3,-8.7,-0.199,-0.103,,
00-0034411,Russell Gage,WR,1,0.0,0.0,-16.3,-9.3,-0.181,-0.106,,
00-0036875,Rhamondre Stevenson,RB,10,87.8,8.78,-88.2,-7.7,-0.992,-0.106,,
00-0039518,Treyton Welch,TE,1,0.0,0.0,-16.1,-9.3,-0.182,-0.107,,
00-0035140,Carey Hardman,WR,1,0.0,0.0,-15.4,-9.0,-0.178,-0.107,,
00-0037276,Tykevious Chandler,RB,1,0.0,0.0,-16.4,-9.5,-0.183,-0.108,,
00-0039703,Cody Schrader,RB,1,0.0,0.0,-16.4,-9.5,-0.183,-0.108,,
00-0038930,Carlos Washington,RB,1,0.0,0.0,-16.4,-9.5,-0.183,-0.108,,
00-0038489,Ben VanSumeren,RB,1,0.0,0.0,-16.4,-9.5,-0.183,-0.108,,
00-0036423,Albert Okwuegbunam,TE,2,11.1,5.55,-22.3,-10.2,-0.234,-0.108,,
00-0038394,Will Mallory,TE,1,0.0,0.0,-17.8,-10.8,-0.183,-0.113,,
00-0036950,Avery Williams,RB,1,0.0,0.0,-19.3,-10.8,-0.196,-0.113,,
00-0040753,William Sheppard,WR,1,0.0,0.0,-16.9,-9.9,-0.19,-0.114,,
00-0035311,Myles Gaskin,RB,1,0.6,0.6,-15.4,-10.1,-0.174,-0.116,,
00-0039901,Keon Coleman,WR,11,93.5,8.5,-90.1,-10.1,-1.002,-0.117,,
00-0040648,Tory Horton,WR,8,65.1,8.14,-71.9,-10.8,-0.774,-0.12,,
00-0034899,John Wolford,QB,1,0.0,0.0,-18.2,-10.6,-0.202,-0.121,,
00-0033921,Rod Godwin,WR,5,35.4,7.08,-48.7,-11.2,-0.543,-0.123,,
00-0040387,Zach Horton,TE,1,0.0,0.0,-16.1,-10.7,-0.181,-0.123,,
00-0038997,Josh Downs,WR,12,101.3,8.44,-98.8,-10.4,-1.113,-0.126,,
00-0036879,Samuel Ehlinger,QB,1,0.0,0.0,-20.6,-12.0,-0.209,-0.126,,
00-0037263,Tyler Allgeier,RB,13,107.7,8.28,-114.8,-11.4,-1.288,-0.127,,
00-0035544,Tom Kennedy,WR,2,7.6,3.8,-25.7,-10.8,-0.295,-0.127,,
00-0040522,Xavier Restrepo,WR,2,7.1,3.55,-26.3,-10.9,-0.304,-0.128,,
00-0034386,Justin Watson,WR,2,6.0,3.0,-28.1,-13.7,-0.304,-0.15,,
00-0036360,Clyde Edwards-Helaire,RB,2,4.2,2.1,-28.4,-13.2,-0.319,-0.15,,
00-0038640,Jalen Brooks,WR,2,5.2,2.6,-28.0,-14.1,-0.304,-0.153,,
00-0039491,Jalen Coker,WR,7,48.4,6.91,-66.7,-14.1,-0.742,-0.153,,
00-0035243,Miles Sanders,RB,4,26.7,6.68,-44.0,-13.8,-0.482,-0.154,,
00-0040466,Raheim Sanders,RB,2,6.3,3.15,-26.1,-13.9,-0.295,-0.16,,
00-0037809,Chigoziem Okonkwo,TE,13,104.1,8.01,-102.4,-15.3,-1.14,-0.161,,
00-0036244,Colby Parkinson,TE,11,83.3,7.57,-90.8,-17.0,-0.997,-0.174,,
00-0038397,Evan Hull,RB,2,3.5,1.75,-27.7,-14.9,-0.317,-0.174,,
00-0036959,Michael Bandy,WR,2,2.6,1.3,-31.2,-15.8,-0.342,-0.178,,
00-0038108,Bailey Zappe,QB,2,0.0,0.0,-38.4,-15.2,-0.431,-0.179,,
00-0032688,Robert Chosen,WR,3,10.3,3.43,-39.2,-15.8,-0.441,-0.184,,
00-0032268,Marcus Mariota,QB,13,105.1,8.08,-145.3,-18.6,-1.553,-0.19,,
00-0039824,Jared Wiley,TE,2,1.9,0.95,-30.2,-16.6,-0.345,-0.194,,
00-0040039,Amar Johnson,RB,2,0.8,0.4,-32.6,-17.1,-0.363,-0.195,,
00-0035644,Noah Fant,TE,12,91.8,7.65,-99.2,-17.1,-1.117,-0.196,,
00-0039650,Bryce Oliver,WR,2,1.8,0.9,-32.3,-17.9,-0.348,-0.197,,
00-0039062,Jonathan Mingo,WR,2,0.0,0.0,-32.9,-16.6,-0.378,-0.197,,
00-0036775,Brandon Smith,WR,2,0.0,0.0,-30.9,-17.5,-0.347,-0.201,,
00-0033908,Cooper Kupp,WR,12,93.3,7.78,-107.7,-17.3,-1.214,-0.202,,
00-0036893,Najee Harris,RB,3,11.6,3.87,-39.3,-17.8,-0.437,-0.203,,
00-0036755,Jaret Patterson,RB,4,18.9,4.72,-47.6,-17.9,-0.532,-0.203,,
00-0040390,Jackson Meeks,WR,2,0.0,0.0,-32.8,-18.3,-0.359,-0.206,,
00-0040653,Ricky White,WR,2,0.0,0.0,-33.8,-18.4,-0.368,-0.206,,
00-0036534,Shane Zylstra,TE,2,0.0,0.0,-30.1,-18.8,-0.326,-0.207,,
00-0037755,Jelani Woods,TE,2,0.0,0.0,-33.3,-17.9,-0.375,-0.207,,
00-0037742,Treylon Burks,WR,4,18.7,4.68,-48.5,-18.1,-0.546,-0.208,,
00-0040629,Dalevon Campbell,WR,2,0.0,0.0,-34.6,-18.8,-0.374,-0.209,,
00-0033591,Noah Brown,WR,3,9.5,3.17,-41.0,-18.7,-0.455,-0.211,,
00-0035039,Stephen Carlson,TE,2,0.0,0.0,-32.8,-19.1,-0.355,-0.211,,
00-0037252,Gregory Dulcich,TE,6,34.9,5.82,-62.0,-18.3,-0.709,-0.214,,
00-0037132,Britain Covey,WR,2,0.0,0.0,-33.3,-18.4,-0.378,-0.214,,
00-0037380,Kaden Davis,WR,2,0.0,0.0,-32.5,-18.5,-0.37,-0.216,,
00-0040476,Ulysses Bentley,RB,2,0.0,0.0,-34.4,-19.9,-0.37,-0.219,,
00-0034115,Jeffery Wilson,RB,2,0.0,0.0,-34.4,-19.9,-0.37,-0.219,,
00-0036569,Gary Brightwell,RB,2,0.0,0.0,-32.5,-18.9,-0.371,-0.221,,
00-0038396,Eric Gray,RB,2,0.0,0.0,-32.5,-18.9,-0.371,-0.221,,
00-0036670,Jermar Jefferson,RB,2,0.0,0.0,-32.5,-18.9,-0.371,-0.221,,
00-0038794,Jaleel McLaughlin,RB,4,16.5,4.12,-50.1,-19.3,-0.573,-0.224,,
00-0038678,Jordan Mims,RB,2,0.0,0.0,-37.7,-21.5,-0.39,-0.229,,
00-0036196,Gabriel Davis,WR,4,15.8,3.95,-49.4,-19.7,-0.573,-0.232,,
00-0034837,Calvin Ridley,WR,7,47.3,6.76,-69.8,-19.7,-0.782,-0.233,,
00-0040130,Jayden Higgins,WR,13,98.3,7.56,-118.7,-22.0,-1.309,-0.234,,
00-0033110,Tyler Higbee,TE,9,61.0,6.78,-80.5,-20.6,-0.899,-0.235,,
00-0037487,Deven Thompkins,WR,3,6.2,2.07,-43.3,-20.9,-0.492,-0.243,,
00-0035535,Darius Slayton,WR,10,72.7,7.27,-94.8,-21.8,-1.055,-0.244,,
00-0036407,Jerry Jeudy,WR,13,97.7,7.52,-118.0,-21.7,-1.317,-0.244,,
00-0039066,Michael Mayer,TE,9,57.2,6.36,-82.5,-22.0,-0.924,-0.25,,
00-0036894,Patrick Freiermuth,TE,13,96.7,7.44,-107.8,-20.1,-1.224,-0.253,,
00-0034983,Hunter Renfrow,WR,6,35.9,5.98,-65.8,-22.1,-0.721,-0.254,,
00-0033943,Joshua Reynolds,WR,5,23.1,4.62,-61.4,-23.3,-0.666,-0.256,,
00-0040172,Jordan Watkins,WR,3,4.6,1.53,-43.9,-22.6,-0.487,-0.256,,
00-0037539,Lucas Krull,TE,3,4.5,1.5,-41.7,-23.6,-0.46,-0.264,,
00-0036414,Cam Akers,RB,3,7.2,2.39,-48.4,-24.2,-0.515,-0.265,,
00-0033455,Anthony Firkser,TE,3,4.1,1.37,-41.7,-22.5,-0.481,-0.265,,
00-0037524,Davontavean Martin,WR,3,4.3,1.43,-46.2,-24.5,-0.494,-0.267,,
00-0039794,Braelon Allen,RB,4,15.3,3.82,-55.4,-25.2,-0.596,-0.274,,
00-0040705,Chimere Dike,WR,13,94.2,7.25,-122.7,-26.0,-1.345,-0.282,,
00-0034419,Braxton Berrios,WR,4,9.7,2.43,-56.6,-25.8,-0.615,-0.286,,
00-0040237,Keyonteze Johnson,WR,12,84.4,7.03,-113.5,-24.6,-1.273,-0.287,,
00-0034367,Nyheim Hines,RB,3,-0.2,-0.07,-53.7,-25.5,-0.586,-0.287,,
00-0040429,Josh Williams,RB,3,1.1,0.37,-52.7,-26.6,-0.569,-0.295,,
00-0039631,Cam Grandy,TE,3,1.1,0.37,-47.3,-26.9,-0.51,-0.296,,
00-0036924,Michael Carter,RB,10,65.9,6.59,-107.6,-26.5,-1.193,-0.296,,
00-0039373,Audric Estime,RB,3,1.1,0.37,-47.2,-26.1,-0.533,-0.301,,
00-0040363,Keleki Latu,TE,3,1.9,0.63,-43.9,-25.9,-0.506,-0.304,,
00-0037197,Isiah Pacheco,RB,10,68.5,6.85,-106.1,-26.5,-1.185,-0.305,,
00-0040398,Brady Cook,QB,3,0.5,0.17,-55.4,-26.2,-0.62,-0.305,,
00-0040584,Gunnar Helm,TE,13,91.3,7.02,-115.2,-28.1,-1.285,-0.309,,
00-0036425,DeeJay Dallas,RB,3,0.0,0.0,-53.9,-27.7,-0.588,-0.31,,
00-0039376,Spencer Rattler,QB,13,97.1,7.47,-154.5,-25.7,-1.713,-0.311,,
00-0038740,Jalen Moreno-Cropper,WR,3,0.0,0.0,-50.5,-28.8,-0.535,-0.312,,
00-0034867,Malik Turner,WR,3,0.0,0.0,-51.7,-28.6,-0.552,-0.313,,
00-0034829,Michael Gesicki,TE,9,56.1,6.23,-84.7,-28.6,-0.931,-0.314,,
00-0036328,Antonio Gibson,RB,5,23.2,4.64,-66.7,-28.1,-0.725,-0.314,,
00-0037311,Ko Kieft,TE,3,0.0,0.0,-46.2,-28.1,-0.508,-0.315,,
00-0035291,Trayveon Williams,RB,3,0.9,0.3,-49.6,-27.3,-0.559,-0.316,,
00-0040431,Dalen Cambre,WR,3,0.0,0.0,-48.8,-27.0,-0.558,-0.317,,
00-0033555,Mackenzie Hollins,WR,13,91.4,7.03,-125.4,-29.1,-1.387,-0.319,,
00-0040244,Moliki Matavao,TE,3,0.0,0.0,-45.6,-29.3,-0.489,-0.319,,
00-0040586,Jaydon Blue,RB,4,7.0,1.75,-65.8,-29.1,-0.71,-0.322,,
00-0039342,Anthony Legette,WR,11,73.7,6.7,-108.6,-28.0,-1.206,-0.325,,
00-0040170,Elic Ayomanor,WR,12,83.3,6.94,-117.1,-28.8,-1.305,-0.326,,
00-0039880,Malik Washington,WR,13,91.2,7.02,-125.5,-29.7,-1.4,-0.333,,
00-0040735,Luther Burden,WR,12,78.2,6.52,-120.7,-30.4,-1.342,-0.333,,
00-0037838,Isaiah Likely,TE,10,60.8,6.08,-98.6,-30.5,-1.1,-0.337,,
00-0036988,Joshua Palmer,WR,8,45.2,5.65,-88.4,-29.9,-0.986,-0.338,,
00-0038976,Marvin Mims,WR,11,73.4,6.67,-109.5,-29.1,-1.234,-0.349,,
00-0036849,Chatarius Atwell,WR,6,26.4,4.4,-76.9,-31.2,-0.83,-0.349,,
00-0034159,William Dissly,TE,5,11.9,2.38,-66.4,-31.6,-0.733,-0.354,,
00-0038393,Dontayvion Wicks,WR,11,69.3,6.3,-114.9,-30.5,-1.285,-0.355,,
00-0034975,Justice Hill,RB,10,64.2,6.42,-111.0,-30.1,-1.232,-0.355,,
00-0037837,Calvin Austin,WR,11,69.9,6.35,-112.5,-31.3,-1.263,-0.355,,
00-0038589,Josh Whyle,TE,5,12.9,2.58,-64.8,-30.9,-0.743,-0.36,,
00-0038040,Zamir White,RB,4,7.4,1.85,-62.8,-32.8,-0.677,-0.361,,
00-0039737,Tip Reiman,TE,4,6.3,1.57,-57.7,-33.1,-0.623,-0.362,,
00-0039355,Luke McCaffrey,WR,9,51.3,5.7,-100.4,-33.4,-1.089,-0.365,,
00-0040242,Jacory Croskey-Merritt,RB,13,90.8,6.98,-134.4,-30.9,-1.502,-0.365,,
00-0034955,Brett Rypien,QB,3,0.0,0.0,-56.9,-33.9,-0.599,-0.368,,
00-0039359,Cade Stover,TE,5,13.1,2.62,-63.2,-31.3,-0.73,-0.37,,
00-0037282,James Mitchell,TE,4,7.3,1.83,-57.6,-33.4,-0.627,-0.371,,
00-0038621,DeMario Douglas,WR,13,86.8,6.68,-130.0,-33.7,-1.439,-0.374,,
00-0033307,Kendrick Bourne,WR,12,79.2,6.6,-121.4,-32.0,-1.353,-0.378,,
00-0038979,Cedric Tillman,WR,9,49.7,5.52,-100.5,-33.1,-1.131,-0.38,,
00-0034860,Dante Pettis,WR,4,2.4,0.6,-63.8,-32.9,-0.724,-0.383,,
00-0038458,Owen Wright,RB,4,0.6,0.15,-69.5,-33.5,-0.774,-0.385,,
00-0035876,Andre Baccellia,WR,4,2.8,0.7,-62.4,-32.7,-0.716,-0.385,,
00-0038953,Dylan Drummond,WR,5,11.2,2.24,-70.8,-33.7,-0.799,-0.387,,
00-0037258,Dameon Pierce,RB,4,2.6,0.65,-67.6,-34.6,-0.738,-0.388,,
00-0035628,D'Ernest Johnson,RB,4,0.7,0.17,-68.0,-34.5,-0.744,-0.388,,
00-0038551,Kendre Miller,RB,7,33.3,4.76,-92.8,-35.2,-1.007,-0.39,,
00-0036906,Khalil Herbert,RB,4,0.0,0.0,-69.9,-35.1,-0.755,-0.39,,
00-0024243,Marcedes Lewis,TE,4,0.0,0.0,-63.6,-33.9,-0.714,-0.39,,
00-0040667,Matthew Golden,WR,10,57.1,5.71,-109.5,-34.3,-1.221,-0.391,,
00-0035500,Greg Dortch,WR,12,75.1,6.26,-127.0,-36.6,-1.385,-0.393,,
00-0036497,Tim Jones,WR,4,2.5,0.62,-65.4,-35.6,-0.71,-0.396,,
00-0033589,David Moore,WR,4,2.7,0.68,-66.0,-35.8,-0.713,-0.397,,
00-0033282,Curtis Samuel,WR,6,21.1,3.52,-77.1,-35.2,-0.85,-0.397,,
00-0039489,Hayden Rucci,TE,4,0.0,0.0,-64.8,-34.7,-0.723,-0.397,,
00-0039738,Blake Corum,RB,13,86.3,6.64,-138.1,-35.5,-1.518,-0.398,,
00-0039356,Ja'Tavion Sanders,TE,10,55.1,5.51,-102.4,-34.7,-1.154,-0.399,,
00-0038783,Nathan Adkins,TE,6,19.8,3.3,-79.1,-36.3,-0.859,-0.4,,
00-0034775,Christian Kirk,WR,9,48.4,5.38,-102.0,-35.1,-1.143,-0.401,,
00-0035282,Easton Stick,QB,4,0.0,0.0,-75.2,-34.3,-0.845,-0.401,,
00-0037112,Jake Tonges,TE,13,85.6,6.58,-120.8,-34.2,-1.353,-0.403,,
00-0036290,Cole Kmet,TE,12,72.3,6.02,-115.0,-35.9,-1.291,-0.404,,
00-0036133,James Proche,WR,5,9.5,1.9,-72.5,-35.4,-0.817,-0.406,,
00-0039410,Ryan Flournoy,WR,13,84.4,6.49,-132.5,-35.8,-1.464,-0.409,,
00-0040211,Graham Mertz,QB,4,0.0,0.0,-74.4,-36.5,-0.819,-0.416,,
00-0033439,Pharaoh Brown,TE,4,0.0,0.0,-61.8,-35.6,-0.71,-0.418,,
00-0037231,Kevin Austin,WR,4,0.0,0.0,-66.9,-36.0,-0.76,-0.421,,
00-0031763,DeAndre Carter,WR,4,0.0,0.0,-68.7,-38.5,-0.74,-0.426,,
00-0032385,Sterling Shepard,WR,13,82.0,6.31,-133.7,-37.4,-1.504,-0.429,,
00-0036984,Trey Sermon,RB,4,0.0,0.0,-69.5,-38.6,-0.752,-0.429,,
00-0035406,Lil'Jordan Humphrey,WR,6,15.2,2.53,-82.2,-38.0,-0.923,-0.436,,
00-0040202,Devin Neal,RB,10,49.8,4.98,-119.1,-40.0,-1.309,-0.438,,
00-0034791,Nicholas Chubb,RB,13,83.0,6.38,-140.7,-38.2,-1.579,-0.444,,
00-0035208,Olamide Zaccheaus,WR,13,79.5,6.12,-136.9,-38.7,-1.54,-0.447,,
00-0036309,Darnell Mooney,WR,11,59.9,5.45,-124.0,-40.3,-1.381,-0.453,,
00-0038454,Keaton Mitchell,RB,9,40.5,4.5,-112.5,-40.4,-1.259,-0.456,,
00-0039458,Brenden Bates,TE,5,5.3,1.06,-74.6,-41.3,-0.816,-0.462,,
00-0033858,Jonnu Smith,TE,13,76.7,5.9,-127.8,-40.1,-1.444,-0.465,,
00-0040743,Tyler Shough,QB,13,79.1,6.08,-172.6,-43.8,-1.854,-0.465,,
00-0037077,Sam Howell,QB,4,0.0,0.0,-78.4,-42.5,-0.832,-0.467,,
00-0037801,KaVontae Turpin,WR,11,60.3,5.48,-123.5,-40.4,-1.391,-0.467,,
00-0035689,Dawson Knox,TE,13,77.1,5.93,-128.5,-42.3,-1.43,-0.469,,
00-0034407,Raymond McCloud,WR,6,13.9,2.32,-88.6,-43.0,-0.961,-0.475,,
00-0038797,Emanuel Wilson,RB,13,75.8,5.83,-146.7,-43.3,-1.617,-0.483,,
00-0040673,Jalen Milroe,QB,4,-1.6,-0.4,-79.1,-44.3,-0.837,-0.484,,
00-0038951,Sean Tucker,RB,13,77.0,5.92,-148.7,-43.7,-1.622,-0.487,,
00-0038705,Emari Demercado,RB,9,42.5,4.72,-116.1,-44.2,-1.274,-0.496,,
00-0040162,Dylan Sampson,RB,13,75.5,5.81,-150.2,-45.2,-1.65,-0.497,,
00-0033891,Isaiah Jones,WR,8,30.3,3.79,-105.6,-45.1,-1.148,-0.497,,
00-0040704,Dillon Gabriel,QB,12,70.1,5.84,-158.5,-44.4,-1.745,-0.505,,
00-0037004,Hunter Long,TE,9,37.5,4.17,-106.0,-45.5,-1.161,-0.506,,
00-0038619,Andrei Iosivas,WR,13,75.7,5.82,-141.2,-44.5,-1.575,-0.509,,
00-0038618,Xavier Hutchinson,WR,13,75.7,5.82,-141.3,-44.6,-1.574,-0.512,,
00-0040646,Jalen Royals,WR,5,0.0,0.0,-85.4,-46.6,-0.914,-0.512,,
00-0037563,Malik Davis,RB,7,16.3,2.33,-100.3,-44.8,-1.123,-0.513,,
00-0039884,Tahj Washington,WR,5,0.1,0.02,-82.2,-46.8,-0.9,-0.524,,
00-0038456,Travis Vokolek,TE,5,0.0,0.0,-79.5,-47.6,-0.864,-0.528,,
00-0035891,Cody White,WR,7,18.0,2.57,-97.3,-45.2,-1.106,-0.529,,
00-0038558,Darnell Washington,TE,13,70.3,5.41,-134.2,-46.5,-1.509,-0.53,,
00-0040205,Kalel Mullings,RB,5,0.0,0.0,-80.7,-45.6,-0.916,-0.53,,
00-0038104,Tyquan Thornton,WR,13,74.1,5.7,-142.8,-46.1,-1.594,-0.531,,
00-0039394,Casey Washington,WR,7,15.4,2.2,-98.7,-46.8,-1.095,-0.532,,
00-0035250,Devin Singletary,RB,13,73.2,5.63,-153.4,-49.0,-1.673,-0.535,,
00-0038643,Brayden Willis,TE,5,0.0,0.0,-80.5,-49.3,-0.864,-0.539,,
00-0038492,Jason Brownlee,WR,5,0.0,0.0,-84.3,-48.7,-0.913,-0.54,,
00-0037291,Jalen Nailor,WR,13,73.3,5.64,-143.7,-47.0,-1.604,-0.542,,
00-0038611,Chris Rodriguez,RB,12,62.8,5.23,-144.5,-48.5,-1.599,-0.545,,
00-0039874,Jaylen Wright,RB,8,24.2,3.02,-113.2,-48.9,-1.245,-0.548,,
00-0037093,Dareke Young,WR,6,6.8,1.13,-96.4,-50.2,-1.032,-0.55,,
00-0034272,Marquez Valdes-Scantling,WR,6,8.0,1.33,-92.7,-49.2,-1.018,-0.551,,
00-0040692,Jarquez Hunter,RB,5,0.0,0.0,-91.6,-50.5,-0.972,-0.551,,
00-0036550,Rashod Bateman,WR,11,53.7,4.88,-129.9,-49.9,-1.43,-0.554,,
00-0039164,Anthony Richardson,QB,5,2.2,0.43,-95.6,-51.1,-1.012,-0.559,,
00-0034418,Cedrick Wilson,WR,6,5.5,0.92,-91.7,-49.1,-1.033,-0.567,,
00-0038496,Xavier Gipson,WR,6,2.6,0.43,-94.3,-49.7,-1.056,-0.571,,
00-0036176,Mason Kinsey,WR,6,2.4,0.4,-95.8,-49.9,-1.07,-0.572,,
00-0040719,Bhayshul Tuten,RB,13,71.0,5.46,-153.4,-50.8,-1.698,-0.573,,
00-0039792,Devontez Walker,WR,8,25.0,3.12,-109.3,-51.3,-1.21,-0.581,,
00-0036626,Dyami Brown,WR,11,49.5,4.5,-134.6,-51.5,-1.51,-0.598,,
00-0039890,Adonai Mitchell,WR,12,58.0,4.83,-142.6,-53.5,-1.573,-0.602,,
00-0032951,Laquon Treadwell,WR,6,0.0,0.0,-101.4,-53.2,-1.123,-0.606,,
00-0040058,Nick Kallerup,TE,6,0.0,0.0,-93.4,-52.7,-1.056,-0.61,,
00-0036980,Elijah Moore,WR,9,28.6,3.18,-121.3,-53.9,-1.349,-0.613,,
00-0040563,Efton Chism,WR,6,0.0,0.0,-100.1,-54.3,-1.104,-0.616,,
00-0028118,Tyrod Taylor,QB,12,59.5,4.96,-166.9,-56.0,-1.806,-0.617,,
00-0039424,Devaughn Vele,WR,12,54.4,4.53,-146.3,-56.1,-1.599,-0.62,,
00-0040184,KeAndre Lambert-Smith,WR,6,1.1,0.18,-101.0,-57.0,-1.078,-0.622,,
00-0040277,Jahdae Walker,WR,6,0.0,0.0,-99.4,-55.0,-1.096,-0.623,,
00-0035249,Josh Oliver,TE,11,46.1,4.19,-129.2,-55.7,-1.431,-0.625,,
00-0036841,Stephen Trammell,WR,7,7.6,1.09,-108.9,-55.6,-1.214,-0.635,,
00-0036898,Davis Mills,QB,13,65.0,5.0,-185.2,-58.2,-1.991,-0.639,,
00-0039074,Davis Allen,TE,13,62.3,4.79,-142.8,-56.7,-1.593,-0.64,,
00-0036754,Brock Wright,TE,11,43.8,3.98,-129.3,-56.7,-1.434,-0.642,,
00-0039757,Terrell Jennings,RB,8,15.2,1.9,-121.4,-55.7,-1.357,-0.643,,
00-0032394,Nicholas Vannett,TE,6,0.0,0.0,-96.7,-58.7,-1.043,-0.645,,
00-0033857,John Smith-Schuster,WR,13,63.4,4.88,-153.5,-56.8,-1.71,-0.647,,
00-0035100,Jake Browning,QB,11,47.7,4.34,-164.7,-56.2,-1.803,-0.65,,
00-0034613,Tanner Hudson,TE,11,43.2,3.93,-130.5,-58.7,-1.444,-0.652,,
00-0039521,Xavier Weaver,WR,7,5.4,0.77,-112.4,-58.1,-1.236,-0.655,,
00-0036427,Tyler Johnson,WR,10,34.7,3.47,-130.7,-58.8,-1.439,-0.659,,
00-0037557,Ronnie Rivers,RB,7,4.1,0.59,-112.3,-57.7,-1.252,-0.66,,
00-0033526,Samaje Perine,RB,11,44.0,4.0,-146.7,-60.2,-1.596,-0.664,,
00-0035993,Tyler Huntley,QB,9,23.4,2.6,-148.6,-58.6,-1.636,-0.665,,
00-0032392,Austin Hooper,TE,12,51.3,4.27,-139.0,-59.5,-1.537,-0.666,,
00-0033357,Taysom Hill,TE,9,21.1,2.34,-123.5,-58.9,-1.374,-0.669,,
00-0036265,Algiers Dillon,RB,7,7.8,1.11,-117.6,-60.3,-1.273,-0.67,,
00-0032775,Demarcus Robinson,WR,10,31.9,3.19,-133.7,-59.4,-1.48,-0.671,,
00-0040206,Riley Leonard,QB,8,10.4,1.3,-143.5,-59.2,-1.574,-0.672,,
00-0037348,Tanner Conner,TE,9,22.6,2.51,-122.1,-61.2,-1.331,-0.676,,
00-0033955,Jeremy McNichols,RB,13,60.2,4.63,-165.0,-61.5,-1.812,-0.68,,
00-0040179,DJ Giddens,RB,7,6.6,0.94,-119.5,-61.9,-1.278,-0.68,,
00-0032104,Ameer Abdullah,RB,9,20.9,2.32,-132.9,-59.8,-1.477,-0.683,,
00-0040134,Patrick Bryant,WR,13,58.5,4.5,-158.2,-62.4,-1.733,-0.686,,
00-0040547,Nate Carter,RB,7,4.0,0.57,-116.4,-60.7,-1.283,-0.687,,
00-0033375,Timothy Patrick,WR,12,48.2,4.02,-152.8,-62.4,-1.672,-0.688,,
00-0038809,Ben Sims,TE,7,2.4,0.34,-106.4,-60.9,-1.193,-0.696,,
00-0035537,Ty Johnson,RB,13,58.5,4.5,-165.2,-62.9,-1.821,-0.697,,
00-0033576,Eric Saubert,TE,7,2.7,0.39,-109.1,-63.6,-1.175,-0.698,,
00-0039379,Jamari Thrash,WR,9,20.7,2.3,-129.8,-63.2,-1.415,-0.702,,
00-0035594,Travis Homer,RB,7,-0.2,-0.03,-117.4,-61.9,-1.302,-0.706,,
00-0033376,Patrick Ricard,RB,7,0.3,0.04,-115.4,-61.1,-1.299,-0.706,,
00-0039021,Roschon Johnson,RB,7,1.7,0.24,-123.3,-64.0,-1.338,-0.715,,
00-0032464,Kalif Raymond,WR,11,37.9,3.45,-147.3,-63.9,-1.622,-0.716,,
00-0037745,Velus Jones,WR,7,3.2,0.46,-115.6,-64.5,-1.257,-0.717,,
00-0040218,Jimmy Horn,WR,9,19.1,2.12,-129.1,-62.9,-1.437,-0.717,,
00-0037666,Jalen Tolbert,WR,11,39.2,3.56,-144.8,-64.4,-1.587,-0.719,,
00-0039364,Sione Vaki,RB,7,0.4,0.06,-114.4,-62.4,-1.29,-0.721,,
00-0038590,Justin Shorter,TE,7,0.0,0.0,-111.8,-66.3,-1.203,-0.728,,
00-0032398,Christopher Moore,WR,11,36.1,3.28,-146.4,-65.9,-1.611,-0.737,,
00-0035567,Craig Reynolds,RB,7,0.4,0.06,-126.4,-67.4,-1.345,-0.738,,
00-0039920,Malachi Corley,WR,9,16.3,1.81,-130.8,-64.6,-1.464,-0.739,,
00-0034981,Foster Moreau,TE,9,14.4,1.6,-130.2,-65.6,-1.441,-0.74,,
00-0037005,Tommy Tremble,TE,13,54.6,4.2,-151.8,-65.2,-1.688,-0.741,,
00-0035726,Jakob Johnson,RB,7,0.0,0.0,-116.0,-64.7,-1.301,-0.744,,
00-0033662,Cooper Rush,QB,7,1.7,0.25,-134.7,-67.3,-1.443,-0.746,,
00-0036842,Kene Nwangwu,RB,8,6.0,0.75,-128.9,-64.8,-1.445,-0.747,,
00-0038720,Julian Hill,TE,10,27.6,2.76,-132.3,-66.2,-1.466,-0.747,,
00-0037614,John Metchie,WR,13,51.5,3.96,-164.2,-67.9,-1.798,-0.747,,
00-0031687,Dominique Mostert,RB,10,26.3,2.63,-147.2,-66.1,-1.627,-0.748,,
00-0037617,Hassan Haskins,RB,8,8.3,1.04,-133.0,-67.9,-1.438,-0.753,,
00-0026300,Joshua Johnson,QB,7,0.0,0.0,-131.3,-66.1,-1.444,-0.753,,
00-0029263,Russell Wilson,QB,12,46.8,3.9,-184.7,-65.9,-2.009,-0.754,,
00-0032211,Tyler Lockett,WR,13,52.1,4.01,-166.4,-68.1,-1.832,-0.754,,
00-0030564,DeAndre Hopkins,WR,13,54.7,4.21,-160.7,-66.0,-1.798,-0.755,,
00-0036415,Vanchii Jefferson,WR,13,52.7,4.05,-164.2,-67.5,-1.816,-0.755,,
00-0036637,Noah Gray,TE,12,40.1,3.34,-150.3,-68.6,-1.663,-0.763,,
00-0040198,Ollie Gordon,RB,13,52.1,4.01,-173.1,-69.6,-1.889,-0.764,,
00-0040194,Jackson Hawes,TE,13,51.2,3.94,-154.4,-68.2,-1.72,-0.764,,
00-0038115,Daniel Bellinger,TE,12,44.2,3.68,-146.4,-66.7,-1.638,-0.768,,
00-0037746,Brian Robinson,RB,13,53.7,4.13,-172.9,-68.5,-1.907,-0.769,,
00-0040259,Gage Larvadain,WR,9,12.6,1.4,-134.5,-68.3,-1.5,-0.777,,
00-0037340,Zaire Mitchell-Paden,TE,8,4.7,0.59,-119.9,-69.7,-1.315,-0.778,,
00-0040509,Benjamin Yurosek,TE,8,2.0,0.25,-125.7,-69.0,-1.387,-0.778,,
00-0040138,Jaylin Noel,WR,13,51.5,3.96,-165.5,-68.8,-1.835,-0.78,,
00-0036232,Harrison Bryant,TE,8,3.7,0.46,-126.9,-70.8,-1.369,-0.78,,
00-0036332,Josiah Deguara,TE,8,2.1,0.26,-123.6,-68.8,-1.372,-0.781,,
00-0037120,Tyler Goodson,RB,8,4.0,0.5,-130.6,-69.3,-1.452,-0.791,,
00-0040225,Thomas Fidone,TE,8,0.0,0.0,-129.4,-71.2,-1.419,-0.8,,
00-0039739,Roman Wilson,WR,12,38.6,3.22,-161.4,-71.1,-1.778,-0.8,,
00-0034521,Allen Lazard,WR,10,21.4,2.14,-145.5,-71.2,-1.607,-0.802,,
00-0039451,Isaiah Williams,WR,11,28.0,2.55,-154.6,-71.3,-1.711,-0.804,,
00-0037805,Jeremy Ruckert,TE,13,48.0,3.69,-158.7,-70.7,-1.775,-0.805,,
00-0040534,Ke'Shawn Williams,WR,8,0.0,0.0,-131.3,-71.2,-1.461,-0.814,,
00-0039577,Kedon Slovis,QB,8,-0.1,-0.01,-150.4,-71.6,-1.658,-0.82,,
00-0040737,Terrance Ferguson,TE,11,27.3,2.48,-146.2,-71.9,-1.631,-0.821,,
00-0035021,Ashton Dulin,WR,10,20.0,2.0,-146.7,-73.3,-1.613,-0.822,,
00-0036646,Simione Fehoko,WR,8,0.0,0.0,-137.1,-75.4,-1.469,-0.828,,
00-0031236,Brandin Cooks,WR,12,37.8,3.15,-163.5,-74.1,-1.802,-0.832,,
00-0040187,Mitchell Evans,TE,13,46.8,3.6,-159.6,-73.0,-1.779,-0.832,,
00-0036422,Adam Trautman,TE,13,45.7,3.52,-163.0,-73.8,-1.809,-0.836,,
00-0040782,Isaiah Bond,WR,12,36.5,3.04,-162.9,-74.1,-1.813,-0.842,,
00-0038658,Adrian Martinez,QB,8,-0.1,-0.01,-156.8,-76.3,-1.674,-0.844,,
00-0039041,Elijah Higgins,TE,13,44.4,3.42,-160.7,-74.6,-1.793,-0.846,,
00-0040009,Savion Williams,WR,11,24.6,2.24,-158.4,-75.2,-1.751,-0.851,,
00-0040727,Cleveland Harris,WR,13,44.8,3.45,-171.9,-76.1,-1.898,-0.854,,
00-0040739,Elijah Arroyo,TE,13,44.4,3.42,-160.7,-74.6,-1.797,-0.855,,
00-0040669,Isaac TeSlaa,WR,13,44.0,3.38,-174.5,-76.2,-1.924,-0.856,,
00-0040164,Joshua Lane,WR,13,45.2,3.48,-171.5,-75.7,-1.902,-0.857,,
00-0039798,Isaiah Davis,RB,13,44.7,3.44,-181.0,-76.0,-2.006,-0.864,,
00-0039144,Luke Musgrave,TE,13,40.7,3.13,-163.8,-76.1,-1.837,-0.868,,
00-0040024,Darius Cooper,WR,9,5.6,0.62,-141.8,-76.7,-1.592,-0.88,,
00-0037267,Jerome Ford,RB,13,43.6,3.35,-182.1,-77.1,-2.024,-0.88,,
00-0040078,Brashard Smith,RB,13,43.5,3.35,-181.1,-77.6,-2.009,-0.882,,
00-0038440,Zavier Scott,RB,12,33.3,2.78,-174.0,-78.4,-1.917,-0.886,,
00-0040432,C. Collins,WR,9,4.5,0.5,-147.2,-80.2,-1.588,-0.887,,
00-0038752,Jake Bobo,WR,9,4.0,0.44,-149.0,-79.5,-1.629,-0.891,,
00-0029604,Kirk Cousins,QB,13,39.7,3.05,-208.2,-80.1,-2.271,-0.893,,
00-0035298,Scott Miller,WR,9,1.9,0.21,-149.0,-79.2,-1.645,-0.899,,
00-0037741,Jahan Dotson,WR,13,38.9,2.99,-176.8,-80.5,-1.954,-0.905,,
00-0040488,Carter Runyon,TE,9,1.8,0.2,-141.3,-80.9,-1.557,-0.91,,
00-0036628,John Bates,TE,11,19.1,1.74,-157.9,-80.6,-1.749,-0.911,,
00-0040581,Dont'e Thornton,WR,11,20.3,1.85,-164.4,-81.8,-1.807,-0.917,,
00-0038046,Charlie Kolar,TE,13,37.9,2.92,-167.7,-81.5,-1.871,-0.921,,
00-0039299,George Holani,RB,11,20.8,1.89,-172.5,-82.6,-1.88,-0.922,,
00-0038359,Xavier Smith,WR,12,28.3,2.36,-173.7,-83.8,-1.904,-0.935,,
00-0038679,Tyrell Shavers,WR,13,36.8,2.83,-178.6,-83.9,-1.966,-0.937,,
00-0040649,Robbie Ouzts,RB,9,0.0,0.0,-149.2,-82.7,-1.664,-0.945,,
00-0037085,Tyler Badie,RB,12,28.5,2.38,-178.6,-84.5,-1.964,-0.952,,
00-0036887,Luke Farrell,TE,13,35.0,2.69,-171.4,-84.8,-1.901,-0.961,,
00-0038465,Malik Heath,WR,11,14.6,1.33,-170.0,-86.1,-1.872,-0.973,,
00-0039746,William Shipley,RB,11,14.7,1.34,-176.6,-86.1,-1.949,-0.976,,
00-0039751,Jordan Whittington,WR,13,33.4,2.57,-185.1,-86.8,-2.05,-0.983,,
00-0040729,Jack Bech,WR,13,32.4,2.49,-186.1,-87.8,-2.051,-0.986,,
00-0034365,Ian Thomas,TE,13,30.9,2.38,-174.2,-88.1,-1.925,-0.986,,
00-0036590,Quintin Morris,TE,10,5.5,0.55,-152.7,-87.6,-1.691,-0.987,,
00-0037654,Tucker Fisk,TE,10,4.9,0.49,-157.7,-88.0,-1.731,-0.987,,
00-0038840,Brycen Tremayne,WR,12,24.3,2.02,-176.2,-87.4,-1.945,-0.989,,
00-0040131,Kyle Williams,WR,13,31.1,2.39,-185.7,-89.4,-2.035,-0.996,,
00-0037091,Miles Melton,WR,12,19.8,1.65,-178.7,-88.0,-1.985,-0.999,,
00-0033246,John Mundt,TE,12,21.5,1.79,-167.6,-89.7,-1.847,-1.002,,
00-0037086,Grant Calcaterra,TE,11,12.3,1.12,-162.1,-89.5,-1.808,-1.02,,
00-0039754,Devin Culp,TE,10,0.0,0.0,-160.5,-90.6,-1.774,-1.024,,
00-0038573,Derius Davis,WR,10,1.8,0.18,-164.4,-90.3,-1.818,-1.025,,
00-0035602,Alex Bachman,WR,10,1.9,0.19,-167.4,-91.5,-1.831,-1.026,,
00-0038839,Mitchell Tinsley,WR,13,29.0,2.23,-187.9,-91.2,-2.073,-1.027,,
00-0035359,David Sills,WR,13,26.5,2.04,-189.9,-91.7,-2.097,-1.031,,
00-0037306,John FitzPatrick,TE,13,24.9,1.92,-179.6,-91.9,-1.998,-1.037,,
00-0030035,Adam Thielen,WR,12,18.3,1.52,-181.8,-92.1,-2.005,-1.039,,
00-0036620,D'Wayne Eskridge,WR,11,10.2,0.93,-174.8,-92.9,-1.909,-1.04,,
00-0038938,Jalin Hyatt,WR,11,8.5,0.77,-176.7,-93.3,-1.926,-1.04,,
00-0038400,Tanner McKee,QB,10,-0.2,-0.02,-189.1,-92.3,-2.063,-1.041,,
00-0039875,Re'Mahn Davis,RB,13,28.4,2.18,-195.3,-93.0,-2.154,-1.046,,
00-0039912,Ben Sinnott,TE,12,16.1,1.34,-176.5,-94.4,-1.935,-1.052,,
00-0034270,Tyler Conklin,TE,12,17.7,1.47,-175.0,-94.0,-1.923,-1.055,,
00-0034854,KhaDarel Hodge,WR,11,6.1,0.55,-175.9,-92.9,-1.95,-1.057,,
00-0036741,Jack Stoll,TE,12,15.5,1.29,-175.0,-94.9,-1.92,-1.06,,
00-0039796,Rasheen Ali,RB,11,8.0,0.73,-181.9,-96.4,-1.99,-1.079,,
00-0034487,Trent Sherfield,WR,11,5.1,0.46,-179.3,-96.9,-1.953,-1.083,,
00-0034073,Ross Dwelley,TE,11,3.7,0.34,-171.4,-96.5,-1.893,-1.088,,
00-0039686,Colson Yankoff,TE,11,4.8,0.44,-170.9,-97.2,-1.878,-1.089,,
00-0038547,Luke Schoonmaker,TE,13,22.6,1.74,-183.9,-96.8,-2.04,-1.093,,
00-0036630,Tylan Wallace,WR,12,14.5,1.21,-184.0,-96.3,-2.038,-1.094,,
00-0040582,Arian Smith,WR,12,11.8,0.98,-187.0,-97.7,-2.063,-1.104,,
00-0038685,Christopher Brooks,RB,13,21.5,1.65,-201.0,-97.6,-2.228,-1.11,,
00-0035631,Drew Sample,TE,13,20.6,1.58,-185.9,-98.8,-2.053,-1.111,,
00-0039816,Anthony Gould,WR,11,2.6,0.24,-181.4,-99.0,-1.989,-1.112,,
00-0038738,Hunter Luepke,RB,13,21.6,1.66,-203.0,-99.5,-2.229,-1.115,,
00-0033572,Jamal Agnew,WR,11,0.0,0.0,-181.4,-98.3,-2.011,-1.119,,
00-0037475,Stone Smartt,TE,11,0.0,0.0,-171.6,-99.3,-1.907,-1.127,,
00-0039603,British Brooks,RB,11,1.5,0.14,-189.2,-100.7,-2.064,-1.129,,
00-0040238,LeQuint Allen,RB,13,20.9,1.61,-203.5,-100.9,-2.237,-1.134,,
00-0039530,Brevyn Spann-Ford,TE,13,17.9,1.38,-188.6,-101.5,-2.079,-1.137,,
00-0036182,Nick Westbrook-Ikhine,WR,13,19.9,1.53,-196.8,-101.0,-2.169,-1.14,,
00-0038555,Cantavious Bigsby,RB,13,18.9,1.45,-206.8,-101.8,-2.272,-1.144,,
00-0036862,Bennett Skowronek,WR,13,16.9,1.3,-199.5,-101.3,-2.205,-1.146,,
00-0039589,Kameron Johnson,WR,13,17.7,1.36,-198.0,-101.7,-2.179,-1.146,,
00-0034771,Brett Rudolph,QB,13,15.0,1.15,-232.9,-104.8,-2.537,-1.178,,
00-0040590,Konata Mumpfield,WR,13,15.2,1.17,-203.3,-105.0,-2.237,-1.181,,
00-0033217,Mohamed Alie-Cox,TE,13,13.4,1.03,-192.9,-105.2,-2.125,-1.181,,
00-0040494,Max Brosmer,QB,11,-1.5,-0.13,-210.7,-105.3,-2.29,-1.186,,
00-0035645,Gunner Olszewski,WR,13,14.7,1.13,-202.1,-105.8,-2.218,-1.187,,
00-0037292,Andrew Ogletree,TE,13,12.1,0.93,-194.2,-106.5,-2.129,-1.188,,
00-0033854,Oluwadare Ogunbowale,RB,13,14.9,1.15,-208.8,-106.3,-2.287,-1.19,,
00-0036429,Charles Woerner,TE,13,10.8,0.83,-193.7,-106.0,-2.149,-1.198,,
00-0040208,Tahj Brooks,RB,12,2.8,0.23,-205.8,-107.6,-2.248,-1.207,,
00-0038519,Nikko Remigio,WR,12,4.2,0.35,-196.3,-107.5,-2.151,-1.208,,
00-0039623,Mason Tipton,WR,13,11.2,0.86,-206.6,-108.8,-2.262,-1.216,,
00-0040644,Trevor Etienne,RB,13,13.7,1.05,-212.9,-108.5,-2.337,-1.224,,
00-0038824,Ryan Miller,WR,13,11.4,0.88,-204.3,-108.0,-2.261,-1.226,,
00-0039648,David Martin-Robinson,TE,13,9.7,0.75,-196.8,-109.7,-2.17,-1.232,,
00-0038090,Skyy Moore,WR,13,10.5,0.81,-206.3,-110.0,-2.267,-1.238,,
00-0038564,Cameron Latu,TE,12,0.0,0.0,-192.2,-109.9,-2.12,-1.239,,
00-0034798,Durham Smythe,TE,13,5.9,0.45,-198.6,-110.9,-2.204,-1.255,,
00-0040142,Kaleb Johnson,RB,13,8.4,0.65,-214.1,-110.7,-2.366,-1.256,,
00-0038896,Jacob Saylors,RB,12,1.1,0.09,-206.1,-111.9,-2.253,-1.257,,
00-0037013,Zachary Wilson,QB,12,1.4,0.12,-229.7,-113.7,-2.49,-1.277,,
00-0036876,Kylen Granson,TE,13,5.5,0.42,-201.2,-113.2,-2.225,-1.278,,
00-0027973,Andrew Dalton,QB,13,9.5,0.73,-240.2,-113.8,-2.608,-1.281,,
00-0038128,Malik Willis,QB,13,6.4,0.49,-241.4,-113.4,-2.634,-1.281,,
00-0036331,Devin Duvernay,WR,13,4.6,0.35,-211.8,-113.6,-2.339,-1.287,,
00-0038576,Charlie Jones,WR,13,6.0,0.46,-210.9,-114.2,-2.319,-1.288,,
00-0040154,Tai Felton,WR,13,3.9,0.3,-213.1,-116.4,-2.34,-1.309,,
00-0039050,William Durham,TE,13,2.6,0.2,-204.1,-116.1,-2.255,-1.31,,
00-0039407,Dylan Laube,RB,13,5.3,0.41,-219.1,-116.5,-2.401,-1.312,,
00-0038710,Blake Whiteheart,TE,13,2.4,0.18,-204.3,-116.3,-2.258,-1.313,,
00-0039398,Joe Milton,QB,13,6.0,0.46,-243.3,-117.0,-2.641,-1.313,,
00-0038102,Kenneth Pickett,QB,13,6.8,0.52,-241.4,-117.9,-2.613,-1.318,,
00-0037594,Julius Chestnut,RB,13,3.9,0.3,-220.7,-117.2,-2.417,-1.318,,
00-0036825,Feleipe Franks,TE,13,0.4,0.03,-204.1,-116.4,-2.264,-1.319,,
00-0031484,Christopher Manhertz,TE,13,2.2,0.17,-204.2,-117.6,-2.245,-1.32,,
00-0037277,Teagan Quitoriano,TE,13,0.0,0.0,-204.5,-116.8,-2.269,-1.324,,
00-0033757,Robert Tonyan,TE,13,1.6,0.12,-204.9,-117.8,-2.258,-1.325,,
00-0037012,Trey Lance,QB,13,5.2,0.4,-245.2,-118.5,-2.654,-1.329,,
00-0038416,Tyson Bagent,QB,13,1.6,0.12,-246.3,-118.2,-2.689,-1.34,,
00-0039305,Jack Westover,TE,13,0.0,0.0,-206.4,-119.8,-2.268,-1.345,,
00-0031237,Theodore Bridgewater,QB,13,2.9,0.22,-243.8,-119.7,-2.654,-1.347,,
00-0040241,Dominic Lovett,WR,13,0.0,0.0,-218.5,-120.2,-2.396,-1.352,,
00-0040506,Myles Price,WR,13,0.0,0.0,-217.0,-120.3,-2.382,-1.354,,
00-0036187,Reggie Gilliam,RB,13,1.2,0.09,-222.5,-120.2,-2.445,-1.356,,
00-0033869,Mitchell Trubisky,QB,13,2.3,0.17,-246.9,-120.9,-2.689,-1.364,,
00-0040075,LaJohntay Wester,WR,13,0.0,0.0,-215.4,-120.7,-2.376,-1.364,,
00-0038488,Brady Russell,RB,13,0.0,0.0,-224.4,-121.8,-2.453,-1.368,,
00-0039363,Isaac Guerendo,RB,13,0.0,0.0,-226.6,-122.2,-2.472,-1.371,,
00-0033949,Robert Dobbs,QB,13,0.1,0.01,-249.7,-123.3,-2.7,-1.381,,
00-0032434,Brandon Allen,QB,13,0.0,0.0,-249.3,-123.0,-2.703,-1.382,,
00-0035264,Jarrett Stidham,QB,13,-0.1,-0.01,-250.5,-123.8,-2.707,-1.387,,
00-0035289,Gardner Minshew,QB,13,-0.6,-0.05,-249.9,-123.6,-2.708,-1.388,,
00-0034577,Kyle Allen,QB,13,-0.3,-0.02,-248.5,-125.0,-2.692,-1.403,,
00-0033319,Nicholas Mullens,QB,13,-0.3,-0.02,-248.4,-125.0,-2.692,-1.403,,
00-0031345,James Garoppolo,QB,13,-0.7,-0.05,-248.9,-125.4,-2.696,-1.408,,
00-0035704,Paul Lock,QB,13,-1.9,-0.15,-250.1,-126.6,-2.708,-1.421,,
