player_id,name,pos,gp,pts,ppg,pts_above_avg,pts_above_repl,WAA,WAR
00-0033873,Patrick Mahomes,QB,13,327.3,25.18,57.9,190.3,0.608,1.939
00-0035228,Kyler Murray,QB,13,322.4,24.8,52.6,186.9,0.558,1.907
00-0023459,Aaron Rodgers,QB,13,312.8,24.06,45.0,178.3,0.481,1.847
00-0030506,Travis Kelce,TE,13,312.2,24.01,91.8,177.9,0.982,1.842
00-0031381,Davante Adams,WR,11,287.4,26.13,91.8,174.1,0.942,1.758
00-0029263,Russell Wilson,QB,13,307.7,23.67,39.8,173.0,0.392,1.757
00-0034857,Joshua Allen,QB,13,304.8,23.45,36.0,169.8,0.358,1.73
00-0033893,Dalvin Cook,RB,12,293.4,24.45,77.3,171.1,0.78,1.718
00-0033906,Alvin Kamara,RB,13,302.2,23.25,68.6,169.6,0.69,1.697
00-0033040,Tyreek Hill,WR,13,301.0,23.15,67.2,165.5,0.654,1.627
00-0033537,Derrick Watson,QB,13,289.3,22.26,19.5,153.8,0.229,1.609
00-0032764,Derrick Henry,RB,13,263.1,20.24,32.8,131.7,0.353,1.352
00-0036355,Justin Herbert,QB,12,251.2,20.93,4.5,128.5,0.063,1.334
00-0034796,Lamar Jackson,QB,12,254.0,21.17,7.0,126.0,0.082,1.333
00-0029701,Ryan Tannehill,QB,13,258.6,19.89,-8.0,126.1,-0.084,1.327
00-0019596,Thomas Brady,QB,13,251.3,19.33,-15.8,119.3,-0.151,1.232
00-0031588,Stefon Diggs,WR,13,246.8,18.98,14.3,112.1,0.153,1.179
00-0035640,DeKaylin Metcalf,WR,13,245.0,18.85,11.2,110.3,0.117,1.133
00-0030279,Keenan Allen,WR,13,241.5,18.58,7.7,106.8,0.088,1.117
00-0031610,Darren Waller,TE,13,247.7,19.05,32.0,114.5,0.286,1.114
00-0030564,DeAndre Hopkins,WR,13,237.5,18.27,5.0,102.5,0.046,1.062
00-0022924,Benjamin Roethlisberger,QB,13,232.0,17.84,-34.6,99.5,-0.358,1.061
00-0035831,James Robinson,RB,13,234.1,18.01,1.0,101.3,-0.012,1.034
00-0029604,Kirk Cousins,QB,13,226.9,17.46,-38.4,90.2,-0.369,0.987
00-0034837,Calvin Ridley,WR,12,221.3,18.44,6.0,96.2,0.051,0.986
00-0031237,Theodore Bridgewater,QB,12,212.0,17.66,-36.0,89.0,-0.375,0.943
00-0031428,Allen Robinson,WR,13,224.6,17.28,-7.9,89.9,-0.08,0.943
00-0030035,Adam Thielen,WR,12,211.5,17.63,-1.4,88.2,-0.003,0.922
00-0026498,John Stafford,QB,13,221.0,17.0,-46.8,86.5,-0.491,0.917
00-0031280,Derek Carr,QB,13,222.8,17.14,-45.1,88.1,-0.486,0.909
00-0036322,Justin Jefferson,WR,13,219.0,16.85,-12.0,85.7,-0.118,0.888
00-0033293,Aaron Jones,RB,11,200.8,18.25,3.3,88.4,-0.013,0.873
00-0035676,Arthur Brown,WR,11,191.7,17.43,-3.9,79.9,-0.048,0.846
00-0033106,Jared Goff,QB,13,212.1,16.31,-53.3,78.8,-0.579,0.819
00-0033127,William Fuller,WR,11,188.9,17.17,-7.5,76.1,-0.063,0.807
00-0030431,Robert Woods,WR,13,206.0,15.85,-25.5,72.2,-0.253,0.773
00-0027939,Cameron Newton,QB,12,196.6,16.38,-49.7,73.8,-0.517,0.771
00-0026143,Matthew Ryan,QB,13,211.0,16.23,-58.5,74.0,-0.611,0.763
00-0032950,Carson Wentz,QB,12,192.4,16.03,-53.0,72.4,-0.557,0.758
00-0032211,Tyler Lockett,WR,13,216.6,16.66,-17.2,81.9,-0.253,0.752
00-0033077,Rayne Prescott,QB,5,135.6,27.13,28.3,78.3,0.269,0.749
00-0031544,Amari Cooper,WR,13,208.3,16.02,-25.5,72.8,-0.279,0.746
00-0036442,Joseph Burrow,QB,10,169.7,16.97,-36.5,70.5,-0.399,0.726
00-0022942,Philip Rivers,QB,13,200.8,15.44,-64.5,64.1,-0.648,0.714
00-0020531,Drew Brees,QB,9,159.9,17.77,-29.6,68.4,-0.315,0.711
00-0034791,Nicholas Chubb,RB,9,158.7,17.63,-7.0,65.9,-0.068,0.686
00-0034855,Baker Mayfield,QB,13,201.4,15.49,-64.0,68.1,-0.703,0.679
00-0032688,Robert Chosen,WR,13,196.2,15.09,-35.1,63.5,-0.392,0.663
00-0035685,David Montgomery,RB,12,187.3,15.61,-29.8,63.4,-0.307,0.66
00-0035700,Joshua Jacobs,RB,12,183.1,15.26,-33.4,61.2,-0.336,0.643
00-0036328,Antonio Gibson,RB,12,183.2,15.27,-30.6,60.7,-0.3,0.643
00-0033594,Christopher Carson,RB,9,156.7,17.41,-12.0,61.7,-0.121,0.635
00-0035229,Thomas Hockenson,TE,13,190.7,14.67,-25.4,58.6,-0.272,0.619
00-0033923,Kareem Hunt,RB,13,191.4,14.72,-42.6,59.4,-0.467,0.612
00-0032063,Mike Davis,RB,13,189.6,14.58,-43.0,58.2,-0.461,0.602
00-0035659,Terry McLaurin,WR,13,192.1,14.78,-40.4,57.1,-0.427,0.598
00-0036261,Brandon Aiyuk,WR,10,158.1,15.81,-19.1,54.7,-0.185,0.593
00-0035289,Gardner Minshew,QB,8,143.7,17.96,-26.5,56.1,-0.274,0.582
00-0023682,Ryan Fitzpatrick,QB,8,141.5,17.68,-23.5,56.9,-0.254,0.578
00-0033009,Tyler Boyd,WR,13,189.4,14.57,-42.0,55.7,-0.459,0.577
00-0033045,Ezekiel Elliott,RB,13,189.7,14.59,-42.5,56.3,-0.453,0.576
00-0033280,Christian McCaffrey,RB,3,90.4,30.13,36.7,58.0,0.371,0.57
00-0033857,John Smith-Schuster,WR,13,187.5,14.42,-44.8,53.2,-0.477,0.563
00-0033908,Cooper Kupp,WR,13,187.2,14.4,-44.3,53.4,-0.472,0.56
00-0027944,Quintorres Jones,WR,9,146.1,16.23,-15.5,52.3,-0.145,0.557
00-0036223,Jonathan Taylor,RB,12,175.5,14.62,-38.1,53.7,-0.416,0.552
00-0031408,Michael Evans,WR,13,183.9,14.15,-47.4,51.2,-0.503,0.543
00-0033288,George Kittle,TE,6,116.6,19.43,17.6,56.4,0.154,0.537
00-0029000,Cole Beasley,WR,13,183.6,14.12,-48.9,48.9,-0.511,0.513
00-0034827,Denniston Moore,WR,12,168.5,14.04,-45.4,46.5,-0.472,0.502
00-0033871,Corey Davis,WR,11,161.5,14.68,-36.8,47.2,-0.386,0.49
00-0036360,Clyde Edwards-Helaire,RB,12,166.7,13.89,-48.4,44.0,-0.504,0.469
00-0035216,Diontae Johnson,WR,12,168.7,14.06,-47.4,43.9,-0.489,0.46
00-0033699,Austin Ekeler,RB,7,119.5,17.07,-13.7,44.9,-0.134,0.454
00-0034816,Ronald Jones,RB,13,172.5,13.27,-60.1,41.1,-0.616,0.451
00-0033757,Robert Tonyan,TE,13,176.3,13.56,-39.8,44.2,-0.42,0.451
00-0034753,Mark Andrews,TE,11,151.7,13.79,-28.8,41.4,-0.285,0.449
00-0033118,Kenyan Drake,RB,12,163.1,13.59,-54.3,40.4,-0.544,0.447
00-0036275,D'Andre Swift,RB,10,141.6,14.16,-39.3,39.8,-0.381,0.441
00-0033282,Curtis Samuel,WR,12,163.4,13.62,-51.7,40.2,-0.532,0.438
00-0036326,Chase Claypool,WR,13,174.6,13.43,-57.7,40.3,-0.588,0.428
00-0035243,Miles Sanders,RB,10,141.0,14.1,-40.7,39.2,-0.431,0.408
00-0033921,Rod Godwin,WR,9,127.7,14.19,-32.8,36.6,-0.352,0.393
00-0036410,Tamurice Higgins,WR,13,166.6,12.82,-64.9,32.8,-0.665,0.369
00-0033897,Joe Mixon,RB,6,99.6,16.6,-12.8,36.4,-0.137,0.351
00-0034367,Nyheim Hines,RB,13,162.7,12.52,-69.5,30.9,-0.7,0.349
00-0031236,Brandin Cooks,WR,12,153.4,12.78,-61.7,29.1,-0.628,0.321
00-0035311,Myles Gaskin,RB,8,112.6,14.07,-33.5,29.4,-0.342,0.316
00-0036358,Cedarian Lamb,WR,13,165.2,12.71,-68.6,29.7,-0.719,0.314
00-0034351,Dallas Goedert,TE,9,121.2,13.47,-28.7,29.3,-0.291,0.313
00-0031941,Jamison Crowder,WR,9,123.0,13.67,-37.6,30.1,-0.411,0.3
00-0029567,Nicholas Foles,QB,8,103.4,12.92,-62.0,26.8,-0.66,0.286
00-0034829,Michael Gesicki,TE,13,162.2,12.48,-54.2,30.3,-0.6,0.278
00-0035704,Paul Lock,QB,10,127.0,12.7,-79.6,24.5,-0.822,0.268
00-0029293,Marvin Jones,WR,13,157.7,12.13,-74.5,24.0,-0.774,0.265
00-0035710,Daniel Jones,QB,12,145.8,12.15,-102.2,22.8,-1.048,0.264
00-0033869,Mitchell Trubisky,QB,7,104.3,14.91,-38.7,25.6,-0.399,0.263
00-0033090,Hunter Henry,TE,13,155.3,11.95,-60.4,22.1,-0.615,0.251
00-0033553,James Conner,RB,11,133.8,12.16,-60.8,23.1,-0.648,0.238
00-0032144,Melvin Gordon,RB,12,145.4,12.12,-70.1,22.9,-0.745,0.23
00-0036212,Tuanigamanuolepola Tagovailoa,QB,7,92.7,13.24,-47.0,22.0,-0.521,0.229
00-0032241,Todd Gurley,RB,12,145.3,12.11,-68.3,21.9,-0.715,0.224
00-0033375,Timothy Patrick,WR,12,143.3,11.94,-71.4,18.8,-0.742,0.206
00-0031387,Herman Ebron,TE,13,151.6,11.66,-62.7,19.0,-0.662,0.204
00-0031687,Dominique Mostert,RB,7,92.9,13.27,-34.2,20.0,-0.367,0.202
00-0031260,Logan Thomas,TE,13,152.0,11.69,-65.1,18.8,-0.677,0.197
00-0031382,Jarvis Landry,WR,13,151.5,11.65,-80.0,17.7,-0.857,0.176
00-0033932,Kenneth Golladay,WR,5,65.8,13.16,-23.6,15.8,-0.256,0.157
00-0031547,DeVante Parker,WR,13,146.7,11.28,-84.3,13.4,-0.903,0.135
00-0032765,Michael Thomas,WR,7,83.9,11.99,-41.2,12.2,-0.444,0.13
00-0034777,Darrell Chark,WR,11,128.1,11.65,-67.4,13.6,-0.716,0.129
00-0032187,David Johnson,RB,9,105.3,11.7,-57.3,11.0,-0.585,0.119
00-0034681,Chase Edmonds,RB,13,143.1,11.01,-90.0,10.3,-0.936,0.117
00-0033858,Jonnu Smith,TE,12,132.2,11.02,-62.2,11.3,-0.675,0.1
00-0031235,Odell Beckham,WR,7,86.8,12.4,-39.3,12.6,-0.416,0.099
00-0033319,Nicholas Mullens,QB,9,103.8,11.54,-80.8,7.4,-0.826,0.096
00-0031549,Nelson Agholor,WR,13,143.5,11.04,-90.3,8.8,-0.944,0.095
00-0027656,Robert Gronkowski,TE,13,136.7,10.52,-75.8,5.9,-0.762,0.092
00-0034383,Dalton Schultz,TE,13,143.5,11.04,-76.8,9.2,-0.812,0.09
00-0035719,Tyshun Samuel,WR,7,80.7,11.53,-44.2,7.7,-0.453,0.087
00-0034577,Kyle Allen,QB,4,45.0,11.25,-40.8,7.5,-0.425,0.082
00-0033681,Keelan Cole,WR,13,140.3,10.79,-92.2,5.3,-0.941,0.076
00-0029608,Eugene Hilton,WR,12,130.4,10.87,-82.0,7.5,-0.877,0.068
00-0033881,Evan Engram,TE,13,139.7,10.75,-75.8,6.5,-0.798,0.066
00-0035644,Noah Fant,TE,12,129.2,10.77,-70.2,6.4,-0.744,0.058
00-0033840,Timothy Hansen,WR,2,27.7,13.85,-8.4,5.5,-0.089,0.058
00-0036020,Salvon Ahmed,RB,3,32.2,10.73,-16.0,3.9,-0.173,0.052
00-0030288,Michael Burkhead,RB,10,107.6,10.76,-69.1,6.6,-0.731,0.048
00-0032385,Sterling Shepard,WR,9,97.4,10.82,-64.5,3.1,-0.672,0.047
00-0032134,Christopher Uzomah,TE,2,26.7,13.35,-11.7,4.3,-0.117,0.042
00-0034521,Allen Lazard,WR,7,80.1,11.44,-46.9,5.0,-0.496,0.04
00-0031395,Garrett Gilbert,QB,1,14.5,14.52,-8.1,3.6,-0.086,0.039
00-0026158,Joseph Flacco,QB,5,53.8,10.75,-49.9,3.0,-0.526,0.036
00-0031345,James Garoppolo,QB,6,62.3,10.39,-63.3,2.8,-0.646,0.029
00-0035592,Travis Fulgham,WR,10,103.7,10.37,-72.4,3.3,-0.766,0.029
00-0027685,Emmanuel Sanders,WR,11,117.4,10.67,-79.9,2.8,-0.841,0.026
00-0034775,Christian Kirk,WR,12,125.5,10.46,-88.1,1.0,-0.915,0.018
00-0032602,Joshua McKissic,RB,13,132.5,10.19,-100.6,-0.3,-1.033,0.018
00-0033879,O'Terrius Howard,TE,4,43.1,10.78,-28.8,0.0,-0.278,0.006
00-0033950,Wayne Gallman,RB,12,119.9,9.99,-95.0,-1.0,-0.984,0.004
00-0035662,Marquise Brown,WR,13,133.6,10.28,-97.4,0.3,-1.039,-0.005
00-0027973,Andrew Dalton,QB,8,79.6,9.95,-85.0,-2.6,-0.857,-0.005
00-0027696,Jimmy Graham,TE,13,133.7,10.28,-81.8,0.5,-0.859,-0.006
00-0033948,Jamaal Williams,RB,12,120.5,10.04,-95.5,-1.4,-1.0,-0.012
00-0036312,Jake Luton,QB,3,26.3,8.75,-34.1,-0.9,-0.375,-0.016
00-0033951,Marlon Mack,RB,1,8.6,8.6,-9.7,-2.0,-0.1,-0.021
00-0027793,Antonio Brown,WR,5,46.5,9.3,-41.2,-2.8,-0.443,-0.022
00-0031051,John Brown,WR,8,79.6,9.95,-61.9,-1.5,-0.655,-0.023
00-0034348,Courtland Sutton,WR,1,9.6,9.6,-8.1,-2.4,-0.079,-0.023
00-0030520,Michael Glennon,QB,3,31.5,10.5,-27.7,-2.6,-0.286,-0.025
00-0028002,Randall Cobb,WR,10,100.1,10.01,-78.2,-2.7,-0.831,-0.034
00-0034366,Key'vantanie Coutee,WR,5,49.3,9.86,-40.1,-4.4,-0.416,-0.042
00-0034411,Russell Gage,WR,13,131.8,10.14,-102.0,-3.7,-1.073,-0.044
00-0034578,Reggie Bonnafon,RB,2,16.7,8.35,-23.5,-4.6,-0.231,-0.045
00-0034830,Hayden Hurst,TE,13,130.0,10.0,-90.3,-4.3,-0.945,-0.049
00-0033357,Taysom Hill,TE,13,125.7,9.67,-90.0,-7.5,-0.901,-0.052
00-0036423,Albert Okwuegbunam,TE,4,34.6,8.65,-28.7,-5.0,-0.314,-0.057
00-0033536,Michael Williams,WR,12,117.3,9.77,-98.8,-7.5,-1.009,-0.058
00-0032436,Jeffrey Driskel,QB,3,30.1,10.03,-35.9,-5.6,-0.354,-0.06
00-0032434,Brandon Allen,QB,3,28.4,9.48,-30.8,-5.7,-0.323,-0.06
00-0034844,Saquon Barkley,RB,2,15.4,7.7,-22.6,-6.9,-0.219,-0.065
00-0032426,Alexander Collins,RB,2,12.2,6.1,-20.9,-6.6,-0.226,-0.066
00-0029615,Lamar Miller,RB,1,2.6,2.6,-14.9,-6.1,-0.171,-0.072
00-0034432,Kelvington Scarbrough,RB,1,3.1,3.1,-12.0,-6.4,-0.135,-0.073
00-0033958,Nathan Peterman,QB,1,1.9,1.9,-16.4,-6.8,-0.173,-0.074
00-0035639,Parris Campbell,WR,2,14.7,7.35,-21.7,-8.2,-0.21,-0.076
00-0030151,Tyler Bray,QB,1,0.7,0.72,-17.8,-6.4,-0.202,-0.076
00-0035282,Easton Stick,QB,1,-0.0,-0.04,-22.8,-7.5,-0.222,-0.077
00-0034869,Sam Darnold,QB,9,91.0,10.11,-96.3,-6.9,-0.983,-0.078
00-0035350,Preston Williams,WR,8,74.8,9.35,-68.3,-8.1,-0.707,-0.08
00-0034317,Keith Kirkwood,WR,1,2.3,2.3,-13.9,-7.2,-0.155,-0.082
00-0033658,Blake Jarwin,TE,1,2.7,2.7,-14.0,-8.0,-0.143,-0.083
00-0030525,Tavon Austin,WR,1,2.8,2.8,-14.6,-7.9,-0.153,-0.084
00-0028986,Casey Keenum,QB,1,1.8,1.84,-18.3,-7.6,-0.2,-0.086
00-0036255,Denzel Mims,WR,6,53.4,8.9,-56.0,-8.1,-0.599,-0.086
00-0034267,Jaleel Scott,WR,1,2.6,2.6,-14.8,-8.1,-0.155,-0.086
00-0035657,Damien Harris,RB,10,90.3,9.03,-82.5,-8.8,-0.882,-0.087
00-0030710,Lawrence Burton,TE,10,88.7,8.87,-73.9,-10.0,-0.771,-0.09
00-0027150,Julian Edelman,WR,6,56.2,9.37,-52.0,-7.5,-0.54,-0.091
00-0034799,Kalen Ballage,RB,8,71.6,8.95,-72.9,-10.7,-0.735,-0.091
00-0033110,Tyler Higbee,TE,12,115.0,9.58,-86.0,-6.5,-0.93,-0.095
00-0030472,Jordan Reed,TE,8,75.3,9.41,-58.0,-8.4,-0.605,-0.098
00-0022787,Matthew Schaub,QB,1,-0.4,-0.4,-18.7,-9.1,-0.196,-0.098
00-0026625,Brian Hoyer,QB,1,2.0,2.0,-19.5,-9.7,-0.193,-0.099
00-0031325,Samuel Watkins,WR,8,76.0,9.5,-69.0,-10.0,-0.705,-0.1
00-0035120,Keelan Doss,WR,1,0.0,0.0,-17.7,-9.9,-0.176,-0.101
00-0035750,Reggie Begelton,WR,1,0.0,0.0,-17.7,-9.9,-0.176,-0.101
00-0035232,Dwayne Haskins,QB,5,51.4,10.28,-55.7,-9.6,-0.562,-0.102
00-0036268,Laviska Shenault,WR,11,107.3,9.75,-91.4,-9.5,-0.953,-0.104
00-0032398,Christopher Moore,WR,1,0.0,0.0,-17.5,-9.2,-0.192,-0.104
00-0035551,Tony Brooks-James,RB,1,0.4,0.4,-18.2,-9.6,-0.191,-0.104
00-0032935,Johnny Holton,WR,1,0.0,0.0,-18.9,-10.5,-0.184,-0.105
00-0033611,Roderick Seals-Jones,TE,1,0.0,0.0,-16.7,-9.3,-0.185,-0.105
00-0036438,Stephen Sullivan,TE,1,0.0,0.0,-15.2,-9.3,-0.169,-0.105
00-0032054,Breshad Perriman,WR,9,84.0,9.33,-77.8,-11.4,-0.798,-0.107
00-0023436,Alexander Smith,QB,7,60.1,8.59,-79.7,-10.8,-0.843,-0.107
00-0033696,Sean Culkin,TE,1,0.0,0.0,-16.1,-9.9,-0.171,-0.107
00-0034406,Deon Cain,WR,1,0.0,0.0,-16.2,-9.5,-0.179,-0.108
00-0034311,Johnny Stanton,RB,1,0.0,0.0,-15.1,-9.5,-0.167,-0.108
00-0035442,Elijah Holyfield,RB,1,0.0,0.0,-15.1,-9.5,-0.167,-0.108
00-0035567,Craig Reynolds,RB,1,0.0,0.0,-18.6,-10.0,-0.195,-0.108
00-0032782,Wendell Smallwood,RB,1,0.0,0.0,-18.6,-10.0,-0.195,-0.108
00-0034339,David Quinn,WR,1,0.0,0.0,-18.0,-10.0,-0.19,-0.108
00-0036000,Adrian Killins,RB,1,0.0,0.0,-19.4,-10.7,-0.192,-0.109
00-0036183,Kristian Wilkerson,WR,1,0.0,0.0,-18.5,-10.4,-0.19,-0.109
00-0035844,Kirk Merritt,WR,1,0.0,0.0,-18.5,-10.4,-0.19,-0.109
00-0032319,Ross Travis,TE,1,0.0,0.0,-15.4,-10.4,-0.16,-0.109
00-0035868,Javon Leake,RB,1,0.0,0.0,-19.3,-10.3,-0.199,-0.11
00-0036111,Tony Brown,WR,1,0.0,0.0,-19.0,-10.9,-0.188,-0.111
00-0032945,D'haquille Williams,WR,1,0.0,0.0,-19.0,-10.9,-0.188,-0.111
00-0035602,Alex Bachman,WR,1,0.0,0.0,-19.0,-10.9,-0.188,-0.111
00-0035852,Farrod Green,TE,1,0.0,0.0,-21.6,-11.7,-0.201,-0.112
00-0036158,J.K. Dobbins,RB,12,110.7,9.22,-102.9,-11.1,-1.08,-0.113
00-0026197,Chad Henne,QB,2,6.0,3.0,-35.0,-10.1,-0.367,-0.113
00-0036308,Isaiah Coulter,WR,1,0.0,0.0,-17.4,-10.7,-0.181,-0.114
00-0035664,Darrell Henderson,RB,13,122.8,9.45,-111.2,-9.2,-1.18,-0.115
00-0034272,Marquez Valdes-Scantling,WR,13,120.2,9.25,-112.0,-13.5,-1.146,-0.126
00-0034960,Jakobi Meyers,WR,11,99.7,9.06,-98.7,-14.6,-1.003,-0.129
00-0036387,Jalen Reagor,WR,8,69.8,8.73,-72.0,-12.7,-0.768,-0.129
00-0033856,Leonard Fournette,RB,10,90.2,9.02,-87.6,-10.7,-0.935,-0.133
00-0035146,Richard McSorley,QB,2,9.3,4.65,-29.0,-12.7,-0.304,-0.134
00-0035535,Darius Slayton,WR,13,120.8,9.29,-111.7,-13.9,-1.15,-0.135
00-0035864,Kendall Hinton,WR,1,-2.8,-2.78,-20.8,-12.8,-0.216,-0.137
00-0027061,Jared Cook,TE,12,111.0,9.25,-86.6,-12.3,-0.914,-0.138
00-0030565,Eugene Smith,QB,1,0.1,0.12,-19.9,-13.2,-0.205,-0.139
00-0031288,Raymond McCarron,QB,1,0.0,0.0,-20.0,-13.3,-0.206,-0.141
00-0030061,Zachary Ertz,TE,8,71.7,8.96,-69.1,-13.1,-0.717,-0.142
00-0032977,Rashard Higgins,WR,11,99.8,9.07,-95.0,-13.6,-1.009,-0.144
00-0036145,Lawrence Cager,TE,2,6.5,3.25,-27.0,-14.2,-0.269,-0.144
00-0028118,Tyrod Taylor,QB,2,9.0,4.51,-34.8,-13.9,-0.352,-0.145
00-0034764,Michael Gallup,WR,13,122.7,9.44,-111.1,-12.8,-1.17,-0.146
00-0032951,Laquon Treadwell,WR,2,7.9,3.95,-28.2,-14.3,-0.287,-0.147
00-0026189,DeSean Jackson,WR,4,29.7,7.43,-44.7,-14.6,-0.447,-0.149
00-0033556,Tarik Cohen,RB,3,17.5,5.83,-41.3,-15.4,-0.407,-0.153
00-0031285,Devonta Freeman,RB,5,36.0,7.2,-55.9,-15.2,-0.568,-0.153
00-0034653,Deontay Burnett,WR,2,4.9,2.45,-31.7,-15.5,-0.315,-0.157
00-0032209,Timothy Yeldon,RB,3,15.2,5.07,-43.1,-16.2,-0.427,-0.162
00-0032392,Austin Hooper,TE,10,85.6,8.56,-84.1,-16.3,-0.879,-0.168
00-0030456,Giovani Bernard,RB,13,114.6,8.82,-119.4,-17.4,-1.236,-0.171
00-0032009,Adam Humphries,WR,7,57.8,8.26,-69.0,-16.7,-0.706,-0.172
00-0031045,Carlos Hyde,RB,8,66.0,8.25,-80.3,-17.7,-0.811,-0.173
00-0033275,Phillip Walker,QB,3,9.7,3.24,-46.2,-15.2,-0.516,-0.175
00-0034115,Jeffery Wilson,RB,9,79.1,8.79,-89.6,-15.9,-0.909,-0.178
00-0026544,William Daniel,QB,2,7.4,3.71,-35.2,-16.8,-0.364,-0.178
00-0035250,Devin Singletary,RB,13,116.7,8.98,-117.9,-15.9,-1.254,-0.184
00-0036332,Josiah Deguara,TE,2,2.7,1.35,-32.1,-17.9,-0.323,-0.184
00-0030107,Theodore Riddick,RB,2,3.2,1.6,-33.3,-18.2,-0.333,-0.186
00-0030533,Matthew Barkley,QB,2,0.9,0.44,-37.6,-17.5,-0.392,-0.188
00-0033936,Casey Beathard,QB,3,11.3,3.76,-49.0,-17.2,-0.522,-0.19
00-0036297,Darrynton Evans,RB,2,2.1,1.05,-36.8,-18.6,-0.369,-0.192
00-0036252,Michael Pittman,WR,10,83.2,8.32,-96.1,-20.2,-0.995,-0.197
00-0034983,Hunter Renfrow,WR,13,116.4,8.95,-117.4,-18.3,-1.241,-0.197
00-0034440,Justin Jackson,RB,7,51.5,7.36,-73.3,-19.9,-0.751,-0.199
00-0033386,Cody Hollister,WR,2,2.2,1.1,-34.3,-19.2,-0.35,-0.201
00-0033839,Decrick Westbrook,WR,2,1.4,0.7,-36.6,-20.0,-0.36,-0.202
00-0035222,Zach Gentry,TE,2,0.0,0.0,-28.9,-17.5,-0.326,-0.202
00-0034995,Dexter Williams,RB,2,0.8,0.4,-32.3,-19.6,-0.328,-0.203
00-0031376,Jerick McKinnon,RB,13,114.2,8.78,-120.4,-18.4,-1.263,-0.204
00-0035432,Jason Moore,WR,2,0.0,0.0,-35.2,-19.1,-0.369,-0.205
00-0034955,Brett Rypien,QB,3,10.3,3.43,-55.3,-20.5,-0.54,-0.206
00-0035345,Christopher Myarick,TE,2,0.0,0.0,-28.1,-18.5,-0.308,-0.206
00-0035313,Terry Godwin,WR,2,0.0,0.0,-33.7,-18.2,-0.378,-0.21
00-0036407,Jerry Jeudy,WR,13,113.6,8.74,-118.6,-20.1,-1.247,-0.213
00-0035593,Juwann Winfree,WR,2,0.0,0.0,-33.6,-19.4,-0.366,-0.216
00-0033474,Gehrig Dieter,WR,2,0.0,0.0,-36.1,-19.9,-0.382,-0.217
00-0035898,Darius Bradwell,RB,2,0.0,0.0,-40.6,-22.3,-0.386,-0.218
00-0035529,Hakeem Butler,WR,2,0.0,0.0,-35.2,-20.4,-0.367,-0.218
00-0032609,Marken Michel,WR,2,0.0,0.0,-34.9,-19.9,-0.373,-0.218
00-0030513,Latavius Murray,RB,13,111.7,8.59,-121.9,-20.9,-1.269,-0.22
00-0034510,Robert Foster,WR,2,0.0,0.0,-34.9,-20.2,-0.373,-0.221
00-0030663,Willie Snead,WR,11,88.8,8.07,-105.4,-23.0,-1.088,-0.223
00-0036384,Benjamin DiNucci,QB,3,5.0,1.65,-56.1,-20.6,-0.587,-0.225
00-0033080,Seth DeValve,TE,2,0.0,0.0,-36.0,-22.0,-0.364,-0.228
00-0036008,Hunter Bryant,TE,2,0.0,0.0,-36.0,-22.0,-0.364,-0.228
00-0036456,Dominique Dafney,TE,2,0.0,0.0,-36.0,-22.0,-0.364,-0.228
00-0036110,Ja'Marcus Bradley,WR,2,0.0,0.0,-36.1,-22.2,-0.366,-0.23
00-0035752,Christopher Streveler,QB,2,0.3,0.15,-44.0,-24.1,-0.42,-0.239
00-0026035,Daniel Amendola,WR,11,91.1,8.28,-105.5,-23.1,-1.106,-0.241
00-0031062,James White,RB,11,86.3,7.85,-104.8,-23.4,-1.108,-0.243
00-0036096,J.J. Taylor,RB,3,8.4,2.8,-50.4,-24.5,-0.491,-0.243
00-0032940,DeAndre Washington,RB,4,17.1,4.28,-55.7,-22.2,-0.597,-0.243
00-0036251,Zaccheus Moss,RB,10,77.7,7.77,-98.6,-23.5,-1.035,-0.246
00-0027902,Desmond Bryant,WR,3,6.8,2.27,-47.3,-23.1,-0.501,-0.248
00-0025394,Adrian Peterson,RB,13,108.9,8.38,-122.7,-23.1,-1.295,-0.251
00-0036412,Kahlee Hamler,WR,11,87.4,7.95,-109.9,-25.9,-1.14,-0.263
00-0031503,Jameis Winston,QB,3,2.5,0.83,-57.0,-24.2,-0.603,-0.264
00-0027688,Daniel McCoy,QB,3,9.1,3.02,-50.1,-25.0,-0.517,-0.265
00-0034081,Steven Mitchell,WR,3,6.8,2.27,-47.3,-25.4,-0.488,-0.267
00-0035187,Austin Walter,RB,3,4.0,1.33,-47.8,-24.8,-0.514,-0.27
00-0034364,Jordan Akins,TE,10,77.4,7.74,-90.8,-25.5,-0.95,-0.274
00-0033589,David Moore,WR,13,108.3,8.33,-125.5,-26.4,-1.316,-0.282
00-0036414,Cam Akers,RB,11,84.0,7.64,-109.8,-26.7,-1.159,-0.284
00-0034845,Sony Michel,RB,6,36.6,6.1,-77.2,-27.3,-0.783,-0.284
00-0033733,Gregory Ward,WR,13,107.7,8.28,-123.8,-26.1,-1.316,-0.288
00-0028237,Christopher Hogan,WR,5,25.8,5.16,-65.1,-28.0,-0.654,-0.288
00-0034970,Irv Smith,TE,10,73.0,7.3,-95.4,-29.1,-0.976,-0.29
00-0029141,Alfred Morris,RB,6,33.3,5.55,-71.4,-25.8,-0.772,-0.29
00-0033307,Kendrick Bourne,WR,12,95.9,7.99,-118.0,-28.4,-1.234,-0.293
00-0032257,Randy Johnson,RB,11,83.4,7.58,-109.1,-27.1,-1.162,-0.294
00-0036196,Gabriel Davis,WR,13,108.1,8.32,-124.4,-26.6,-1.314,-0.295
00-0033460,John Ross,WR,3,3.7,1.23,-48.9,-28.7,-0.499,-0.297
00-0035140,Carey Hardman,WR,13,107.5,8.27,-126.3,-28.0,-1.317,-0.298
00-0036309,Darnell Mooney,WR,13,106.2,8.17,-126.3,-28.5,-1.326,-0.3
00-0035102,Brandon Dillon,TE,3,2.1,0.7,-45.9,-27.7,-0.486,-0.3
00-0032881,Tommylee Lewis,WR,3,3.1,1.03,-50.5,-28.3,-0.528,-0.302
00-0027948,Blaine Gabbert,QB,3,0.1,0.03,-61.2,-27.4,-0.655,-0.305
00-0031868,Damiere Byrd,WR,13,104.7,8.05,-127.5,-29.0,-1.332,-0.306
00-0036208,Artavis Pierce,RB,3,0.9,0.3,-48.4,-27.4,-0.53,-0.306
00-0035320,Caleb Wilson,TE,3,0.0,0.0,-45.0,-27.4,-0.496,-0.309
00-0035428,Daniel Helm,TE,3,0.0,0.0,-44.2,-27.9,-0.485,-0.311
00-0033943,Joshua Reynolds,WR,13,102.5,7.88,-129.0,-31.3,-1.341,-0.312
00-0035957,Rodney Smith,RB,4,10.6,2.65,-59.8,-27.9,-0.654,-0.312
00-0036225,Dalton Keene,TE,3,2.3,0.77,-49.6,-30.3,-0.502,-0.313
00-0035273,Qadree Ollison,RB,3,0.3,0.1,-52.8,-29.7,-0.543,-0.314
00-0034457,Joshua Adams,RB,5,22.7,4.54,-70.3,-30.6,-0.711,-0.315
00-0028114,Dwayne Harris,WR,3,0.0,0.0,-52.3,-28.3,-0.568,-0.316
00-0033095,Garrett Griffin,TE,3,0.0,0.0,-51.2,-29.6,-0.536,-0.317
00-0036271,Terrance Watkins,WR,3,1.3,0.43,-50.1,-29.4,-0.532,-0.319
00-0036435,Raymond Calais,RB,3,0.0,0.0,-57.7,-31.6,-0.567,-0.32
00-0033911,Taywan Taylor,WR,3,0.0,0.0,-51.7,-28.7,-0.561,-0.32
00-0027891,Golden Tate,WR,11,83.2,7.57,-112.0,-30.2,-1.186,-0.323
00-0034207,Jeff Badet,WR,3,0.0,0.0,-53.8,-30.0,-0.564,-0.323
00-0036424,Brycen Hopkins,TE,3,0.0,0.0,-48.1,-30.8,-0.498,-0.325
00-0035912,Levante Bellamy,RB,3,0.0,0.0,-60.0,-33.0,-0.578,-0.327
00-0034660,Marrico Gafford,WR,3,0.0,0.0,-55.8,-31.9,-0.557,-0.327
00-0033266,Bruce Natson,WR,3,0.3,0.1,-55.1,-33.1,-0.536,-0.329
00-0031545,Kevin White,WR,3,0.0,0.0,-52.5,-30.4,-0.553,-0.329
00-0035399,Stanley Morgan,WR,3,0.0,0.0,-52.3,-30.9,-0.552,-0.333
00-0033215,Cyril Grayson,WR,3,0.0,0.0,-51.7,-32.0,-0.531,-0.334
00-0031806,Malcolm Brown,RB,13,99.8,7.68,-134.2,-32.2,-1.392,-0.336
00-0033627,Jason Croom,TE,4,7.8,1.95,-56.4,-31.8,-0.6,-0.341
00-0036100,Willie Zuber,WR,4,7.0,1.75,-63.3,-32.1,-0.662,-0.342
00-0035264,Jarrett Stidham,QB,4,11.2,2.79,-74.0,-33.4,-0.741,-0.347
00-0035624,N'Keal Harry,TE,11,81.2,7.38,-104.2,-31.2,-1.108,-0.349
00-0035590,Cavin Ridley,WR,4,7.9,1.98,-62.3,-31.9,-0.669,-0.35
00-0033895,Gerald Everett,TE,13,97.8,7.52,-119.1,-34.3,-1.242,-0.354
00-0022921,Larry Fitzgerald,WR,11,79.6,7.24,-116.1,-33.9,-1.219,-0.359
00-0032780,Jordan Howard,RB,6,28.9,4.82,-82.1,-35.5,-0.819,-0.361
00-0034353,Anthony Miller,WR,13,100.1,7.7,-132.4,-34.6,-1.385,-0.361
00-0034286,Richard James,WR,8,49.2,6.15,-93.6,-33.4,-0.978,-0.367
00-0033859,Joshua Malone,WR,4,6.8,1.7,-66.3,-36.5,-0.653,-0.368
00-0034393,Troy Fumagalli,TE,5,15.5,3.1,-65.4,-33.9,-0.696,-0.368
00-0034184,Augustus Edwards,RB,13,96.2,7.4,-136.0,-35.6,-1.422,-0.369
00-0036357,Henry Ruggs,WR,11,78.6,7.15,-118.6,-35.7,-1.252,-0.381
00-0033217,Mohamed Alie-Cox,TE,12,88.0,7.33,-111.7,-34.6,-1.186,-0.384
00-0030496,Le'Veon Bell,RB,9,54.1,6.01,-102.0,-36.8,-1.076,-0.39
00-0035287,KeeSean Johnson,WR,5,16.2,3.24,-74.7,-37.0,-0.771,-0.391
00-0033471,Isaiah Ford,WR,7,36.4,5.2,-88.2,-36.1,-0.924,-0.392
00-0036040,Juwan Johnson,TE,4,4.6,1.15,-62.5,-37.3,-0.646,-0.392
00-0036244,Colby Parkinson,TE,4,4.6,1.15,-62.7,-36.6,-0.657,-0.392
00-0033382,Austin Carr,WR,4,3.6,0.9,-68.8,-37.0,-0.72,-0.396
00-0032200,Ty Montgomery,WR,4,4.1,1.02,-66.1,-37.0,-0.696,-0.398
00-0034772,Antonio Callaway,WR,4,4.0,1.0,-67.7,-37.7,-0.708,-0.402
00-0027942,Adriel Green,WR,13,94.9,7.3,-136.6,-38.9,-1.421,-0.405
00-0035848,De'Michael Harris,WR,6,22.5,3.75,-82.7,-37.1,-0.89,-0.405
00-0034765,Tre'Quan Smith,WR,13,98.6,7.58,-135.2,-36.1,-1.435,-0.406
00-0034438,Logan Woodside,QB,4,1.6,0.4,-74.4,-36.7,-0.802,-0.406
00-0025418,Greg Olsen,TE,10,62.9,6.29,-100.7,-38.4,-1.051,-0.409
00-0029665,Robert Griffin,QB,4,2.6,0.65,-78.6,-39.5,-0.793,-0.41
00-0036278,Jason Huntley,RB,4,1.4,0.35,-67.1,-38.3,-0.706,-0.412
00-0033164,Troymaine Pope,RB,6,19.8,3.3,-83.5,-38.1,-0.893,-0.413
00-0034771,Brett Rudolph,QB,4,-0.3,-0.09,-80.8,-36.9,-0.868,-0.413
00-0031339,Donte Moncrief,WR,4,2.9,0.72,-68.8,-38.8,-0.719,-0.414
00-0035457,Tyron Johnson,WR,9,53.3,5.92,-107.6,-38.8,-1.134,-0.416
00-0034676,James Washington,WR,13,95.2,7.32,-137.1,-39.1,-1.445,-0.418
00-0030549,Tyler Eifert,TE,12,84.1,7.01,-117.1,-38.5,-1.239,-0.418
00-0033838,Ferrell Edmunds,RB,4,0.0,0.0,-69.7,-38.4,-0.743,-0.42
00-0029137,Alshon Jeffery,WR,5,12.0,2.4,-75.9,-38.4,-0.814,-0.421
00-0036005,Noah Togiai,TE,4,0.0,0.0,-65.8,-40.0,-0.678,-0.422
00-0033455,Anthony Firkser,TE,13,92.3,7.1,-122.0,-40.3,-1.272,-0.424
00-0030404,Christopher Thompson,RB,8,42.6,5.32,-103.0,-39.4,-1.077,-0.425
00-0035184,Devine Ozigbo,RB,5,10.5,2.1,-77.0,-40.3,-0.8,-0.426
00-0027981,Kyle Rudolph,TE,12,79.4,6.62,-121.0,-42.2,-1.248,-0.431
00-0034109,Phillip Lindsay,RB,10,58.5,5.85,-113.2,-40.5,-1.203,-0.432
00-0030465,Kenjon Barner,RB,4,0.0,0.0,-74.6,-41.1,-0.759,-0.432
00-0034867,Malik Turner,WR,4,0.0,0.0,-73.1,-43.3,-0.715,-0.433
00-0035298,Scott Miller,WR,13,93.6,7.2,-137.7,-39.1,-1.466,-0.441
00-0032058,Tevin Coleman,RB,5,10.3,2.06,-80.7,-42.3,-0.824,-0.442
00-0035660,Kahale Warring,TE,4,0.0,0.0,-68.8,-42.6,-0.703,-0.445
00-0031690,Eric Tomlinson,TE,4,0.0,0.0,-68.8,-42.6,-0.703,-0.445
00-0033925,D'Onta Foreman,RB,6,17.0,2.83,-83.5,-41.3,-0.897,-0.445
00-0035689,Dawson Knox,TE,9,50.7,5.63,-101.5,-42.5,-1.05,-0.446
00-0033251,Zachary Pascal,WR,13,90.5,6.96,-140.5,-42.8,-1.476,-0.447
00-0035215,Deonte Harty,WR,9,49.7,5.52,-112.2,-42.3,-1.173,-0.447
00-0032778,Tajae Sharpe,WR,4,0.0,0.0,-71.9,-43.6,-0.725,-0.449
00-0034273,Damion Ratley,WR,5,9.3,1.86,-81.6,-44.5,-0.812,-0.451
00-0036370,Joshua Kelley,RB,12,80.4,6.7,-133.9,-41.9,-1.412,-0.457
00-0036269,La'Mical Perine,RB,9,47.1,5.23,-111.9,-44.7,-1.154,-0.466
00-0029632,Mohamed Sanu,WR,7,28.4,4.06,-97.6,-45.7,-0.991,-0.467
00-0034253,Dontrell Hilliard,RB,5,6.0,1.2,-81.7,-43.9,-0.856,-0.471
00-0035652,Ryan Finley,QB,4,0.9,0.23,-80.6,-45.3,-0.817,-0.472
00-0036245,Malcolm Perry,RB,6,14.8,2.47,-87.9,-43.1,-0.951,-0.473
00-0032214,Tyler Kroft,TE,9,47.9,5.32,-103.6,-45.2,-1.067,-0.479
00-0032975,Jonathan Williams,RB,5,4.6,0.92,-79.3,-44.4,-0.848,-0.484
00-0034011,Daniel Arnold,TE,13,87.3,6.72,-129.8,-45.9,-1.355,-0.486
00-0031598,Nicholas Boyle,TE,9,44.3,4.92,-103.3,-46.4,-1.073,-0.489
00-0028142,Virgil Green,TE,6,15.5,2.58,-88.6,-48.6,-0.879,-0.491
00-0034854,KhaDarel Hodge,WR,7,24.5,3.5,-100.2,-46.3,-1.053,-0.493
00-0036364,Lynn Bowden,WR,7,26.4,3.77,-97.2,-47.7,-0.999,-0.499
00-0034395,Daurice Fountain,WR,5,4.3,0.86,-86.4,-49.0,-0.863,-0.5
00-0033564,Jonathan Butt,TE,5,3.5,0.7,-85.1,-48.9,-0.853,-0.502
00-0031384,Richard Rodgers,TE,13,82.5,6.35,-134.4,-49.6,-1.377,-0.503
00-0034928,Steven Sims,WR,9,45.6,5.07,-116.2,-48.6,-1.203,-0.505
00-0036340,Antonio Gandy-Golden,WR,5,3.5,0.7,-84.9,-48.9,-0.86,-0.507
00-0033576,Eric Saubert,TE,5,3.7,0.74,-81.1,-48.1,-0.843,-0.509
00-0030670,Bennie Fowler,WR,5,3.1,0.62,-87.8,-50.7,-0.87,-0.512
00-0034631,Vyncint Smith,WR,5,2.3,0.46,-86.0,-46.8,-0.918,-0.512
00-0031558,Maxx Williams,TE,7,22.5,3.21,-90.6,-48.0,-0.958,-0.515
00-0028411,Dontrelle Inman,WR,9,45.3,5.03,-117.5,-50.4,-1.196,-0.521
00-0034414,Boston Scott,RB,13,81.3,6.25,-152.7,-50.7,-1.58,-0.523
00-0034169,Marcus Baugh,TE,5,1.7,0.34,-86.2,-51.7,-0.855,-0.525
00-0035806,JaMycal Hasty,RB,8,30.1,3.76,-111.6,-49.2,-1.171,-0.525
00-0035631,Drew Sample,TE,13,84.2,6.48,-132.7,-47.9,-1.415,-0.53
00-0033763,Evan Baylis,TE,5,0.0,0.0,-81.9,-49.5,-0.87,-0.536
00-0034860,Dante Pettis,WR,5,0.0,0.0,-90.6,-52.5,-0.907,-0.537
00-0036069,Scott Phillips,RB,5,0.0,0.0,-88.3,-51.1,-0.915,-0.543
00-0035835,Nathan Cottrell,RB,5,0.0,0.0,-88.3,-51.1,-0.915,-0.543
00-0023500,Franklin Gore,RB,13,80.4,6.18,-151.8,-53.0,-1.563,-0.545
00-0035261,Tony Pollard,RB,13,80.2,6.17,-152.0,-53.2,-1.566,-0.546
00-0033094,Marvin Hall,WR,11,58.1,5.28,-138.0,-53.4,-1.427,-0.547
00-0031787,Jake Kumerow,WR,5,0.0,0.0,-88.9,-51.3,-0.931,-0.55
00-0032972,Devontae Booker,RB,13,78.0,6.0,-155.6,-54.6,-1.592,-0.554
00-0036425,DeeJay Dallas,RB,11,56.9,5.17,-138.7,-53.4,-1.432,-0.556
00-0032775,Demarcus Robinson,WR,13,80.2,6.17,-153.6,-55.3,-1.574,-0.557
00-0032141,Geoffrey Swaim,TE,8,27.8,3.48,-102.1,-51.9,-1.086,-0.56
00-0032791,Jakeem Grant,WR,13,78.0,6.0,-153.0,-55.3,-1.597,-0.571
00-0025396,Theodore Ginn,WR,6,7.0,1.17,-101.3,-55.2,-1.035,-0.578
00-0027966,Mark Ingram,RB,10,49.0,4.9,-132.3,-53.4,-1.39,-0.579
00-0029738,Darren Fells,TE,13,77.0,5.92,-140.1,-56.2,-1.441,-0.58
00-0036233,Donovan Peoples-Jones,WR,10,47.8,4.78,-128.3,-52.6,-1.376,-0.585
00-0032404,Tyler Ervin,RB,8,26.1,3.26,-119.0,-56.3,-1.22,-0.588
00-0036450,Ke'Shawn Vaughn,RB,7,15.0,2.14,-111.7,-56.9,-1.15,-0.599
00-0030181,John Doyle,TE,11,54.0,4.91,-128.8,-58.0,-1.341,-0.602
00-0033885,Chief Njoku,TE,10,45.2,4.52,-116.6,-54.5,-1.257,-0.604
00-0036277,Quintez Cephus,WR,10,47.3,4.73,-132.2,-56.8,-1.378,-0.605
00-0034972,Alexander Mattison,RB,11,54.9,4.99,-141.0,-55.9,-1.488,-0.607
00-0032128,Christian Conley,WR,12,67.4,5.62,-147.0,-57.6,-1.536,-0.61
00-0035510,Jeffrey Smith,WR,9,33.7,3.74,-126.0,-56.9,-1.336,-0.617
00-0035594,Travis Homer,RB,9,32.8,3.64,-130.8,-59.3,-1.344,-0.619
00-0034054,Tanner Cracraft,WR,6,3.3,0.55,-103.1,-57.2,-1.092,-0.62
00-0035291,Trayveon Williams,RB,7,11.6,1.66,-110.0,-57.2,-1.172,-0.621
00-0035414,Jalen Guyton,WR,13,76.3,5.87,-157.5,-58.4,-1.655,-0.629
00-0036250,Tyler Davis,TE,6,0.0,0.0,-94.0,-59.0,-0.986,-0.631
00-0033308,Matthew Breida,RB,9,32.4,3.6,-130.3,-59.6,-1.357,-0.634
00-0035208,Olamide Zaccheaus,WR,11,53.4,4.85,-144.3,-59.9,-1.5,-0.641
00-0034686,Auden Tate,WR,9,29.0,3.22,-132.4,-61.1,-1.381,-0.645
00-0036194,Devin Asiasi,TE,6,0.0,0.0,-104.6,-62.7,-1.054,-0.646
00-0031209,Senorise Perry,RB,6,0.9,0.15,-107.1,-61.9,-1.092,-0.647
00-0032980,Marcus Johnson,WR,10,39.5,3.95,-136.1,-60.4,-1.444,-0.649
00-0028097,Joseph Smith,TE,7,9.4,1.34,-102.1,-60.1,-1.089,-0.656
00-0027029,LeSean McCoy,RB,8,20.5,2.56,-129.2,-61.6,-1.342,-0.658
00-0031585,MyCole Pruitt,TE,8,21.9,2.74,-114.4,-63.6,-1.164,-0.66
00-0034349,Kerryon Johnson,RB,13,68.1,5.24,-163.5,-63.9,-1.708,-0.676
00-0033119,Jacoby Brissett,QB,8,20.0,2.5,-142.1,-64.9,-1.458,-0.676
00-0035246,Jose Arcega-Whiteside,WR,7,8.5,1.21,-117.4,-65.0,-1.199,-0.676
00-0034419,Braxton Berrios,WR,13,72.8,5.6,-161.0,-62.7,-1.683,-0.676
00-0036219,Marquez Callaway,WR,9,28.6,3.18,-132.9,-63.8,-1.379,-0.676
00-0031166,Seth Roberts,WR,7,7.1,1.01,-119.0,-67.1,-1.201,-0.692
00-0030578,Cordarrelle Patterson,RB,13,65.9,5.07,-168.7,-66.7,-1.748,-0.699
00-0031951,James O'Shaughnessy,TE,12,58.8,4.9,-141.5,-65.1,-1.483,-0.7
00-0035823,Ben Ellefson,TE,7,4.5,0.64,-110.2,-66.3,-1.141,-0.701
00-0031273,Cameron Brate,TE,13,62.5,4.81,-150.0,-68.3,-1.548,-0.702
00-0035537,Ty Johnson,RB,10,35.7,3.57,-138.2,-66.3,-1.434,-0.702
00-0033567,Brian Hill,RB,13,67.0,5.15,-165.2,-66.4,-1.722,-0.705
00-0034652,Cameron Batson,WR,9,26.8,2.98,-132.5,-66.0,-1.391,-0.706
00-0036142,Isaiah Wright,WR,11,44.8,4.07,-150.9,-67.3,-1.577,-0.711
00-0033258,Darrell Daniels,TE,9,23.3,2.59,-125.0,-68.7,-1.282,-0.718
00-0035539,Isaac Nauta,TE,7,1.8,0.26,-106.5,-65.2,-1.152,-0.719
00-0033025,Jalen Richard,RB,11,45.1,4.1,-154.8,-68.0,-1.605,-0.72
00-0035869,Austin Mack,WR,8,14.2,1.77,-127.4,-66.7,-1.347,-0.72
00-0035304,Cullen Gillaspia,RB,7,1.6,0.23,-123.8,-69.4,-1.272,-0.731
00-0036265,Algiers Dillon,RB,8,12.3,1.54,-135.4,-70.7,-1.373,-0.732
00-0032577,Darryll Foster,RB,7,1.9,0.27,-120.0,-69.4,-1.244,-0.735
00-0034378,Romarius Smith,RB,11,43.3,3.94,-156.6,-70.7,-1.601,-0.735
00-0034159,William Dissly,TE,13,63.4,4.88,-152.3,-69.8,-1.589,-0.74
00-0034400,Jordan Wilkins,RB,13,61.3,4.72,-170.9,-70.5,-1.777,-0.742
00-0033421,Antony Auclair,TE,7,0.0,0.0,-108.4,-68.1,-1.162,-0.743
00-0034798,Durham Smythe,TE,12,49.9,4.16,-150.2,-71.6,-1.557,-0.747
00-0035527,Andy Isabella,WR,12,54.8,4.57,-160.3,-69.5,-1.678,-0.748
00-0035181,Darrius Shepherd,WR,8,9.6,1.2,-133.9,-70.3,-1.398,-0.752
00-0030085,Kenneth Stills,WR,10,31.4,3.14,-146.9,-71.4,-1.534,-0.764
00-0036336,Anthony McFarland,RB,9,18.6,2.07,-136.9,-71.5,-1.44,-0.769
00-0034177,Timothy Boyle,QB,7,-1.6,-0.23,-151.1,-74.2,-1.508,-0.77
00-0031319,Diontae Spencer,WR,8,8.6,1.07,-131.7,-73.1,-1.368,-0.774
00-0036232,Harrison Bryant,TE,13,60.7,4.67,-156.2,-71.4,-1.641,-0.774
00-0036365,Bryan Edwards,WR,9,21.1,2.34,-140.7,-73.1,-1.461,-0.775
00-0034104,Cameron Sims,WR,13,60.0,4.62,-172.5,-75.0,-1.777,-0.776
00-0033466,Isaiah McKenzie,WR,13,60.2,4.63,-172.3,-74.5,-1.799,-0.793
00-0035329,Donald Parham,TE,10,27.0,2.7,-134.9,-73.0,-1.433,-0.793
00-0033439,Pharaoh Brown,TE,10,24.0,2.4,-138.7,-76.5,-1.435,-0.795
00-0034309,Chad Beebe,WR,11,35.6,3.24,-158.9,-74.8,-1.673,-0.802
00-0034297,Byron Pringle,WR,10,25.8,2.58,-153.9,-77.5,-1.579,-0.804
00-0034279,Equanimeous St. Brown,WR,9,16.3,1.81,-142.8,-74.1,-1.52,-0.805
00-0036254,Collin Johnson,WR,13,57.4,4.42,-175.1,-77.6,-1.813,-0.818
00-0036427,Tyler Johnson,WR,11,33.8,3.07,-161.1,-76.0,-1.701,-0.818
00-0035217,Benjamin Snell,RB,13,53.2,4.09,-177.1,-78.2,-1.843,-0.824
00-0036290,Cole Kmet,TE,13,54.7,4.21,-160.8,-78.5,-1.666,-0.824
00-0033387,Evan Hollister,TE,13,54.9,4.22,-160.8,-78.3,-1.67,-0.828
00-0033006,Jaydon Mickens,WR,9,12.8,1.42,-149.3,-81.0,-1.517,-0.835
00-0033112,Temarrick Hemingway,TE,8,2.5,0.31,-126.7,-77.3,-1.342,-0.835
00-0028087,Dion Lewis,RB,13,53.2,4.09,-181.4,-79.4,-1.887,-0.842
00-0030089,Luke Willson,TE,8,2.7,0.34,-138.0,-80.2,-1.416,-0.843
00-0035645,Gunner Olszewski,WR,10,22.1,2.21,-154.7,-78.2,-1.644,-0.855
00-0034975,Justice Hill,RB,9,9.1,1.01,-146.2,-79.7,-1.556,-0.867
00-0036345,K.J. Osborn,WR,8,0.0,0.0,-142.6,-82.1,-1.477,-0.868
00-0024243,Marcedes Lewis,TE,12,41.3,3.44,-156.7,-80.9,-1.646,-0.868
00-0034439,Ryan Izzo,TE,12,37.4,3.12,-162.6,-84.4,-1.685,-0.882
00-0036377,Joseph Reed,WR,9,8.9,0.99,-153.3,-83.2,-1.593,-0.885
00-0036331,Devin Duvernay,WR,13,49.2,3.78,-181.8,-84.1,-1.9,-0.887
00-0034073,Ross Dwelley,TE,13,48.1,3.7,-167.4,-85.1,-1.732,-0.895
00-0033114,Michael Thomas,WR,11,30.3,2.75,-165.6,-84.0,-1.725,-0.899
00-0032394,Nicholas Vannett,TE,12,36.5,3.04,-164.2,-84.8,-1.715,-0.903
00-0034613,Tanner Hudson,TE,9,5.1,0.57,-141.7,-85.5,-1.467,-0.904
00-0034370,DaeSean Hamilton,WR,13,45.8,3.52,-186.4,-87.9,-1.917,-0.909
00-0035671,Jace Sternberger,TE,12,35.4,2.95,-164.6,-86.4,-1.705,-0.91
00-0035703,Miles Boykin,WR,13,48.6,3.74,-182.4,-84.7,-1.919,-0.911
00-0032741,Kenneth Barber,RB,13,46.5,3.58,-186.6,-86.3,-1.933,-0.912
00-0034418,Cedrick Wilson,WR,13,49.8,3.83,-183.9,-85.6,-1.904,-0.915
00-0036422,Adam Trautman,TE,12,36.1,3.01,-163.3,-86.7,-1.693,-0.917
00-0034386,Justin Watson,WR,10,16.4,1.64,-159.6,-84.9,-1.685,-0.92
00-0034426,Javon Wims,WR,10,17.0,1.7,-162.7,-88.6,-1.665,-0.926
00-0036389,Jalen Hurts,QB,12,33.5,2.79,-210.7,-87.8,-2.166,-0.931
00-0033896,Adam Shaheen,TE,13,42.5,3.27,-173.9,-89.4,-1.798,-0.934
00-0036439,Tyrie Cleveland,WR,9,3.8,0.42,-159.5,-89.0,-1.637,-0.937
00-0032393,Calvin Prosise,RB,10,12.7,1.27,-169.4,-88.7,-1.75,-0.937
00-0034988,Kaden Smith,TE,12,33.6,2.8,-165.9,-89.7,-1.713,-0.94
00-0035259,Trevon Wesco,TE,9,2.0,0.22,-150.1,-91.0,-1.533,-0.949
00-0032450,Dwayne Washington,RB,9,1.5,0.17,-161.5,-90.6,-1.65,-0.95
00-0033955,Jeremy McNichols,RB,13,40.8,3.14,-189.5,-90.6,-1.971,-0.956
00-0034365,Ian Thomas,TE,13,40.7,3.13,-171.8,-90.1,-1.798,-0.958
00-0034301,Darrel Williams,RB,13,41.5,3.19,-190.7,-91.9,-1.959,-0.959
00-0032135,Jesse James,TE,13,41.6,3.2,-174.5,-90.5,-1.82,-0.962
00-0033572,Jamal Agnew,WR,11,22.2,2.02,-175.2,-92.4,-1.806,-0.969
00-0034766,Christopher Herndon,TE,13,41.7,3.21,-178.6,-92.6,-1.845,-0.972
00-0033292,Trent Taylor,WR,11,18.6,1.69,-177.8,-93.9,-1.843,-0.993
00-0036398,John Hightower,WR,12,28.7,2.39,-185.4,-94.4,-1.932,-1.003
00-0036247,Freddie Swain,WR,13,39.6,3.05,-194.2,-95.1,-2.014,-1.005
00-0030470,Vance McDonald,TE,11,19.6,1.78,-165.8,-95.5,-1.712,-1.008
00-0033367,Clarence Board,WR,11,18.8,1.71,-177.1,-95.8,-1.833,-1.014
00-0035021,Ashton Dulin,WR,10,7.6,0.76,-171.1,-97.1,-1.753,-1.016
00-0036415,Vanchii Jefferson,WR,13,37.9,2.92,-193.6,-95.9,-2.02,-1.018
00-0034331,Jaylen Samuels,RB,11,13.8,1.25,-182.8,-98.1,-1.89,-1.038
00-0022127,Christopher Witten,TE,13,34.2,2.63,-181.5,-99.0,-1.877,-1.04
00-0033526,Samaje Perine,RB,13,29.6,2.28,-204.4,-102.4,-2.106,-1.069
00-0035006,Olabisi Johnson,WR,13,32.6,2.51,-198.4,-100.7,-2.067,-1.071
00-0033481,Marcus Kemp,WR,10,2.1,0.21,-177.8,-103.0,-1.811,-1.073
00-0030216,Joshua Hill,TE,12,21.6,1.8,-177.2,-102.3,-1.822,-1.073
00-0033725,Corey Clement,RB,12,19.2,1.6,-199.8,-103.3,-2.053,-1.082
00-0034407,Raymond McCloud,WR,13,31.7,2.44,-200.6,-102.6,-2.089,-1.084
00-0034981,Foster Moreau,TE,13,30.6,2.35,-185.1,-102.6,-1.92,-1.09
00-0034838,Royce Freeman,RB,13,29.2,2.25,-202.4,-102.8,-2.105,-1.09
00-0034164,Trenton Cannon,RB,11,7.9,0.72,-184.5,-102.2,-1.933,-1.094
00-0035480,Malik Taylor,WR,12,18.5,1.54,-196.3,-104.5,-2.039,-1.109
00-0033891,Isaiah Jones,WR,13,30.0,2.3,-203.9,-104.7,-2.118,-1.113
00-0033555,Mackenzie Hollins,WR,13,28.3,2.18,-202.7,-105.0,-2.111,-1.113
00-0034449,Gregory Howell,RB,11,5.5,0.5,-193.4,-107.7,-1.975,-1.126
00-0034319,Deon Yelder,TE,11,5.7,0.52,-176.3,-106.2,-1.838,-1.128
00-0034646,Brandon Powell,WR,13,27.9,2.15,-205.9,-107.6,-2.126,-1.132
00-0033854,Oluwadare Ogunbowale,RB,11,4.4,0.4,-191.8,-107.8,-1.972,-1.135
00-0036182,Nick Westbrook-Ikhine,WR,11,5.4,0.49,-189.5,-106.5,-1.98,-1.136
00-0032464,Kalif Raymond,WR,13,27.4,2.11,-204.9,-106.9,-2.135,-1.137
00-0034132,Christian Blake,WR,13,26.2,2.02,-207.6,-109.3,-2.137,-1.143
00-0033591,Noah Brown,WR,13,27.1,2.08,-206.7,-108.4,-2.137,-1.146
00-0033376,Patrick Ricard,RB,12,14.4,1.2,-199.2,-107.4,-2.072,-1.146
00-0035022,Marjahn Hart,WR,11,3.2,0.29,-193.8,-108.6,-2.017,-1.158
00-0033798,Mason Schreck,TE,11,0.0,0.0,-178.6,-109.7,-1.875,-1.175
00-0034597,Ryan Nall,RB,13,20.7,1.59,-213.9,-111.9,-2.199,-1.176
00-0035924,Jonathan Ward,RB,11,0.0,0.0,-195.1,-110.5,-2.026,-1.178
00-0032062,Blake Bell,TE,13,22.8,1.75,-197.5,-111.5,-2.048,-1.179
00-0030108,Ryan Griffin,TE,13,22.1,1.7,-198.2,-112.2,-2.048,-1.18
00-0031763,DeAndre Carter,WR,11,1.8,0.16,-195.8,-113.0,-2.001,-1.182
00-0034270,Tyler Conklin,TE,13,20.1,1.55,-196.3,-111.8,-2.037,-1.182
00-0033720,Colin Thompson,TE,12,8.2,0.68,-187.6,-111.9,-1.946,-1.182
00-0036078,Xavier Jones,RB,11,0.0,0.0,-197.3,-111.4,-2.042,-1.183
00-0028063,Taiwan Jones,RB,11,0.0,0.0,-201.5,-113.8,-2.049,-1.188
00-0033338,Cethan Carter,TE,12,9.2,0.77,-191.8,-112.3,-1.996,-1.194
00-0036032,Sean McKeon,TE,11,0.0,0.0,-185.6,-113.7,-1.917,-1.199
00-0032104,Ameer Abdullah,RB,13,19.0,1.46,-213.2,-112.8,-2.214,-1.2
00-0035976,Daniel Chisena,WR,11,0.0,0.0,-195.9,-114.6,-2.01,-1.202
00-0035628,D'Ernest Johnson,RB,13,17.6,1.35,-216.4,-114.4,-2.244,-1.216
00-0035342,Patrick Laird,RB,13,16.8,1.29,-215.4,-115.0,-2.237,-1.222
00-0035726,Jakob Johnson,RB,13,16.5,1.27,-215.1,-115.5,-2.232,-1.228
00-0036382,K.J. Hill,WR,12,7.4,0.62,-207.4,-116.4,-2.146,-1.232
00-0031484,Christopher Manhertz,TE,13,14.2,1.09,-198.3,-116.6,-2.071,-1.241
00-0030155,Demetrius Harris,TE,13,15.0,1.15,-200.5,-118.2,-2.075,-1.251
00-0035148,Darwin Thompson,RB,12,3.2,0.27,-211.5,-119.9,-2.173,-1.264
00-0034192,Nick Keizer,TE,13,13.3,1.02,-207.0,-121.0,-2.134,-1.271
00-0036139,Rico Dowdle,RB,12,1.3,0.11,-211.2,-120.4,-2.18,-1.275
00-0033246,John Mundt,TE,13,11.3,0.87,-205.6,-120.8,-2.135,-1.283
00-0034487,Trent Sherfield,WR,12,1.6,0.13,-212.8,-123.4,-2.186,-1.296
00-0033111,Pharoh Cooper,WR,13,10.4,0.8,-220.9,-122.3,-2.294,-1.298
00-0036187,Reggie Gilliam,RB,13,9.6,0.74,-225.0,-123.0,-2.322,-1.304
00-0030443,Levine Toilolo,TE,13,6.7,0.52,-208.8,-126.5,-2.153,-1.331
00-0032543,Alex Erickson,WR,13,7.8,0.6,-223.7,-126.0,-2.319,-1.335
00-0034788,Jaeden Graham,TE,13,7.0,0.54,-213.3,-127.3,-2.195,-1.337
00-0036429,Charles Woerner,TE,13,6.3,0.48,-209.2,-126.9,-2.161,-1.338
00-0033296,Alexander Armah,RB,13,5.5,0.42,-227.1,-125.9,-2.355,-1.339
00-0034208,Michael Boone,RB,13,5.6,0.43,-226.6,-126.2,-2.348,-1.34
00-0034052,Brandon Zylstra,WR,13,6.5,0.5,-224.8,-126.2,-2.336,-1.341
00-0028042,Lucas Stocker,TE,13,6.5,0.5,-213.8,-127.8,-2.202,-1.344
00-0035039,Stephen Carlson,TE,13,4.6,0.35,-212.3,-127.5,-2.2,-1.35
00-0029119,Derek Carrier,TE,13,2.9,0.22,-212.8,-130.3,-2.191,-1.369
00-0027691,Andre Roberts,WR,13,3.9,0.3,-228.6,-130.8,-2.353,-1.377
00-0033528,Jeremy Sprinkle,TE,13,2.1,0.16,-215.0,-131.1,-2.216,-1.381
00-0032725,Stephen Anderson,TE,13,2.1,0.16,-213.6,-131.1,-2.202,-1.381
00-0036133,James Proche,WR,13,2.4,0.18,-228.6,-130.9,-2.37,-1.387
00-0032986,John Holtz,TE,13,0.0,0.0,-215.5,-133.2,-2.22,-1.401
00-0032098,Daniel Brown,TE,13,0.0,0.0,-220.3,-134.3,-2.265,-1.41
00-0026293,Matthew Slater,WR,13,0.0,0.0,-232.2,-133.7,-2.399,-1.413
00-0035621,Nsimba Webster,WR,13,0.0,0.0,-231.5,-133.8,-2.394,-1.415
