player_id,name,pos,team,season,games,gp14,att_pg,car_pg,tgt_pg,tgt_share,ay_share,wopr,att,cmp_pct,ypa,pass_td_rate,int_rate,sack_rate,epa_db,cpoe,pacr,pass_fd_rate,pass_expl_rate,car,ypc,rush_td_rate,epa_car,rush_fd_rate,rush_expl_rate,tgt,rec,catch_rate,ypt,ypr,adot,racr,yac_rec,epa_tgt,rec_td_rate,rec_fd_rate,rec_expl_rate,fum_lost,wk_act,wk_res,wk_ina,wk_hurt,wk_bench,fp_ppr,fp_exp,fp_act,fp_diff,fp_exp_pg,exp_share,pass_fp_exp,rush_fp_exp,rec_fp_exp,td_exp,td_act,td_diff
00-0021429,Carson Palmer,QB,CIN,2005,16,13,31.81,2.06,0.0,nan,nan,nan,509,0.6778,7.54,0.0629,0.0236,0.0378,0.2297,0.0,,0.387,0.0845,33,1.33,0.0303,-0.3907,0.1818,0.0303,0,0,,,,,,,,,,,0,17,0,,,,265.8,,,,,,,,,,,
00-0019596,Tom Brady,QB,NE,2005,16,13,33.12,1.69,0.0,nan,nan,nan,530,0.6302,7.75,0.0491,0.0264,0.0468,0.1998,0.0,,0.3642,0.1113,27,3.3,0.037,0.5495,0.5926,0.0741,0,0,,,,,,,,,,,0,17,0,,,,249.3,,,,,,,,,,,
00-0010346,Peyton Manning,QB,IND,2005,16,13,28.31,2.06,0.0,nan,nan,nan,453,0.6733,8.27,0.0618,0.0221,0.0362,0.3819,0.0,,0.4349,0.0993,33,1.36,0.0,-0.5667,0.1818,0.0606,0,0,,,,,,,,,,,1,17,0,,,,242.4,,,,,,,,,,,
00-0007091,Matt Hasselbeck,QB,SEA,2005,16,13,28.12,2.25,0.0,nan,nan,nan,450,0.6533,7.68,0.0533,0.0222,0.0486,0.2104,0.0,,0.4044,0.0911,36,3.44,0.0278,-0.0981,0.2222,0.1111,0,0,,,,,,,,,,,0,17,0,,,,230.6,,,,,,,,,,,
00-0022803,Eli Manning,QB,NYG,2005,16,13,34.88,1.88,0.0,nan,nan,nan,558,0.5269,6.74,0.043,0.0305,0.0462,0.0725,0.0,,0.3082,0.0878,30,2.67,0.0333,0.0804,0.2,0.1667,0,0,,,,,,,,,,,0,17,0,,,,224.5,,,,,,,,,,,
00-0020245,Mike Vick,QB,ATL,2005,15,12,25.8,6.73,0.0,nan,nan,nan,387,0.553,6.23,0.0388,0.0336,0.0808,-0.0336,0.0,,0.3256,0.0698,101,6.04,0.0594,0.3464,0.4059,0.2178,0,1,,,-14.0,,,0.0,,,,,2,17,0,,,,219.1,,,,,,,,,,,
00-0013042,Jake Plummer,QB,DEN,2005,16,13,28.5,2.81,0.0,nan,nan,nan,456,0.6075,7.38,0.0395,0.0154,0.048,0.1453,0.0,,0.3553,0.0965,45,3.47,0.0444,-0.0939,0.2889,0.1333,0,0,,,,,,,,,,,1,17,0,,,,218.2,,,,,,,,,,,
00-0006355,Trent Green,QB,KC,2005,16,13,31.69,2.19,0.0,nan,nan,nan,507,0.6252,7.92,0.0335,0.0197,0.0594,0.1446,0.0,,0.359,0.1006,35,2.34,0.0,0.0163,0.2571,0.1143,0,0,,,,,,,,,,,0,17,0,,,,210.8,,,,,,,,,,,
00-0020531,Drew Brees,QB,LAC,2005,16,13,31.25,1.31,0.0,nan,nan,nan,500,0.646,7.15,0.048,0.03,0.0512,0.1215,0.0,,0.364,0.092,21,2.33,0.0476,0.351,0.381,0.0,0,0,,,,,,,,,,,0,17,0,,,,209.9,,,,,,,,,,,
00-0003292,Kerry Collins,QB,LV,2005,15,12,37.73,1.2,0.0,nan,nan,nan,566,0.5336,6.64,0.0353,0.023,0.0614,0.0178,0.0,,0.3198,0.0866,18,2.11,0.0556,-0.3983,0.1111,0.0556,0,0,,,,,,,,,,,1,17,0,,,,208.2,,,,,,,,,,,
00-0001361,Drew Bledsoe,QB,DAL,2005,16,13,31.19,2.12,0.0,nan,nan,nan,499,0.6012,7.29,0.0461,0.0341,0.0894,0.0908,0.0,,0.3547,0.0842,34,1.47,0.0588,-0.4954,0.1765,0.0,0,0,,,,,,,,,,,4,17,0,,,,206.6,,,,,,,,,,,
00-0004161,Jake Delhomme,QB,CAR,2005,16,13,27.19,1.5,0.0,nan,nan,nan,435,0.6023,7.86,0.0552,0.0368,0.0584,0.1074,0.0,,0.3517,0.1011,24,1.29,0.0417,-0.2466,0.0417,0.0417,0,0,,,,,,,,,,,0,17,0,,,,197.9,,,,,,,,,,,
00-0002110,Mark Brunell,QB,WAS,2005,16,13,28.38,2.62,0.0,nan,nan,nan,454,0.5771,6.72,0.0507,0.022,0.0561,0.0684,0.0,,0.3392,0.0793,42,2.64,0.0,-0.2722,0.2857,0.119,0,0,,,,,,,,,,,2,17,0,,,,195.1,,,,,,,,,,,
00-0011024,Steve McNair,QB,TEN,2005,14,12,34.0,2.29,0.0,nan,nan,nan,476,0.6134,6.64,0.0336,0.0231,0.0403,-0.0209,0.0,,0.3445,0.0609,32,4.34,0.0312,0.117,0.375,0.1875,0,0,,,,,,,,,,,0,17,0,,,,180.3,,,,,,,,,,,
00-0005106,Brett Favre,QB,GB,2005,16,13,38.0,1.12,0.0,nan,nan,nan,608,0.6135,6.4,0.0329,0.0477,0.038,0.0009,0.0,,0.3322,0.0658,18,3.44,0.0,-0.4796,0.2778,0.1111,0,0,,,,,,,,,,,1,17,0,,,,173.9,,,,,,,,,,,
00-0001823,Aaron Brooks,QB,NO,2005,13,13,33.15,3.46,0.0,nan,nan,nan,431,0.5568,6.69,0.0302,0.0394,0.0711,-0.0021,0.0,,0.3364,0.0882,45,6.24,0.0444,0.2708,0.4222,0.2444,0,0,,,,,,,,,,,1,17,0,,,,169.4,,,,,,,,,,,
00-0022924,Ben Roethlisberger,QB,PIT,2005,12,9,22.33,2.58,0.0,nan,nan,nan,268,0.6269,8.9,0.0634,0.0336,0.079,0.2489,0.0,,0.4142,0.1306,31,2.23,0.0968,0.1449,0.2903,0.0645,0,0,,,,,,,,,,,0,17,0,,,,168.3,,,,,,,,,,,
00-0005589,Gus Frerotte,QB,MIA,2005,16,13,30.88,1.69,0.0,nan,nan,nan,494,0.5202,6.06,0.0364,0.0263,0.05,-0.0174,0.0,,0.2874,0.0789,27,2.26,0.0,-0.4879,0.2222,0.0741,0,0,,,,,,,,,,,1,17,0,,,,163.9,,,,,,,,,,,
00-0020608,David Carr,QB,HOU,2005,16,13,26.44,3.5,0.0,nan,nan,nan,423,0.6052,5.88,0.0331,0.026,0.1385,-0.1381,0.0,,0.3191,0.0426,56,5.5,0.0179,0.3399,0.3571,0.2321,0,0,,,,,,,,,,,0,17,0,,,,160.3,,,,,,,,,,,
00-0011022,Donovan McNabb,QB,PHI,2005,9,9,39.67,2.78,0.0,nan,nan,nan,357,0.591,7.02,0.0448,0.0252,0.0505,0.0444,0.0,,0.3249,0.0756,25,2.2,0.04,-0.2237,0.28,0.04,0,0,,,,,,,,,,,1,0,11,,,,153.8,,,,,,,,,,,
00-0022177,Byron Leftwich,QB,JAX,2005,11,11,27.45,2.82,0.0,nan,nan,nan,302,0.5795,7.03,0.0497,0.0166,0.0708,0.0869,0.0,,0.3344,0.1026,31,2.16,0.0645,0.0168,0.2258,0.0,0,0,,,,,,,,,,,0,17,0,,,,147.6,,,,,,,,,,,
00-0017200,Kurt Warner,QB,ARI,2005,10,9,37.5,1.3,0.0,nan,nan,nan,375,0.6453,7.23,0.0293,0.024,0.0578,0.0777,0.0,,0.3573,0.0987,13,2.15,0.0,-0.0647,0.2308,0.0769,0,1,,,0.0,,,0.0,,,,,0,0,15,,,,130.3,,,,,,,,,,,
00-0019599,Marc Bulger,QB,LA,2005,8,8,35.88,1.12,0.0,nan,nan,nan,287,0.669,8.0,0.0488,0.0314,0.0831,0.1647,0.0,,0.3798,0.0871,9,3.22,0.0,-0.6662,0.2222,0.0,0,1,,,1.0,,,0.0,,,,,1,0,15,,,,129.9,,,,,,,,,,,
00-0008442,Brad Johnson,QB,MIN,2005,11,8,26.64,1.64,0.0,nan,nan,nan,293,0.6246,6.43,0.041,0.0137,0.0728,0.0063,0.0,,0.314,0.0512,18,2.94,0.0,-0.1997,0.1111,0.1111,0,0,,,,,,,,,,,0,17,0,,,,114.7,,,,,,,,,,,
00-0021141,Joey Harrington,QB,DET,2005,12,9,27.58,2.08,0.0,nan,nan,nan,331,0.571,6.11,0.0363,0.0363,0.065,-0.1078,0.0,,0.3051,0.0695,25,3.2,0.0,-0.4289,0.12,0.04,0,1,,,-4.0,,,0.0,,,,,0,17,0,,,,105.4,,,,,,,,,,,
00-0004293,Trent Dilfer,QB,CLE,2005,11,11,30.27,1.82,0.0,nan,nan,nan,333,0.5976,6.97,0.033,0.036,0.0646,-0.0689,0.0,,0.3033,0.0781,20,2.3,0.0,-0.8547,0.1,0.05,0,0,,,,,,,,,,,3,17,0,,,,103.4,,,,,,,,,,,
00-0022005,Chris Simms,QB,TB,2005,11,8,28.45,1.82,0.0,nan,nan,nan,313,0.6102,6.5,0.0319,0.0224,0.0821,-0.0756,0.0,,0.3419,0.0671,20,1.55,0.0,-0.142,0.1,0.05,0,1,,,-3.0,,,0.0,,,,,0,17,0,,,,103.2,,,,,,,,,,,
00-0022164,Kyle Boller,QB,BAL,2005,9,6,32.56,2.56,0.0,nan,nan,nan,293,0.5836,6.14,0.0375,0.041,0.0728,-0.0398,0.0,,0.2935,0.0683,23,2.87,0.0435,-0.2256,0.3043,0.0,0,0,,,,,,,,,,,1,17,0,,,,100.6,,,,,,,,,,,
00-0021206,Josh McCown,QB,ARI,2005,9,6,30.0,3.22,0.0,nan,nan,nan,270,0.6037,6.79,0.0333,0.0407,0.0625,-0.0281,0.0,,0.3111,0.0852,29,4.79,0.0,-0.0527,0.2414,0.1034,0,0,,,,,,,,,,,1,17,0,,,,95.2,,,,,,,,,,,
00-0021231,David Garrard,QB,JAX,2005,7,4,24.0,4.14,0.0,nan,nan,nan,168,0.5833,6.65,0.0238,0.006,0.0562,0.0902,0.0,,0.375,0.0595,29,6.38,0.1034,0.4008,0.4828,0.2759,0,0,,,,,,,,,,,1,17,0,,,,95.2,,,,,,,,,,,
00-0022026,Brooks Bollinger,QB,NYJ,2005,11,8,24.18,3.09,0.0,nan,nan,nan,266,0.5639,5.86,0.0263,0.0226,0.1104,-0.1688,0.0,,0.2857,0.0602,34,4.06,0.0,0.1987,0.3824,0.1176,0,0,,,,,,,,,,,0,17,0,,,,90.1,,,,,,,,,,,
00-0007576,Kelly Holcomb,QB,BUF,2005,10,7,23.0,1.8,0.0,nan,nan,nan,230,0.6739,6.56,0.0435,0.0348,0.0688,0.0228,0.0,,0.3217,0.0609,18,0.61,0.0556,-0.7554,0.3333,0.0,0,0,,,,,,,,,,,2,17,0,,,,81.5,,,,,,,,,,,
00-0023541,Kyle Orton,QB,CHI,2005,15,13,24.53,1.6,0.0,nan,nan,nan,368,0.5163,5.08,0.0245,0.0353,0.0754,-0.2339,0.0,,0.25,0.0625,24,1.83,0.0,-0.644,0.125,0.0833,0,0,,,,,,,,,,,2,17,0,,,,79.2,,,,,,,,,,,
00-0022912,J.P. Losman,QB,BUF,2005,9,9,25.44,3.56,0.0,nan,nan,nan,229,0.4978,5.85,0.0349,0.0349,0.0984,-0.1844,0.0,,0.2402,0.0655,32,4.75,0.0,-0.081,0.3125,0.125,0,0,,,,,,,,,,,1,17,0,,,,78.8,,,,,,,,,,,
00-0003739,Daunte Culpepper,QB,MIN,2005,7,7,30.86,3.43,0.0,nan,nan,nan,216,0.6435,7.24,0.0278,0.0556,0.1255,-0.1196,0.0,,0.3565,0.0741,24,5.88,0.0417,-0.0199,0.4583,0.2917,0,0,,,,,,,,,,,1,0,8,,,,78.7,,,,,,,,,,,
00-0020308,Mike McMahon,QB,PHI,2005,9,6,23.0,3.56,0.0,nan,nan,nan,207,0.4541,5.59,0.0242,0.0386,0.0921,-0.2435,0.0,,0.2705,0.1014,32,3.91,0.0938,-0.0082,0.2812,0.125,0,0,,,,,,,,,,,1,17,0,,,,76.8,,,,,,,,,,,
00-0018272,Anthony Wright,QB,BAL,2005,8,8,33.25,2.25,0.0,nan,nan,nan,266,0.6165,5.95,0.0226,0.0338,0.0667,-0.0914,0.0,,0.2895,0.0714,18,3.78,0.0,0.2719,0.5,0.1667,0,0,,,,,,,,,,,0,17,0,,,,74.1,,,,,,,,,,,
00-0006423,Brian Griese,QB,TB,2005,6,6,29.0,2.17,0.0,nan,nan,nan,174,0.6437,6.53,0.0402,0.0402,0.0645,-0.0463,0.0,,0.3103,0.0747,13,0.92,0.0,-0.4697,0.0769,0.0,0,0,,,,,,,,,,,0,0,6,,,,58.6,,,,,,,,,,,
00-0010455,Jamie Martin,QB,LA,2005,8,5,22.12,1.12,0.0,nan,nan,nan,177,0.7006,7.21,0.0282,0.0395,0.0585,-0.0135,0.0,,0.339,0.0678,9,0.67,0.0,-0.876,0.1111,0.0,0,0,,,,,,,,,,,0,17,0,,,,57.7,,,,,,,,,,,
00-0023502,Charlie Frye,QB,CLE,2005,7,4,23.57,2.43,0.0,nan,nan,nan,165,0.5939,6.07,0.0242,0.0364,0.1176,-0.1911,0.0,,0.2909,0.0727,17,3.12,0.0588,-0.099,0.3529,0.1176,0,0,,,,,,,,,,,1,17,0,,,,49.4,,,,,,,,,,,
00-0005755,Jeff Garcia,QB,DET,2005,6,5,28.83,2.83,0.0,nan,nan,nan,173,0.5896,5.42,0.0173,0.0347,0.0335,-0.1075,0.0,,0.2601,0.0636,17,3.0,0.0588,0.0172,0.2941,0.0588,0,0,,,,,,,,,,,0,17,0,,,,48.6,,,,,,,,,,,
00-0023682,Ryan Fitzpatrick,QB,LA,2005,4,3,33.75,3.5,0.0,nan,nan,nan,135,0.563,5.76,0.0296,0.0593,0.0625,-0.1081,0.0,,0.2963,0.0296,14,4.57,0.1429,-0.195,0.4286,0.2143,0,0,,,,,,,,,,,1,17,0,,,,47.5,,,,,,,,,,,
00-0022787,Matt Schaub,QB,ATL,2005,6,5,10.67,1.5,0.0,nan,nan,nan,64,0.5156,7.73,0.0625,0.0,0.0857,0.0082,0.0,,0.3594,0.0938,9,8.44,0.0,0.0528,0.5556,0.4444,0,0,,,,,,,,,,,0,17,0,,,,47.4,,,,,,,,,,,
00-0019623,Tim Rattay,QB,SF,2005,4,4,24.25,1.75,0.0,nan,nan,nan,97,0.5773,6.88,0.0515,0.0619,0.0935,-0.127,0.0,,0.3299,0.0619,7,2.57,0.0,0.0053,0.2857,0.1429,0,0,,,,,,,,,,,0,6,0,,,,32.5,,,,,,,,,,,
00-0020480,Sage Rosenfels,QB,MIA,2005,4,3,15.25,1.5,0.0,nan,nan,nan,61,0.5574,7.57,0.0656,0.0492,0.0,0.1083,0.0,,0.2787,0.082,6,2.5,0.0,-0.1994,0.3333,0.1667,0,0,,,,,,,,,,,0,17,0,,,,30.0,,,,,,,,,,,
00-0019041,Billy Volek,QB,TEN,2005,5,3,17.6,0.2,0.0,nan,nan,nan,88,0.5682,5.39,0.0455,0.0227,0.0928,-0.3147,0.0,,0.2386,0.0455,1,3.0,0.0,-0.1383,0.0,0.0,0,0,,,,,,,,,,,0,17,0,,,,27.3,,,,,,,,,,,
00-0022744,Jim Sorgi,QB,IND,2005,5,3,12.4,2.4,0.0,nan,nan,nan,62,0.6935,7.16,0.0484,0.0161,0.0462,0.0634,0.0,,0.3226,0.0645,12,0.08,0.0,-0.4058,0.0833,0.0,0,0,,,,,,,,,,,0,17,0,,,,25.9,,,,,,,,,,,
00-0022039,Ken Dorsey,QB,SF,2005,3,3,30.0,1.33,0.0,nan,nan,nan,90,0.5333,5.34,0.0222,0.0222,0.0625,-0.1391,0.0,,0.2444,0.0556,4,2.75,0.0,-0.8079,0.0,0.0,0,0,,,,,,,,,,,0,17,0,,,,24.3,,,,,,,,,,,
00-0016193,Vinny Testaverde,QB,NYJ,2005,6,5,17.67,1.17,0.0,nan,nan,nan,106,0.566,7.33,0.0094,0.0566,0.1017,-0.2169,0.0,,0.3302,0.0849,7,0.57,0.2857,-1.9463,0.2857,0.0,0,0,,,,,,,,,,,3,14,0,,,,23.5,,,,,,,,,,,
00-0019559,Chad Pennington,QB,NYJ,2005,3,3,27.67,2.0,0.0,nan,nan,nan,83,0.5904,6.39,0.0241,0.0361,0.0978,-0.0875,0.0,,0.3614,0.0843,6,4.5,0.0,-0.4712,0.3333,0.3333,0,0,,,,,,,,,,,1,0,7,,,,21.9,,,,,,,,,,,
00-0023436,Alex Smith,QB,SF,2005,9,6,18.33,3.33,0.0,nan,nan,nan,165,0.5091,5.3,0.0061,0.0667,0.1495,-0.4407,0.0,,0.2242,0.0788,30,3.43,0.0,-0.3993,0.1,0.0333,0,0,,,,,,,,,,,1,17,0,,,,21.3,,,,,,,,,,,
00-0000865,Charlie Batch,QB,PIT,2005,3,2,12.0,3.67,0.0,nan,nan,nan,36,0.6389,6.83,0.0278,0.0278,0.027,0.0877,0.0,,0.3333,0.0556,11,2.73,0.0909,-0.0797,0.2727,0.1818,0,0,,,,,,,,,,,0,16,0,,,,20.8,,,,,,,,,,,
00-0001545,Todd Bouman,QB,NO,2005,5,2,24.4,1.6,0.0,nan,nan,nan,122,0.5574,5.92,0.0164,0.0574,0.0615,-0.2958,0.0,,0.3033,0.0738,8,1.88,0.0,-0.5944,0.25,0.0,0,0,,,,,,,,,,,0,17,0,,,,18.4,,,,,,,,,,,
00-0010261,Tommy Maddox,QB,PIT,2005,3,3,23.67,2.67,0.0,nan,nan,nan,71,0.4789,5.72,0.0282,0.0563,0.1013,-0.3015,0.0,,0.2676,0.0845,8,3.25,0.0,-0.483,0.25,0.125,0,0,,,,,,,,,,,1,17,0,,,,14.8,,,,,,,,,,,
00-0023662,Matt Cassel,QB,NE,2005,2,1,12.0,3.0,0.0,nan,nan,nan,24,0.5417,7.62,0.0833,0.0417,0.04,-0.0481,0.0,,0.3333,0.125,6,2.17,0.0,0.0161,0.3333,0.0,0,0,,,,,,,,,,,0,17,0,,,,14.6,,,,,,,,,,,
00-0021379,Patrick Ramsey,QB,WAS,2005,4,3,6.25,1.75,0.0,nan,nan,nan,25,0.6,11.16,0.04,0.04,0.1379,0.2878,0.0,,0.44,0.16,7,0.43,0.0,-0.1793,0.0,0.0,0,0,,,,,,,,,,,0,17,0,,,,11.5,,,,,,,,,,,
00-0022774,Bradlee Van Pelt,QB,DEN,2005,2,1,4.0,5.5,0.0,nan,nan,nan,8,0.25,0.88,0.0,0.0,0.0,-0.7648,0.0,,0.0,0.0,11,4.36,0.0909,0.8353,0.4545,0.0909,0,0,,,,,,,,,,,0,17,0,,,,11.1,,,,,,,,,,,
00-0022121,Rex Grossman,QB,CHI,2005,2,0,19.5,0.0,0.0,nan,nan,nan,39,0.5128,6.64,0.0256,0.0513,0.025,0.2163,0.0,,0.359,0.1026,0,,,,,,0,0,,,,,,,,,,,0,17,0,,,,10.4,,,,,,,,,,,
00-0020613,Quinn Gray,QB,JAX,2005,1,0,14.0,3.0,0.0,nan,nan,nan,14,0.5714,7.14,0.1429,0.0,0.0667,0.4816,0.0,,0.4286,0.1429,3,0.33,0.0,-0.5923,0.3333,0.0,0,0,,,,,,,,,,,0,17,0,,,,10.1,,,,,,,,,,,
00-0022827,John Navarre,QB,ARI,2005,1,0,24.0,0.0,0.0,nan,nan,nan,24,0.5833,7.25,0.0417,0.0417,0.1429,-0.2786,0.0,,0.25,0.125,0,,,,,,0,0,,,,,,,,,,,0,17,0,,,,9.0,,,,,,,,,,,
00-0022055,Seneca Wallace,QB,SEA,2005,5,4,5.0,1.2,0.0,nan,nan,nan,25,0.52,6.92,0.04,0.04,0.1071,-0.0902,0.0,,0.4,0.12,6,-0.83,0.0,-1.4408,0.0,0.0,0,0,,,,,,,,,,,0,17,0,,,,8.4,,,,,,,,,,,
00-0005180,Jay Fiedler,QB,NYJ,2005,2,2,6.5,0.5,0.0,nan,nan,nan,13,0.6154,8.23,0.0769,0.0,0.0,0.5491,0.0,,0.3846,0.1538,1,0.0,0.0,-0.8928,0.0,0.0,0,0,,,,,,,,,,,0,0,14,,,,8.3,,,,,,,,,,,
00-0000722,Tony Banks,QB,HOU,2005,1,0,25.0,2.0,0.0,nan,nan,nan,25,0.56,6.92,0.04,0.08,0.0,-0.1478,0.0,,0.28,0.12,2,-1.0,0.0,0.0,0.0,0.0,0,0,,,,,,,,,,,0,17,0,,,,6.7,,,,,,,,,,,
00-0020434,Chris Weinke,QB,CAR,2005,3,2,4.33,2.67,0.0,nan,nan,nan,13,0.5385,4.92,0.0769,0.0,0.0,0.2832,0.0,,0.3077,0.0,8,-0.62,0.0,-0.6114,0.0,0.0,0,0,,,,,,,,,,,0,17,0,,,,6.1,,,,,,,,,,,
00-0001335,Jeff Blake,QB,CHI,2005,2,1,4.5,0.5,0.0,nan,nan,nan,9,0.8889,6.11,0.1111,0.0,0.0,0.8274,0.0,,0.4444,0.0,1,-1.0,0.0,-2.5703,0.0,0.0,0,0,,,,,,,,,,,0,17,0,,,,6.1,,,,,,,,,,,
00-0022731,Cody Pickett,QB,SF,2005,3,3,11.67,4.33,0.0,nan,nan,nan,35,0.4,4.0,0.0,0.0571,0.0789,-0.464,0.0,,0.1143,0.0571,13,3.23,0.0,-0.0114,0.3077,0.0769,0,0,,,,,,,,,,,0,17,0,,,,5.8,,,,,,,,,,,
00-0022768,Matt Mauck,QB,TEN,2005,2,1,13.5,3.5,0.0,nan,nan,nan,27,0.5556,5.04,0.0,0.037,0.0357,-0.3946,0.0,,0.1852,0.0,7,5.57,0.0,-0.3302,0.2857,0.1429,0,0,,,,,,,,,,,1,14,0,,,,5.3,,,,,,,,,,,
00-0015700,Kordell Stewart,QB,BAL,2005,1,1,0.0,3.0,0.0,nan,nan,nan,0,,,,,1.0,-2.4684,,,,,3,10.0,0.0,1.0672,0.6667,0.6667,0,0,,,,,,,,,,,0,0,0,,,,3.0,,,,,,,,,,,
00-0020405,Marques Tuiasosopo,QB,LV,2005,1,1,26.0,2.0,0.0,nan,nan,nan,26,0.5385,4.77,0.0385,0.0769,0.1875,-0.4197,0.0,,0.3077,0.0385,2,9.5,0.0,0.5197,0.5,0.5,0,0,,,,,,,,,,,0,17,0,,,,2.9,,,,,,,,,,,
00-0022942,Philip Rivers,QB,LAC,2005,2,1,11.0,0.5,0.0,nan,nan,nan,22,0.5455,5.23,0.0,0.0455,0.12,-0.3494,0.0,,0.2727,0.0455,1,-1.0,0.0,0.0383,0.0,0.0,0,0,,,,,,,,,,,0,17,0,,,,2.5,,,,,,,,,,,
00-0009311,Jon Kitna,QB,CIN,2005,3,0,9.67,0.67,0.0,nan,nan,nan,29,0.5862,3.41,0.0,0.069,0.0645,-0.4128,0.0,,0.2069,0.0,2,7.0,0.0,1.3197,1.0,0.5,0,0,,,,,,,,,,,0,17,0,,,,1.4,,,,,,,,,,,
00-0022027,Kliff Kingsbury,QB,NYJ,2005,1,1,2.0,0.0,0.0,nan,nan,nan,2,0.5,8.5,0.0,0.0,0.0,-1.1476,0.0,,0.0,0.0,0,,,,,,0,0,,,,,,,,,,,0,14,0,,,,0.7,,,,,,,,,,,
00-0023578,Dan Orlovsky,QB,DET,2005,2,2,8.5,0.0,0.0,nan,nan,nan,17,0.4118,3.71,0.0,0.0,0.0556,-0.2304,0.0,,0.2941,0.0588,0,,,,,,0,0,,,,,,,,,,,0,17,0,,,,0.5,,,,,,,,,,,
00-0021678,Tony Romo,QB,DAL,2005,1,1,0.0,2.0,0.0,nan,nan,nan,0,,,,,,,,,,,2,-1.0,0.0,-0.7613,0.0,0.0,0,0,,,,,,,,,,,0,17,0,,,,-0.2,,,,,,,,,,,
00-0003315,Todd Collins,QB,KC,2005,1,1,0.0,2.0,0.0,nan,nan,nan,0,,,,,,,,,,,2,-1.0,0.0,-1.6565,0.0,0.0,0,0,,,,,,,,,,,0,17,0,,,,-0.2,,,,,,,,,,,
00-0020679,Shaun Hill,QB,MIN,2005,1,0,0.0,2.0,0.0,nan,nan,nan,0,,,,,,,,,,,2,-1.0,0.0,0.0,0.0,0.0,0,0,,,,,,,,,,,0,17,0,,,,-0.2,,,,,,,,,,,
00-0019816,Tim Hasselbeck,QB,NYG,2005,1,1,0.0,2.0,0.0,nan,nan,nan,0,,,,,,,,,,,2,-1.5,0.0,-1.6012,0.0,0.0,0,0,,,,,,,,,,,0,17,0,,,,-0.3,,,,,,,,,,,
00-0004229,Koy Detmer,QB,PHI,2005,5,3,11.2,0.2,0.0,nan,nan,nan,56,0.5714,4.25,0.0,0.0536,0.0508,-0.4869,0.0,,0.1786,0.0179,1,1.0,0.0,1.7568,1.0,0.0,0,0,,,,,,,,,,,0,17,0,,,,-0.4,,,,,,,,,,,
00-0005363,Doug Flutie,QB,NE,2005,4,2,2.5,1.25,0.0,nan,nan,nan,10,0.5,2.9,0.0,0.0,0.0909,-0.249,0.0,,0.3,0.0,5,-0.2,0.0,-1.882,0.0,0.0,0,0,,,,,,,,,,,0,17,0,,,,-0.9,,,,,,,,,,,
00-0023459,Aaron Rodgers,QB,GB,2005,3,1,5.33,0.67,0.0,nan,nan,nan,16,0.5625,4.06,0.0,0.0625,0.1579,-0.8588,0.0,,0.1875,0.0,2,3.5,0.0,0.0583,0.5,0.0,0,0,,,,,,,,,,,0,17,0,,,,-2.7,,,,,,,,,,,
00-0019647,Shaun Alexander,RB,SEA,2005,16,13,0.0,23.12,0.0,nan,nan,nan,0,,,,,,,,,,,370,5.08,0.073,0.1398,0.2892,0.1459,0,15,,,5.2,,,0.0,,,,,1,17,0,,,,376.8,,,,,,,,,,,
00-0020536,LaDainian Tomlinson,RB,LAC,2005,16,13,0.25,21.25,0.0,nan,nan,nan,4,0.75,11.75,0.75,0.0,0.0,1.6592,0.0,,0.75,0.25,340,4.31,0.0529,0.0407,0.2118,0.1118,0,51,,,7.25,,,0.0,,,,,1,17,0,,,,366.3,,,,,,,,,,,
00-0021976,Larry Johnson,RB,KC,2005,16,13,0.0,21.0,0.0,nan,nan,nan,0,,,,,,,,,,,336,5.21,0.0595,0.1006,0.2887,0.1399,0,33,,,10.39,,,0.0,,,,,4,17,0,,,,360.3,,,,,,,,,,,
00-0000745,Tiki Barber,RB,NYG,2005,16,13,0.06,22.31,0.0,nan,nan,nan,1,0.0,0.0,0.0,0.0,0.0,-0.5911,0.0,,0.0,0.0,357,5.21,0.0252,0.029,0.2017,0.1204,0,54,,,9.81,,,0.0,,,,,1,17,0,,,,359.0,,,,,,,,,,,
00-0008241,Edgerrin James,RB,IND,2005,15,13,0.0,24.0,0.0,nan,nan,nan,0,,,,,,,,,,,360,4.18,0.0361,0.0395,0.2611,0.0778,0,44,,,7.66,,,0.0,,,,,1,17,0,,,,310.3,,,,,,,,,,,
00-0020462,LaMont Jordan,RB,LV,2005,14,13,0.0,19.43,0.0,nan,nan,nan,0,,,,,,,,,,,272,3.77,0.0331,-0.0314,0.2243,0.0846,0,70,,,8.04,,,0.0,,,,,1,17,0,,,,294.8,,,,,,,,,,,
00-0021179,Clinton Portis,RB,WAS,2005,16,13,0.12,22.0,0.0,nan,nan,nan,2,0.5,8.5,0.5,0.0,0.0,1.0275,0.0,,0.5,0.0,352,4.31,0.0312,-0.0017,0.2102,0.0966,0,30,,,7.2,,,0.0,,,,,2,17,0,,,,271.9,,,,,,,,,,,
00-0020407,Rudi Johnson,RB,CIN,2005,16,13,0.0,21.06,0.0,nan,nan,nan,0,,,,,,,,,,,337,4.33,0.0356,0.0347,0.2344,0.1157,0,23,,,3.91,,,0.0,,,,,0,17,0,,,,249.8,,,,,,,,,,,
00-0022736,Steven Jackson,RB,LA,2005,15,13,0.0,16.93,0.0,nan,nan,nan,0,,,,,,,,,,,254,4.12,0.0315,-0.1273,0.1969,0.122,0,43,,,7.44,,,0.0,,,,,3,17,0,,,,233.6,,,,,,,,,,,
00-0021216,Brian Westbrook,RB,PHI,2005,12,12,0.0,13.08,0.0,nan,nan,nan,0,,,,,,,,,,,157,3.91,0.0191,-0.1289,0.172,0.1146,0,61,,,10.1,,,0.0,,,,,0,0,14,,,,228.0,,,,,,,,,,,
00-0019641,Thomas Jones,RB,CHI,2005,15,12,0.0,20.93,0.0,nan,nan,nan,0,,,,,,,,,,,314,4.25,0.0287,-0.1132,0.1943,0.1051,0,26,,,5.5,,,0.0,,,,,2,17,0,,,,223.8,,,,,,,,,,,
00-0019594,Mike Anderson,RB,DEN,2005,15,13,0.0,15.93,0.0,nan,nan,nan,0,,,,,,,,,,,239,4.24,0.0502,0.0876,0.2594,0.0795,0,18,,,11.78,,,0.0,,,,,2,17,0,,,,214.6,,,,,,,,,,,
00-0004640,Warrick Dunn,RB,ATL,2005,16,13,0.0,17.5,0.0,nan,nan,nan,0,,,,,,,,,,,280,5.06,0.0107,0.042,0.2321,0.1179,0,29,,,7.59,,,0.0,,,,,1,17,0,,,,214.6,,,,,,,,,,,
00-0019610,Reuben Droughns,RB,CLE,2005,16,13,0.0,19.31,0.0,nan,nan,nan,0,,,,,,,,,,,309,3.99,0.0065,-0.1216,0.1942,0.0971,0,39,,,9.46,,,0.0,,,,,1,17,0,,,,209.1,,,,,,,,,,,
00-0021979,Domanick Williams,RB,HOU,2005,11,11,0.09,20.91,0.0,nan,nan,nan,1,0.0,0.0,0.0,0.0,0.0,-0.4019,0.0,,0.0,0.0,230,4.24,0.0087,-0.0954,0.1696,0.0957,0,39,,,8.64,,,0.0,,,,,1,0,16,,,,204.3,,,,,,,,,,,
00-0022178,Willis McGahee,RB,BUF,2005,16,13,0.0,20.31,0.0,nan,nan,nan,0,,,,,,,,,,,325,3.84,0.0154,-0.0649,0.2185,0.0954,0,28,,,6.36,,,0.0,,,,,1,17,0,,,,198.5,,,,,,,,,,,
00-0022250,Willie Parker,RB,PIT,2005,15,12,0.0,17.0,0.0,nan,nan,nan,0,,,,,,,,,,,255,4.71,0.0157,-0.0034,0.1843,0.1216,0,18,,,12.11,,,0.0,,,,,0,17,0,,,,190.0,,,,,,,,,,,
00-0004304,Corey Dillon,RB,NE,2005,11,9,0.0,19.0,0.0,nan,nan,nan,0,,,,,,,,,,,209,3.51,0.0574,-0.0551,0.2344,0.0909,0,22,,,8.23,,,0.0,,,,,1,17,0,,,,189.4,,,,,,,,,,,
00-0022840,Julius Jones,RB,DAL,2005,13,10,0.0,19.77,0.0,nan,nan,nan,0,,,,,,,,,,,257,3.86,0.0195,-0.1141,0.1829,0.0895,0,35,,,6.23,,,0.0,,,,,2,17,0,,,,182.1,,,,,,,,,,,
00-0022092,Chris Brown,RB,TEN,2005,15,13,0.0,14.93,0.0,nan,nan,nan,0,,,,,,,,,,,224,3.8,0.0223,-0.1462,0.1652,0.0714,0,25,,,13.08,,,0.0,,,,,3,17,0,,,,178.8,,,,,,,,,,,
00-0023440,Cadillac Williams,RB,TB,2005,14,11,0.0,20.71,0.0,nan,nan,nan,0,,,,,,,,,,,290,4.06,0.0207,-0.0514,0.1862,0.0793,0,20,,,4.05,,,0.0,,,,,2,17,0,,,,177.9,,,,,,,,,,,
00-0021164,DeShaun Foster,RB,CAR,2005,15,12,0.07,13.73,0.0,nan,nan,nan,1,0.0,0.0,0.0,0.0,0.0,-0.4764,0.0,,0.0,0.0,206,4.28,0.0097,-0.0651,0.165,0.0874,0,34,,,10.94,,,0.0,,,,,1,0,17,,,,175.4,,,,,,,,,,,
00-0023437,Ronnie Brown,RB,MIA,2005,15,13,0.0,13.8,0.0,nan,nan,nan,0,,,,,,,,,,,207,4.38,0.0193,-0.0714,0.1981,0.0918,0,32,,,7.25,,,0.0,,,,,4,17,0,,,,167.9,,,,,,,,,,,
00-0022893,Tatum Bell,RB,DEN,2005,14,11,0.0,12.36,0.0,nan,nan,nan,0,,,,,,,,,,,173,5.32,0.0462,0.0592,0.237,0.1214,0,18,,,5.78,,,0.0,,,,,1,17,0,,,,166.5,,,,,,,,,,,
00-0022217,Mewelde Moore,RB,MIN,2005,14,11,0.0,11.07,0.0,nan,nan,nan,0,,,,,,,,,,,155,4.27,0.0065,-0.0447,0.2065,0.1226,0,37,,,9.16,,,0.0,,,,,1,17,0,,,,159.1,,,,,,,,,,,
00-0019693,Jamal Lewis,RB,BAL,2005,15,12,0.0,17.93,0.0,nan,nan,nan,0,,,,,,,,,,,269,3.37,0.0112,-0.1954,0.1784,0.0781,0,32,,,5.97,,,0.0,,,,,5,17,0,,,,155.7,,,,,,,,,,,
00-0010442,Curtis Martin,RB,NYJ,2005,12,12,0.0,18.33,0.0,nan,nan,nan,0,,,,,,,,,,,220,3.34,0.0227,-0.1223,0.1591,0.0545,0,24,,,4.92,,,0.0,,,,,1,0,14,,,,137.3,,,,,,,,,,,
00-0004052,Stephen Davis,RB,CAR,2005,13,13,0.0,13.77,0.0,nan,nan,nan,0,,,,,,,,,,,179,3.05,0.067,-0.1154,0.1732,0.0335,0,5,,,9.0,,,0.0,,,,,0,0,14,,,,136.1,,,,,,,,,,,
00-0017915,Ricky Williams,RB,MIA,2005,12,9,0.0,14.0,0.0,nan,nan,nan,0,,,,,,,,,,,168,4.42,0.0357,-0.0111,0.2202,0.0952,0,17,,,5.47,,,0.0,,,,,1,12,0,,,,134.6,,,,,,,,,,,
00-0020474,Kevan Barlow,RB,SF,2005,12,12,0.0,14.67,0.0,nan,nan,nan,0,,,,,,,,,,,176,3.3,0.017,-0.1955,0.1136,0.0852,0,31,,,7.77,,,0.0,,,,,1,0,16,,,,129.2,,,,,,,,,,,
00-0007661,Priest Holmes,RB,KC,2005,7,7,0.0,17.0,0.0,nan,nan,nan,0,,,,,,,,,,,119,3.79,0.0504,0.0243,0.2437,0.1176,0,21,,,9.38,,,0.0,,,,,0,0,9,,,,127.8,,,,,,,,,,,
00-0022782,Kevin Jones,RB,DET,2005,13,12,0.0,14.31,0.0,nan,nan,nan,0,,,,,,,,,,,186,3.57,0.0269,-0.064,0.1344,0.0591,0,20,,,5.45,,,0.0,,,,,0,17,0,,,,127.3,,,,,,,,,,,
00-0022926,Chris Perry,RB,CIN,2005,13,12,0.0,4.69,0.0,nan,nan,nan,0,,,,,,,,,,,61,4.57,0.0,-0.0013,0.2459,0.1639,0,51,,,6.43,,,0.0,,,,,1,17,0,,,,121.7,,,,,,,,,,,
00-0013013,Michael Pittman,RB,TB,2005,15,12,0.0,4.67,0.0,nan,nan,nan,0,,,,,,,,,,,70,6.23,0.0143,0.0042,0.1429,0.1286,0,36,,,8.33,,,0.0,,,,,0,17,0,,,,121.6,,,,,,,,,,,
00-0021314,Chester Taylor,RB,BAL,2005,14,11,0.0,8.36,0.0,nan,nan,nan,0,,,,,,,,,,,117,4.16,0.0,-0.0856,0.2479,0.1282,0,41,,,7.12,,,0.0,,,,,2,17,0,,,,120.9,,,,,,,,,,,
00-0016098,Fred Taylor,RB,JAX,2005,11,9,0.0,17.64,0.0,nan,nan,nan,0,,,,,,,,,,,194,4.06,0.0155,-0.088,0.134,0.1082,0,13,,,6.38,,,0.0,,,,,0,17,0,,,,118.0,,,,,,,,,,,
00-0023074,Samkon Gado,RB,GB,2005,8,7,0.12,17.88,0.0,nan,nan,nan,1,0.0,0.0,0.0,0.0,0.0,-0.3901,0.0,,0.0,0.0,143,4.07,0.042,0.0141,0.2028,0.1119,0,10,,,7.7,,,0.0,,,,,1,10,0,,,,115.9,,,,,,,,,,,
00-0023544,Marion Barber,RB,DAL,2005,12,9,0.0,11.5,0.0,nan,nan,nan,0,,,,,1.0,-1.1181,,,,,138,3.9,0.0362,-0.0572,0.2029,0.1087,0,18,,,6.39,,,0.0,,,,,0,17,0,,,,113.3,,,,,,,,,,,
00-0020964,Tony Fisher,RB,GB,2005,11,8,0.09,5.45,0.0,nan,nan,nan,1,1.0,14.0,0.0,0.0,0.0,1.1925,0.0,,1.0,0.0,60,2.88,0.0167,-0.1998,0.15,0.0333,0,48,,,7.23,,,0.0,,,,,0,17,0,,,,112.6,,,,,,,,,,,
00-0020514,Michael Bennett,RB,MIN,2005,16,13,0.0,7.88,0.0,nan,nan,nan,0,,,,,,,,,,,126,3.75,0.0238,-0.2577,0.1667,0.119,0,27,,,4.59,,,0.0,,,,,4,17,0,,,,108.7,,,,,,,,,,,
00-0005092,Marshall Faulk,RB,LA,2005,14,11,0.0,4.64,0.0,nan,nan,nan,0,,,,,,,,,,,65,4.49,0.0,-0.1531,0.2308,0.2,0,44,,,6.61,,,0.0,,,,,1,17,0,,,,108.3,,,,,,,,,,,
00-0023500,Frank Gore,RB,SF,2005,14,11,0.0,9.07,0.0,nan,nan,nan,0,,,,,,,,,,,127,4.79,0.0236,-0.0136,0.2047,0.0945,0,15,,,8.73,,,0.0,,,,,2,17,0,,,,102.9,,,,,,,,,,,
00-0002159,Shawn Bryson,RB,DET,2005,16,13,0.0,4.0,0.0,nan,nan,nan,0,,,,,,,,,,,64,4.78,0.0156,-0.0608,0.1875,0.0938,0,37,,,7.68,,,0.0,,,,,1,17,0,,,,100.0,,,,,,,,,,,
00-0020022,Marcel Shipp,RB,ARI,2005,15,12,0.0,10.47,0.0,nan,nan,nan,0,,,,,,,,,,,157,2.87,0.0,-0.292,0.1465,0.0764,0,35,,,7.29,,,0.0,,,,,3,17,0,,,,99.6,,,,,,,,,,,
00-0001215,Jerome Bettis,RB,PIT,2005,12,9,0.0,9.17,0.0,nan,nan,nan,0,,,,,,,,,,,110,3.35,0.0818,0.0421,0.2727,0.0636,0,4,,,10.0,,,0.0,,,,,0,17,0,,,,98.8,,,,,,,,,,,
00-0015091,Antowain Smith,RB,NO,2005,16,13,0.0,10.38,0.0,nan,nan,nan,0,,,,,,,,,,,166,3.97,0.0181,-0.1983,0.1386,0.0904,0,12,,,3.83,,,0.0,,,,,2,17,0,,,,96.5,,,,,,,,,,,
00-0021223,Jonathan Wells,RB,HOU,2005,11,9,0.0,8.18,0.0,nan,nan,nan,0,,,,,,,,,,,90,3.61,0.0444,-0.0768,0.2222,0.0889,0,22,,,8.14,,,0.0,,,,,0,0,16,,,,96.4,,,,,,,,,,,
00-0015601,Aaron Stecker,RB,NO,2005,13,10,0.0,7.31,0.0,nan,nan,nan,0,,,,,,,,,,,95,3.82,0.0,-0.1556,0.2316,0.1053,0,35,,,8.03,,,0.0,,,,,2,17,0,,,,95.4,,,,,,,,,,,
00-0021376,T.J. Duckett,RB,ATL,2005,14,11,0.0,8.64,0.0,nan,nan,nan,0,,,,,,,,,,,121,3.14,0.0661,-0.3099,0.1983,0.0826,0,6,,,10.5,,,0.0,,,,,2,17,0,,,,94.3,,,,,,,,,,,
00-0022006,Artose Pinner,RB,DET,2005,13,11,0.0,8.15,0.0,nan,nan,nan,0,,,,,,,,,,,106,3.29,0.0283,-0.1086,0.1981,0.0472,0,21,,,8.62,,,0.0,,,,,0,17,0,,,,92.0,,,,,,,,,,,
00-0023479,J.J. Arrington,RB,ARI,2005,15,12,0.0,7.47,0.0,nan,nan,nan,0,,,,,,,,,,,112,3.3,0.0179,-0.2324,0.1429,0.0893,0,25,,,5.56,,,0.0,,,,,1,17,0,,,,85.9,,,,,,,,,,,
00-0019533,Patrick Pass,RB,NE,2005,9,7,0.0,6.0,0.0,nan,nan,nan,0,,,,,,,,,,,54,4.54,0.0556,-0.0388,0.2407,0.1667,0,22,,,10.32,,,0.0,,,,,1,17,0,,,,85.2,,,,,,,,,,,
00-0020527,Deuce McAllister,RB,NO,2005,5,5,0.0,18.6,0.0,nan,nan,nan,0,,,,,,,,,,,93,3.6,0.0323,-0.1065,0.2258,0.0968,0,17,,,6.88,,,0.0,,,,,0,0,5,,,,80.2,,,,,,,,,,,
00-0023561,Alvin Pearman,RB,JAX,2005,12,10,0.0,3.25,0.0,nan,nan,nan,0,,,,,,,,,,,39,3.82,0.0256,-0.1301,0.1538,0.1026,0,32,,,7.5,,,0.0,,,,,2,17,0,,,,72.9,,,,,,,,,,,
00-0021260,Kyle Johnson,RB,DEN,2005,3,3,0.0,1.33,0.0,nan,nan,nan,0,,,,,,,,,,,4,2.25,0.25,0.2286,0.75,0.0,0,17,,,9.41,,,0.0,,,,,0,17,0,,,,69.9,,,,,,,,,,,
00-0021184,Ladell Betts,RB,WAS,2005,12,9,0.0,7.42,0.0,nan,nan,nan,0,,,,,,,,,,,89,3.8,0.0112,-0.164,0.191,0.1124,0,10,,,7.8,,,0.0,,,,,2,17,0,,,,65.6,,,,,,,,,,,
00-0020797,Maurice Hicks,RB,SF,2005,7,4,0.0,8.43,0.0,nan,nan,nan,0,,,,,,,,,,,59,5.22,0.0508,0.1308,0.2203,0.1017,0,12,,,3.92,,,0.0,,,,,0,17,0,,,,65.5,,,,,,,,,,,
00-0005091,Kevin Faulk,RB,NE,2005,8,5,0.0,6.38,0.0,nan,nan,nan,0,,,,,,,,,,,51,2.82,0.0,-0.3211,0.098,0.0196,0,29,,,8.97,,,0.0,,,,,2,17,0,,,,65.4,,,,,,,,,,,
00-0000552,Obafemi Ayanbadejo,RB,ARI,2005,10,8,0.0,2.2,0.0,nan,nan,nan,0,,,,,,,,,,,22,2.09,0.0,-0.365,0.1818,0.0455,0,34,,,6.79,,,0.0,,,,,1,17,0,,,,63.7,,,,,,,,,,,
00-0021306,Adrian Peterson,RB,CHI,2005,11,8,0.0,6.91,0.0,nan,nan,nan,0,,,,,,,,,,,76,5.14,0.0263,0.0329,0.2763,0.1053,0,7,,,6.86,,,0.0,,,,,0,17,0,,,,62.9,,,,,,,,,,,
00-0006305,Ahman Green,RB,GB,2005,5,5,0.0,15.4,0.0,nan,nan,nan,0,,,,,,,,,,,77,3.31,0.0,-0.1332,0.1429,0.0779,0,19,,,7.74,,,0.0,,,,,0,0,7,,,,59.2,,,,,,,,,,,
00-0019863,Dominic Rhodes,RB,IND,2005,9,7,0.0,4.44,0.0,nan,nan,nan,0,,,,,,,,,,,40,2.95,0.1,0.008,0.275,0.1,0,13,,,6.77,,,0.0,,,,,0,17,0,,,,57.6,,,,,,,,,,,
00-0020471,Travis Henry,RB,TEN,2005,9,7,0.0,9.78,0.0,nan,nan,nan,0,,,,,,,,,,,88,3.81,0.0,-0.1626,0.125,0.1023,0,13,,,9.0,,,0.0,,,,,1,13,0,,,,56.2,,,,,,,,,,,
00-0023615,Cedric Houston,RB,NYJ,2005,7,4,0.0,11.57,0.0,nan,nan,nan,0,,,,,,,,,,,81,3.73,0.0247,-0.0579,0.1852,0.0617,0,8,,,8.25,,,0.0,,,,,1,17,0,,,,54.8,,,,,,,,,,,
00-0022011,Justin Griffith,RB,ATL,2005,5,5,0.0,3.0,0.0,nan,nan,nan,0,,,,,,,,,,,15,4.33,0.0,-0.0219,0.2,0.0667,0,21,,,5.29,,,0.0,,,,,1,17,0,,,,54.6,,,,,,,,,,,
00-0022821,Michael Turner,RB,LAC,2005,11,9,0.0,5.18,0.0,nan,nan,nan,0,,,,,,,,,,,57,5.88,0.0526,0.1662,0.193,0.0877,0,0,,,,,,,,,,,0,17,0,,,,51.5,,,,,,,,,,,
00-0003663,Zack Crockett,RB,LV,2005,13,10,0.0,4.62,0.0,nan,nan,nan,0,,,,,,,,,,,60,3.47,0.0167,-0.1765,0.2,0.0667,0,13,,,8.54,,,0.0,,,,,0,17,0,,,,50.9,,,,,,,,,,,
00-0023545,Brandon Jacobs,RB,NYG,2005,13,11,0.0,2.92,0.0,nan,nan,nan,0,,,,,,,,,,,38,2.61,0.1842,-0.1137,0.5,0.0526,0,0,,,,,,,,,,,1,17,0,,,,49.9,,,,,,,,,,,
00-0023508,Vernand Morency,RB,HOU,2005,6,3,0.0,7.67,0.0,nan,nan,nan,0,,,,,,,,,,,46,4.0,0.0435,-0.032,0.1522,0.087,0,10,,,8.7,,,0.0,,,,,0,17,0,,,,49.1,,,,,,,,,,,
00-0023512,Ryan Moats,RB,PHI,2005,6,3,0.0,9.17,0.0,nan,nan,nan,0,,,,,,,,,,,55,5.05,0.0545,-0.1632,0.2182,0.1636,0,4,,,1.75,,,0.0,,,,,1,17,0,,,,48.5,,,,,,,,,,,
00-0022538,Shaud Williams,RB,BUF,2005,13,11,0.0,3.46,0.0,nan,nan,nan,0,,,,,,,,,,,45,3.58,0.0,-0.2731,0.1556,0.1111,0,17,,,6.94,,,0.0,,,,,0,17,0,,,,44.9,,,,,,,,,,,
00-0021182,Maurice Morris,RB,SEA,2005,11,8,0.0,6.45,0.0,nan,nan,nan,0,,,,,,,,,,,71,4.06,0.0141,-0.0718,0.2394,0.1549,0,5,,,9.6,,,0.0,,,,,0,17,0,,,,44.6,,,,,,,,,,,
00-0022057,LaBrandon Toefield,RB,JAX,2005,5,3,0.0,7.2,0.0,nan,nan,nan,0,,,,,,,,,,,36,3.94,0.1111,0.0269,0.1944,0.0833,0,3,,,5.67,,,0.0,,,,,0,17,0,,,,42.9,,,,,,,,,,,
00-0019831,Nick Goings,RB,CAR,2005,11,8,0.0,3.36,0.0,nan,nan,nan,0,,,,,,,,,,,37,3.59,0.0,-0.2354,0.1622,0.1081,0,14,,,10.79,,,0.0,,,,,0,17,0,,,,42.4,,,,,,,,,,,
00-0021209,Lamar Gordon,RB,PHI,2005,12,11,0.0,4.5,0.0,nan,nan,nan,0,,,,,,,,,,,54,3.37,0.0185,-0.1772,0.2037,0.037,0,11,,,7.18,,,0.0,,,,,2,17,0,,,,39.1,,,,,,,,,,,
00-0019643,Ron Dayne,RB,DEN,2005,8,6,0.0,6.62,0.0,nan,nan,nan,0,,,,,,,,,,,53,5.09,0.0189,-0.0282,0.2642,0.1509,0,3,,,5.67,,,0.0,,,,,1,17,0,,,,35.7,,,,,,,,,,,
00-0021357,Rock Cartwright,RB,WAS,2005,7,6,0.0,3.86,0.0,nan,nan,nan,0,,,,,,,,,,,27,7.37,0.0741,-0.1635,0.3704,0.1852,0,2,,,11.5,,,0.0,,,,,1,17,0,,,,34.2,,,,,,,,,,,
00-0022255,Jarrett Payton,RB,TEN,2005,8,7,0.0,4.12,0.0,nan,nan,nan,0,,,,,,,,,,,33,3.18,0.0606,-0.2228,0.2121,0.0909,0,6,,,5.0,,,0.0,,,,,0,14,0,,,,31.5,,,,,,,,,,,
00-0015523,Duce Staley,RB,PIT,2005,4,4,0.0,9.5,0.0,nan,nan,nan,0,,,,,,,,,,,38,3.89,0.0263,-0.0401,0.2368,0.1053,0,6,,,5.67,,,0.0,,,,,0,17,0,,,,30.2,,,,,,,,,,,
00-0023547,Ciatrick Fason,RB,MIN,2005,9,6,0.0,3.56,0.0,nan,nan,nan,0,,,,,,,,,,,32,1.94,0.125,-0.2063,0.375,0.0312,0,0,,,,,,,,,,,0,17,0,,,,30.2,,,,,,,,,,,
00-0021509,Reno Mahe,RB,PHI,2005,6,4,0.0,3.33,0.0,nan,nan,nan,0,,,,,,,,,,,20,4.35,0.0,-0.0521,0.15,0.15,0,12,,,5.67,,,0.0,,,,,0,17,0,,,,27.5,,,,,,,,,,,
00-0023439,Cedric Benson,RB,CHI,2005,9,8,0.0,7.44,0.0,nan,nan,nan,0,,,,,,,,,,,67,4.06,0.0,-0.262,0.1791,0.1045,0,1,,,3.0,,,0.0,,,,,1,17,0,,,,26.5,,,,,,,,,,,
00-0019484,Sammy Morris,RB,MIA,2005,4,3,0.0,4.0,0.0,nan,nan,nan,0,,,,,,,,,,,16,3.62,0.0625,0.0302,0.1875,0.0,0,8,,,6.75,,,0.0,,,,,0,17,0,,,,25.2,,,,,,,,,,,
00-0021252,Najeh Davenport,RB,GB,2005,5,5,0.0,6.0,0.0,nan,nan,nan,0,,,,,,,,,,,30,3.5,0.0667,-0.0369,0.3,0.0667,0,2,,,1.5,,,0.0,,,,,0,0,5,,,,24.8,,,,,,,,,,,
00-0023676,Noah Herron,RB,GB,2005,4,1,0.0,12.0,0.0,nan,nan,nan,0,,,,,,,,,,,48,2.56,0.0417,-0.1633,0.1875,0.0625,0,0,,,,,,,,,,,0,2,0,,,,24.3,,,,,,,,,,,
00-0023192,Tyson Thompson,RB,DAL,2005,8,8,0.0,5.75,0.0,nan,nan,nan,0,,,,,,,,,,,46,3.96,0.0,-0.04,0.1957,0.1087,0,3,,,5.33,,,0.0,,,,,0,17,0,,,,22.8,,,,,,,,,,,
00-0008196,Terry Jackson,RB,SF,2005,2,1,0.0,1.0,0.0,nan,nan,nan,0,,,,,,,,,,,2,5.5,0.0,-0.4044,0.0,0.5,0,10,,,6.7,,,0.0,,,,,0,17,0,,,,19.8,,,,,,,,,,,
00-0021750,Arlen Harris,RB,LA,2005,2,0,0.0,6.5,0.0,nan,nan,nan,0,,,,,,,,,,,13,1.62,0.0769,-0.3667,0.1538,0.0769,0,4,,,8.5,,,0.0,,,,,0,17,0,,,,17.5,,,,,,,,,,,
00-0021150,William Green,RB,CLE,2005,6,6,0.0,3.33,0.0,nan,nan,nan,0,,,,,,,,,,,20,3.9,0.0,-0.1588,0.2,0.1,0,5,,,6.0,,,0.0,,,,,0,17,0,,,,15.8,,,,,,,,,,,
00-0022770,Derrick Ward,RB,NYG,2005,10,9,0.0,3.5,0.0,nan,nan,nan,0,,,,,,,,,,,35,3.51,0.0,-0.1478,0.2,0.0857,0,2,,,6.5,,,0.0,,,,,0,0,16,,,,15.6,,,,,,,,,,,
00-0017892,Moe Williams,RB,MIN,2005,5,5,0.0,2.6,0.0,nan,nan,nan,0,,,,,,,,,,,13,1.54,0.0,-0.354,0.1538,0.0,0,8,,,6.5,,,0.0,,,,,0,0,10,,,,15.2,,,,,,,,,,,
00-0019794,Aveion Cason,RB,LA,2005,1,0,0.0,10.0,0.0,nan,nan,nan,0,,,,,,,,,,,10,6.5,0.1,0.409,0.3,0.3,0,1,,,11.0,,,0.0,,,,,0,17,0,,,,14.6,,,,,,,,,,,
00-0020403,Anthony Thomas,RB,DAL,2005,9,7,0.0,4.78,0.0,nan,nan,nan,0,,,,,,,,,,,43,2.14,0.0,-0.29,0.1163,0.0233,0,4,,,3.25,,,0.0,,,,,0,7,0,,,,14.5,,,,,,,,,,,
00-0020376,Dee Brown,RB,KC,2005,5,4,0.0,1.4,0.0,nan,nan,nan,0,,,,,,,,,,,7,3.0,0.0,-0.1815,0.0,0.0,0,3,,,7.67,,,0.0,,,,,0,8,0,,,,13.4,,,,,,,,,,,
00-0022288,Jason Wright,RB,CLE,2005,2,2,0.0,5.5,0.0,nan,nan,nan,0,,,,,,,,,,,11,2.45,0.0909,-0.2391,0.0909,0.0,0,3,,,5.0,,,0.0,,,,,0,0,0,,,,13.2,,,,,,,,,,,
00-0023591,Justin Green,RB,BAL,2005,1,1,0.0,5.0,0.0,nan,nan,nan,0,,,,,,,,,,,5,0.8,0.0,-0.3346,0.0,0.0,0,7,,,4.57,,,0.0,,,,,0,17,0,,,,12.6,,,,,,,,,,,
00-0019673,Paul Smith,RB,DET,2005,2,1,0.0,2.0,0.0,nan,nan,nan,0,,,,,,,,,,,4,4.0,0.0,0.1952,0.25,0.0,0,6,,,8.17,,,0.0,,,,,1,17,0,,,,10.5,,,,,,,,,,,
00-0020587,Jamal Robertson,RB,CAR,2005,2,1,0.0,7.0,0.0,nan,nan,nan,0,,,,,,,,,,,14,2.93,0.0714,-0.0799,0.2143,0.0714,0,0,,,,,,,,,,,0,17,0,,,,10.1,,,,,,,,,,,
00-0022180,Lee Suggs,RB,CLE,2005,4,1,0.0,2.0,0.0,nan,nan,nan,0,,,,,,,,,,,8,1.88,0.0,-0.2851,0.125,0.0,0,6,,,4.33,,,0.0,,,,,0,17,0,,,,10.1,,,,,,,,,,,
00-0020315,Derrick Blaylock,RB,NYJ,2005,6,4,0.0,2.83,0.0,nan,nan,nan,0,,,,,,,,,,,17,3.12,0.0,-0.1168,0.1765,0.0588,0,3,,,5.67,,,0.0,,,,,0,17,0,,,,10.0,,,,,,,,,,,
00-0022431,Ran Carthon,RB,IND,2005,3,3,0.0,4.33,0.0,nan,nan,nan,0,,,,,,,,,,,13,1.38,0.0769,-0.2716,0.2308,0.0,0,1,,,10.0,,,0.0,,,,,0,0,0,,,,9.8,,,,,,,,,,,
00-0023564,Darren Sproles,RB,LAC,2005,6,6,0.0,1.33,0.0,nan,nan,nan,0,,,,,,,,,,,8,6.25,0.0,0.1639,0.25,0.25,0,3,,,3.33,,,0.0,,,,,0,17,0,,,,9.0,,,,,,,,,,,
00-0020805,Jason McKie,RB,CHI,2005,1,0,0.0,3.0,0.0,nan,nan,nan,0,,,,,,,,,,,3,7.33,0.0,0.389,0.3333,0.3333,0,4,,,3.75,,,0.0,,,,,0,8,0,,,,7.7,,,,,,,,,,,
00-0023576,Damien Nash,RB,TEN,2005,1,0,0.0,6.0,0.0,nan,nan,nan,0,,,,,,,,,,,6,5.33,0.0,0.2844,0.3333,0.0,0,3,,,4.67,,,0.0,,,,,0,17,0,,,,7.6,,,,,,,,,,,
00-0022733,Bruce Perry,RB,PHI,2005,2,0,0.0,8.0,0.0,nan,nan,nan,0,,,,,,,,,,,16,4.62,0.0,0.0078,0.1875,0.125,0,0,,,,,,,,,,,0,2,0,,,,7.4,,,,,,,,,,,
00-0020700,James Mungro,RB,IND,2005,5,3,0.0,1.4,0.0,nan,nan,nan,0,,,,,,,,,,,7,2.14,0.0,-0.8548,0.1429,0.0,0,3,,,9.33,,,0.0,,,,,0,17,0,,,,7.3,,,,,,,,,,,
00-0021755,Earnest Graham,RB,TB,2005,3,3,0.0,9.33,0.0,nan,nan,nan,0,,,,,,,,,,,28,2.96,0.0,-0.2774,0.1429,0.0357,0,0,,,,,,,,,,,1,17,0,,,,6.3,,,,,,,,,,,
00-0020430,James Jackson,RB,ARI,2005,4,4,0.0,1.0,0.0,nan,nan,nan,0,,,,,,,,,,,4,2.75,0.0,-0.3,0.0,0.0,0,2,,,15.5,,,0.0,,,,,0,17,0,,,,6.2,,,,,,,,,,,
00-0003136,Mike Cloud,RB,NE,2005,6,5,0.0,4.0,0.0,nan,nan,nan,0,,,,,,,,,,,24,2.46,0.0,-0.3809,0.0417,0.0417,0,0,,,,,,,,,,,0,3,0,,,,5.9,,,,,,,,,,,
00-0021845,Cecil Sapp,RB,DEN,2005,1,1,0.0,5.0,0.0,nan,nan,nan,0,,,,,,,,,,,5,4.2,0.0,0.0256,0.2,0.2,0,2,,,8.5,,,0.0,,,,,0,17,0,,,,5.8,,,,,,,,,,,
00-0022093,Justin Fargas,RB,LV,2005,4,2,0.0,1.25,0.0,nan,nan,nan,0,,,,,,,,,,,5,5.6,0.0,-0.1986,0.4,0.4,0,1,,,9.0,,,0.0,,,,,0,17,0,,,,4.7,,,,,,,,,,,
00-0018501,Amos Zereoue,RB,NE,2005,1,1,0.0,7.0,0.0,nan,nan,nan,0,,,,,,,,,,,7,2.0,0.0,-0.2392,0.2857,0.1429,0,1,,,5.0,,,0.0,,,,,0,0,0,,,,2.9,,,,,,,,,,,
00-0020448,Travis Minor,RB,MIA,2005,1,1,0.0,5.0,0.0,nan,nan,nan,0,,,,,,,,,,,5,3.4,0.0,-0.1846,0.0,0.0,0,1,,,0.0,,,0.0,,,,,0,17,0,,,,2.7,,,,,,,,,,,
00-0019057,Jamel White,RB,BAL,2005,1,0,0.0,6.0,0.0,nan,nan,nan,0,,,,,,,,,,,6,2.83,0.0,-0.3858,0.0,0.0,0,0,,,,,,,,,,,0,1,0,,,,1.7,,,,,,,,,,,
00-0021673,ReShard Lee,RB,GB,2005,4,4,0.0,2.75,0.0,nan,nan,nan,0,,,,,,,,,,,11,1.45,0.0,-0.6722,0.0909,0.0,0,1,,,5.0,,,0.0,,,,,1,0,0,,,,1.1,,,,,,,,,,,
00-0021048,Damien Anderson,RB,ARI,2005,1,0,0.0,2.0,0.0,nan,nan,nan,0,,,,,,,,,,,2,3.5,0.0,-0.3847,0.0,0.0,0,0,,,,,,,,,,,0,5,0,,,,0.7,,,,,,,,,,,
00-0019453,Rod Smart,RB,CAR,2005,1,0,0.0,3.0,0.0,nan,nan,nan,0,,,,,,,,,,,3,2.0,0.0,-0.5068,0.3333,0.0,0,0,,,,,,,,,,,0,17,0,,,,0.6,,,,,,,,,,,
00-0021936,Andrew Pinnock,RB,LAC,2005,1,1,0.0,1.0,0.0,nan,nan,nan,0,,,,,,,,,,,1,4.0,0.0,-0.0346,1.0,0.0,0,0,,,,,,,,,,,0,17,0,,,,0.4,,,,,,,,,,,
00-0023654,Nehemiah Broughton,RB,WAS,2005,1,1,0.0,1.0,0.0,nan,nan,nan,0,,,,,,,,,,,1,3.0,0.0,-0.5746,0.0,0.0,0,0,,,,,,,,,,,0,17,0,,,,0.3,,,,,,,,,,,
00-0017896,Nicolas Luchey,RB,CIN,2005,1,0,0.0,1.0,0.0,nan,nan,nan,0,,,,,,,,,,,1,0.0,0.0,-0.3762,0.0,0.0,0,0,,,,,,,,,,,0,16,0,,,,0.0,,,,,,,,,,,
00-0014655,Mike Sellers,TE,WAS,2005,1,1,0.0,1.0,0.0,nan,nan,nan,0,,,,,,,,,,,1,1.0,1.0,0.6735,1.0,0.0,0,12,,,6.0,,,0.0,,,,,0,17,0,,,,67.3,,,,,,,,,,,
00-0020342,Brandon Manumaleuna,TE,LA,2005,1,1,0.0,1.0,0.0,nan,nan,nan,0,,,,,,,,,,,1,2.0,0.0,1.467,1.0,0.0,0,13,,,9.92,,,0.0,,,,,2,17,0,,,,28.1,,,,,,,,,,,
00-0022714,Kris Wilson,TE,KC,2005,1,1,0.0,1.0,0.0,nan,nan,nan,0,,,,,,,,,,,1,6.0,0.0,-0.0138,0.0,0.0,0,3,,,11.0,,,0.0,,,,,0,0,16,,,,6.9,,,,,,,,,,,
00-0020337,Steve Smith,WR,CAR,2005,3,1,0.0,1.33,0.0,nan,nan,nan,0,,,,,,,,,,,4,6.25,0.25,0.4467,0.5,0.25,0,103,,,15.17,,,0.0,,,,,0,17,0,,,,339.8,,,,,,,,,,,
00-0022921,Larry Fitzgerald,WR,ARI,2005,6,6,0.0,1.33,0.0,nan,nan,nan,0,,,,,,,,,,,8,5.12,0.0,0.1346,0.375,0.25,0,103,,,13.68,,,0.0,,,,,0,17,0,,,,308.0,,,,,,,,,,,
00-0020397,Chad Johnson,WR,CIN,2005,5,3,0.0,1.0,0.0,nan,nan,nan,0,,,,,,,,,,,5,6.6,0.0,0.3632,0.4,0.2,0,97,,,14.76,,,0.0,,,,,0,17,0,,,,297.5,,,,,,,,,,,
00-0022084,Anquan Boldin,WR,ARI,2005,8,7,0.12,1.5,0.0,nan,nan,nan,1,0.0,0.0,0.0,0.0,0.0,-0.8342,0.0,,0.0,0.0,12,3.75,0.0,-0.1169,0.1667,0.0833,0,102,,,13.71,,,0.0,,,,,1,17,0,,,,288.3,,,,,,,,,,,
00-0007681,Torry Holt,WR,LA,2005,1,0,0.0,1.0,0.0,nan,nan,nan,0,,,,,,,,,,,1,2.0,0.0,-0.1307,0.0,0.0,0,102,,,13.05,,,0.0,,,,,1,17,0,,,,287.3,,,,,,,,,,,
00-0020494,Santana Moss,WR,WAS,2005,3,2,0.0,1.0,0.0,nan,nan,nan,0,,,,,,,,,,,3,-1.0,0.0,-0.7707,0.0,0.0,0,84,,,17.65,,,0.0,,,,,1,17,0,,,,284.0,,,,,,,,,,,
00-0005720,Joey Galloway,WR,TB,2005,2,2,0.0,1.0,0.0,nan,nan,nan,0,,,,,,,,,,,2,2.0,0.0,-0.8356,0.0,0.0,0,83,,,15.51,,,0.0,,,,,0,17,0,,,,272.1,,,,,,,,,,,
00-0020446,Chris Chambers,WR,MIA,2005,7,6,0.0,1.71,0.0,nan,nan,nan,0,,,,,,,,,,,12,7.67,0.0,0.066,0.3333,0.25,0,82,,,13.63,,,0.0,,,,,2,17,0,,,,265.0,,,,,,,,,,,
00-0004541,Donald Driver,WR,GB,2005,2,2,0.0,1.0,0.0,nan,nan,nan,0,,,,,,,,,,,2,6.5,0.0,0.3473,0.0,0.0,0,86,,,14.2,,,0.0,,,,,0,17,0,,,,239.4,,,,,,,,,,,
00-0017162,Hines Ward,WR,PIT,2005,3,3,0.0,1.0,0.0,nan,nan,nan,0,,,,,,,,,,,3,3.33,0.0,-1.339,0.3333,0.0,0,69,,,14.13,,,0.0,,,,,1,17,0,,,,231.5,,,,,,,,,,,
00-0015290,Rod Smith,WR,DEN,2005,2,2,0.5,0.5,0.0,nan,nan,nan,1,0.0,0.0,0.0,0.0,0.5,-1.0618,0.0,,0.0,0.0,1,7.0,0.0,0.2963,0.0,0.0,0,85,,,13.0,,,0.0,,,,,2,17,0,,,,228.2,,,,,,,,,,,
00-0020438,T.J. Houshmandzadeh,WR,CIN,2005,7,7,0.0,1.14,0.0,nan,nan,nan,0,,,,,,,,,,,8,7.75,0.125,0.4593,0.375,0.25,0,78,,,12.26,,,0.0,,,,,1,17,0,,,,225.8,,,,,,,,,,,
00-0006043,Terry Glenn,WR,DAL,2005,2,2,0.0,1.0,0.0,nan,nan,nan,0,,,,,,,,,,,2,-2.0,0.5,0.1622,0.5,0.0,0,62,,,18.32,,,0.0,,,,,0,17,0,,,,223.2,,,,,,,,,,,
00-0010668,Keenan McCardell,WR,LAC,2005,2,2,0.0,1.5,0.0,nan,nan,nan,0,,,,,,,,,,,3,0.67,0.0,-0.5577,0.0,0.0,0,70,,,13.1,,,0.0,,,,,0,17,0,,,,215.9,,,,,,,,,,,
00-0009163,Eddie Kennison,WR,KC,2005,6,6,0.0,1.17,0.0,nan,nan,nan,0,,,,,,,,,,,7,6.14,0.0,0.0224,0.2857,0.2857,0,68,,,16.21,,,0.0,,,,,1,17,0,,,,210.5,,,,,,,,,,,
00-0021147,Donte' Stallworth,WR,NO,2005,2,1,0.0,1.0,0.0,nan,nan,nan,0,,,,,,,,,,,2,1.0,0.0,-2.2026,0.0,0.0,0,70,,,13.5,,,0.0,,,,,1,17,0,,,,204.7,,,,,,,,,,,
00-0019703,Jerry Porter,WR,LV,2005,1,1,0.0,1.0,0.0,nan,nan,nan,0,,,,,,,,,,,1,-8.0,0.0,-1.2935,0.0,0.0,0,76,,,12.39,,,0.0,,,,,0,17,0,,,,199.4,,,,,,,,,,,
00-0021191,Antonio Bryant,WR,CLE,2005,1,1,0.0,1.0,0.0,nan,nan,nan,0,,,,,,,,,,,1,3.0,0.0,-0.0972,0.0,0.0,0,69,,,14.62,,,0.0,,,,,1,17,0,,,,192.2,,,,,,,,,,,
00-0008561,Keyshawn Johnson,WR,DAL,2005,2,2,0.5,0.5,0.0,nan,nan,nan,1,0.0,0.0,0.0,0.0,0.0,-0.3752,0.0,,0.0,0.0,1,3.0,0.0,-0.0865,0.0,0.0,0,71,,,11.82,,,0.0,,,,,3,17,0,,,,187.2,,,,,,,,,,,
00-0022001,Kevin Curtis,WR,LA,2005,1,1,0.0,1.0,0.0,nan,nan,nan,0,,,,,,,,,,,1,5.0,1.0,1.3607,1.0,0.0,0,61,,,13.48,,,0.0,,,,,1,17,0,,,,183.7,,,,,,,,,,,
00-0022910,Lee Evans,WR,BUF,2005,4,3,0.0,1.0,0.0,nan,nan,nan,0,,,,,,,,,,,4,9.5,0.0,0.5009,0.5,0.25,0,49,,,15.16,,,0.0,,,,,0,17,0,,,,169.1,,,,,,,,,,,
00-0012478,Terrell Owens,WR,PHI,2005,1,1,0.0,1.0,0.0,nan,nan,nan,0,,,,,,,,,,,1,2.0,0.0,-0.4516,0.0,0.0,0,47,,,16.23,,,0.0,,,,,0,14,0,,,,159.5,,,,,,,,,,,
00-0019976,Drew Bennett,WR,TEN,2005,2,1,0.5,0.5,0.0,nan,nan,nan,1,0.0,0.0,0.0,0.0,0.0,-0.3875,0.0,,0.0,0.0,1,3.0,0.0,-0.3704,0.0,0.0,0,58,,,12.72,,,0.0,,,,,0,17,0,,,,156.1,,,,,,,,,,,
00-0020904,Eric Parker,WR,LAC,2005,4,4,0.0,1.0,0.0,nan,nan,nan,0,,,,,,,,,,,4,13.75,0.0,0.8406,0.75,0.75,0,57,,,12.72,,,0.0,,,,,0,17,0,,,,153.0,,,,,,,,,,,
00-0021353,David Givens,WR,NE,2005,1,0,0.0,2.0,0.0,nan,nan,nan,0,,,,,,,,,,,2,6.5,0.0,0.1696,0.0,0.0,0,59,,,12.51,,,0.0,,,,,0,17,0,,,,146.1,,,,,,,,,,,
00-0022044,Andre Johnson,WR,HOU,2005,5,3,0.0,1.2,0.0,nan,nan,nan,0,,,,,,,,,,,6,1.67,0.0,-0.7978,0.1667,0.0,0,63,,,10.92,,,0.0,,,,,1,17,0,,,,142.8,,,,,,,,,,,
00-0019997,Antonio Chatman,WR,GB,2005,8,6,0.0,1.0,0.0,nan,nan,nan,0,,,,,,,,,,,8,4.25,0.0,-0.0954,0.375,0.375,0,49,,,11.2,,,0.0,,,,,0,17,0,,,,137.3,,,,,,,,,,,
00-0019721,Travis Taylor,WR,MIN,2005,2,1,0.0,1.0,0.0,nan,nan,nan,0,,,,,,,,,,,2,1.5,0.0,-0.3762,0.0,0.0,0,50,,,12.08,,,0.0,,,,,0,17,0,,,,134.7,,,,,,,,,,,
00-0021152,Ashley Lelie,WR,DEN,2005,4,2,0.0,1.25,0.0,nan,nan,nan,0,,,,,,,,,,,5,16.8,0.0,1.025,1.0,0.6,0,42,,,18.33,,,0.0,,,,,0,17,0,,,,133.4,,,,,,,,,,,
00-0020381,Justin McCareins,WR,NYJ,2005,1,1,0.0,1.0,0.0,nan,nan,nan,0,,,,,,,,,,,1,8.0,0.0,0.768,0.0,0.0,0,43,,,16.58,,,0.0,,,,,0,17,0,,,,127.1,,,,,,,,,,,
00-0001477,Marty Booker,WR,MIA,2005,1,1,1.0,0.0,0.0,nan,nan,nan,1,0.0,0.0,0.0,0.0,0.0,-0.5992,0.0,,0.0,0.0,0,,,,,,0,39,,,17.59,,,0.0,,,,,0,17,0,,,,125.6,,,,,,,,,,,
00-0023470,Reggie Brown,WR,PHI,2005,1,0,0.0,1.0,0.0,nan,nan,nan,0,,,,,,,,,,,1,5.0,0.0,-0.5827,0.0,0.0,0,43,,,13.28,,,0.0,,,,,0,17,0,,,,124.6,,,,,,,,,,,
00-0021190,Antwaan Randle El,WR,PIT,2005,10,7,0.3,1.2,0.0,nan,nan,nan,3,1.0,22.33,0.3333,0.0,0.0,1.7798,0.0,,0.6667,0.3333,12,6.08,0.0,-0.0555,0.1667,0.1667,0,35,,,15.94,,,0.0,,,,,1,17,0,,,,120.8,,,,,,,,,,,
00-0021163,Jabar Gaffney,WR,HOU,2005,4,4,0.0,1.0,0.0,nan,nan,nan,0,,,,,,,,,,,4,3.25,0.0,-0.4688,0.25,0.25,0,55,,,8.95,,,0.0,,,,,0,17,0,,,,117.5,,,,,,,,,,,
00-0023456,Matt Jones,WR,JAX,2005,11,8,0.27,1.09,0.0,nan,nan,nan,3,0.6667,4.0,0.0,0.0,0.0,0.0253,0.0,,0.0,0.0,12,4.25,0.0,-0.1667,0.1667,0.1667,0,36,,,12.0,,,0.0,,,,,0,17,0,,,,114.8,,,,,,,,,,,
00-0023457,Mark Clayton,WR,BAL,2005,6,4,0.17,1.33,0.0,nan,nan,nan,1,0.0,0.0,0.0,0.0,0.0,-0.7216,0.0,,0.0,0.0,8,4.12,0.125,0.146,0.25,0.25,0,44,,,10.7,,,0.0,,,,,0,17,0,,,,112.4,,,,,,,,,,,
00-0021508,Greg Lewis,WR,PHI,2005,2,2,0.0,1.0,0.0,nan,nan,nan,0,,,,,,,,,,,2,6.5,0.0,-0.3966,0.0,0.0,0,48,,,11.69,,,0.0,,,,,0,17,0,,,,111.4,,,,,,,,,,,
00-0022102,Doug Gabriel,WR,LV,2005,1,1,0.0,1.0,0.0,nan,nan,nan,0,,,,,,,,,,,1,5.0,0.0,0.1111,0.0,0.0,0,37,,,14.97,,,0.0,,,,,0,17,0,,,,110.9,,,,,,,,,,,
00-0001627,Corey Bradford,WR,HOU,2005,1,0,0.0,1.0,0.0,nan,nan,nan,0,,,,,,,,,,,1,-2.0,0.0,-0.9428,0.0,0.0,0,34,,,12.82,,,0.0,,,,,0,17,0,,,,109.4,,,,,,,,,,,
00-0019650,Dennis Northcutt,WR,CLE,2005,2,2,0.0,1.0,0.0,nan,nan,nan,0,,,,,,,,,,,2,16.5,0.0,0.8294,0.5,0.5,0,42,,,10.5,,,0.0,,,,,0,17,0,,,,107.4,,,,,,,,,,,
00-0019663,Darrell Jackson,WR,SEA,2005,1,0,0.0,1.0,0.0,nan,nan,nan,0,,,,,,,,,,,1,7.0,0.0,0.3069,0.0,0.0,0,38,,,12.68,,,0.0,,,,,0,17,0,,,,104.9,,,,,,,,,,,
00-0019539,Dante Hall,WR,KC,2005,6,5,0.0,1.17,0.0,nan,nan,nan,0,,,,,,,,,,,7,1.57,0.0,-0.4554,0.0,0.0,0,34,,,12.82,,,0.0,,,,,0,17,0,,,,102.7,,,,,,,,,,,
00-0021981,Shaun McDonald,WR,LA,2005,1,1,0.0,1.0,0.0,nan,nan,nan,0,,,,,,,,,,,1,7.0,0.0,0.4283,1.0,0.0,0,46,,,11.37,,,0.0,,,,,0,17,0,,,,99.0,,,,,,,,,,,
00-0013268,Ricky Proehl,WR,CAR,2005,1,1,0.0,1.0,0.0,nan,nan,nan,0,,,,,,,,,,,1,-8.0,0.0,-1.8658,0.0,0.0,0,25,,,17.64,,,0.0,,,,,0,17,0,,,,92.3,,,,,,,,,,,
00-0023462,Roddy White,WR,ATL,2005,4,3,0.0,1.0,0.0,nan,nan,nan,0,,,,,,,,,,,4,3.0,0.0,-0.2244,0.25,0.25,0,29,,,15.38,,,0.0,,,,,1,17,0,,,,90.8,,,,,,,,,,,
00-0022156,Bryant Johnson,WR,ARI,2005,1,1,0.0,1.0,0.0,nan,nan,nan,0,,,,,,,,,,,1,0.0,0.0,-0.481,0.0,0.0,0,40,,,10.8,,,0.0,,,,,0,17,0,,,,89.2,,,,,,,,,,,
00-0021166,Josh Reed,WR,BUF,2005,1,0,0.0,1.0,0.0,nan,nan,nan,0,,,,,,,,,,,1,-3.0,0.0,-1.0609,0.0,0.0,0,32,,,14.03,,,0.0,,,,,0,17,0,,,,88.6,,,,,,,,,,,
00-0022064,Arnaz Battle,WR,SF,2005,5,4,0.4,1.6,0.0,nan,nan,nan,2,1.0,13.5,0.0,0.0,0.0,0.4968,0.0,,0.5,0.5,8,1.38,0.0,-0.3499,0.25,0.0,0,32,,,11.34,,,0.0,,,,,1,17,0,,,,86.5,,,,,,,,,,,
00-0021530,Scott Vines,WR,DET,2005,1,1,0.0,1.0,0.0,nan,nan,nan,0,,,,,,,,,,,1,7.0,0.0,0.3334,0.0,0.0,0,40,,,10.43,,,0.0,,,,,0,14,0,,,,82.4,,,,,,,,,,,
00-0022889,Reggie Williams,WR,JAX,2005,2,2,0.0,1.0,0.0,nan,nan,nan,0,,,,,,,,,,,2,1.5,0.0,-0.2658,0.5,0.5,0,35,,,12.71,,,0.0,,,,,1,17,0,,,,77.8,,,,,,,,,,,
00-0020490,Koren Robinson,WR,MIN,2005,3,3,0.0,1.33,0.0,nan,nan,nan,0,,,,,,,,,,,4,6.75,0.25,0.5332,0.25,0.25,0,22,,,15.77,,,0.0,,,,,0,16,0,,,,77.4,,,,,,,,,,,
00-0023442,Troy Williamson,WR,MIN,2005,3,2,0.0,1.0,0.0,nan,nan,nan,0,,,,,,,,,,,3,9.33,0.0,0.5193,0.6667,0.3333,0,24,,,15.5,,,0.0,,,,,0,17,0,,,,76.0,,,,,,,,,,,
00-0022929,Devery Henderson,WR,NO,2005,1,1,0.0,1.0,0.0,nan,nan,nan,0,,,,,,,,,,,1,9.0,0.0,0.8361,0.0,0.0,0,22,,,15.59,,,0.0,,,,,0,17,0,,,,75.2,,,,,,,,,,,
00-0022427,Wes Welker,WR,MIA,2005,1,1,0.0,1.0,0.0,nan,nan,nan,0,,,,,,,,,,,1,5.0,0.0,0.1189,0.0,0.0,0,29,,,14.97,,,0.0,,,,,0,17,0,,,,72.9,,,,,,,,,,,
00-0004673,Tim Dwight,WR,NE,2005,3,2,0.0,1.33,0.0,nan,nan,nan,0,,,,,,,,,,,4,2.75,0.0,0.1065,0.5,0.25,0,19,,,17.47,,,0.0,,,,,0,17,0,,,,71.3,,,,,,,,,,,
00-0020452,Cedrick Wilson,WR,PIT,2005,1,1,0.0,1.0,0.0,nan,nan,nan,0,,,,,,,,,,,1,0.0,0.0,-0.6779,0.0,0.0,0,26,,,17.35,,,0.0,,,,,0,17,0,,,,71.1,,,,,,,,,,,
00-0022725,Michael Clayton,WR,TB,2005,1,1,0.0,1.0,0.0,nan,nan,nan,0,,,,,,,,,,,1,2.0,0.0,-0.4768,0.0,0.0,0,32,,,11.62,,,0.0,,,,,0,17,0,,,,69.4,,,,,,,,,,,
00-0021999,Nate Burleson,WR,MIN,2005,2,2,0.0,1.0,0.0,nan,nan,nan,0,,,,,,,,,,,2,-3.0,0.0,-0.7673,0.0,0.0,0,30,,,10.93,,,0.0,,,,,0,17,0,,,,68.2,,,,,,,,,,,
00-0022766,Patrick Crayton,WR,DAL,2005,1,1,0.0,1.0,0.0,nan,nan,nan,0,,,,,,,,,,,1,0.0,0.0,-2.7205,0.0,0.0,0,22,,,15.5,,,0.0,,,,,0,17,0,,,,68.1,,,,,,,,,,,
00-0021176,Reche Caldwell,WR,LAC,2005,2,2,0.0,1.0,0.0,nan,nan,nan,0,,,,,,,,,,,2,5.0,0.0,0.3281,0.5,0.0,0,28,,,12.57,,,0.0,,,,,2,17,0,,,,66.2,,,,,,,,,,,
00-0023531,Brandon Jones,WR,TEN,2005,1,1,0.0,1.0,0.0,nan,nan,nan,0,,,,,,,,,,,1,1.0,0.0,-0.7741,0.0,0.0,0,23,,,13.0,,,0.0,,,,,0,0,12,,,,65.0,,,,,,,,,,,
00-0022726,Keary Colbert,WR,CAR,2005,1,1,0.0,1.0,0.0,nan,nan,nan,0,,,,,,,,,,,1,6.0,0.0,0.1059,0.0,0.0,0,25,,,11.28,,,0.0,,,,,1,17,0,,,,63.8,,,,,,,,,,,
00-0023503,Courtney Roby,WR,TEN,2005,1,1,0.0,2.0,0.0,nan,nan,nan,0,,,,,,,,,,,2,8.0,0.0,0.6121,0.5,0.5,0,21,,,13.76,,,0.0,,,,,0,17,0,,,,57.5,,,,,,,,,,,
00-0022811,Jerricho Cotchery,WR,NYJ,2005,1,1,0.0,1.0,0.0,nan,nan,nan,0,,,,,,,,,,,1,4.0,0.0,-0.2273,0.0,0.0,0,19,,,13.21,,,0.0,,,,,0,17,0,,,,44.5,,,,,,,,,,,
00-0021006,Charlie Adams,WR,DEN,2005,4,3,0.0,1.25,0.0,nan,nan,nan,0,,,,,,,,,,,5,2.8,0.0,-0.1477,0.2,0.2,0,21,,,9.67,,,0.0,,,,,0,17,0,,,,42.7,,,,,,,,,,,
00-0022807,Bernard Berrian,WR,CHI,2005,1,0,0.0,2.0,0.0,nan,nan,nan,0,,,,,,,,,,,2,15.5,0.0,0.8235,0.5,0.5,0,13,,,18.92,,,0.0,,,,,0,17,0,,,,40.7,,,,,,,,,,,
00-0017611,Alvis Whitted,WR,LV,2005,2,2,0.0,1.0,0.0,nan,nan,nan,0,,,,,,,,,,,2,25.5,0.0,1.5373,1.0,1.0,0,14,,,13.07,,,0.0,,,,,0,17,0,,,,37.4,,,,,,,,,,,
00-0020984,Randy Hymes,WR,BAL,2005,2,2,1.0,0.0,0.0,nan,nan,nan,2,0.0,0.0,0.0,0.0,0.0,-0.336,0.0,,0.0,0.0,0,,,,,,0,11,,,12.0,,,0.0,,,,,0,17,0,,,,36.2,,,,,,,,,,,
00-0023490,Roscoe Parrish,WR,BUF,2005,2,2,0.5,1.0,0.0,nan,nan,nan,1,1.0,3.0,0.0,0.0,0.0,-0.0674,0.0,,0.0,0.0,2,-1.0,0.0,-1.1475,0.0,0.0,0,15,,,9.87,,,0.0,,,,,0,17,0,,,,35.7,,,,,,,,,,,
00-0016440,James Thrash,WR,WAS,2005,1,1,0.0,1.0,0.0,nan,nan,nan,0,,,,,,,,,,,1,8.0,0.0,0.5672,0.0,0.0,0,14,,,13.86,,,0.0,,,,,0,17,0,,,,34.2,,,,,,,,,,,
00-0021174,Tim Carter,WR,NYG,2005,6,5,0.0,1.0,0.0,nan,nan,nan,0,,,,,,,,,,,6,7.67,0.0,0.2756,0.3333,0.3333,0,10,,,18.6,,,0.0,,,,,0,17,0,,,,33.2,,,,,,,,,,,
00-0022144,Bobby Wade,WR,CHI,2005,1,0,0.0,1.0,0.0,nan,nan,nan,0,,,,,,,,,,,1,1.0,0.0,-0.4484,0.0,0.0,0,14,,,8.57,,,0.0,,,,,1,11,0,,,,30.1,,,,,,,,,,,
00-0019455,Peter Warrick,WR,SEA,2005,1,1,0.0,1.0,0.0,nan,nan,nan,0,,,,,,,,,,,1,5.0,0.0,0.123,0.0,0.0,0,11,,,16.36,,,0.0,,,,,0,17,0,,,,29.5,,,,,,,,,,,
00-0023623,Tab Perry,WR,CIN,2005,3,1,0.0,1.0,0.0,nan,nan,nan,0,,,,,,,,,,,3,3.0,0.3333,0.3286,0.3333,0.0,0,4,,,5.25,,,0.0,,,,,0,17,0,,,,19.0,,,,,,,,,,,
00-0022664,Jonathan Smith,WR,BUF,2005,1,1,0.0,1.0,0.0,nan,nan,nan,0,,,,,,,,,,,1,1.0,0.0,-1.605,0.0,0.0,0,5,,,11.2,,,0.0,,,,,0,17,0,,,,16.7,,,,,,,,,,,
00-0013232,Peerless Price,WR,DAL,2005,1,1,0.0,1.0,0.0,nan,nan,nan,0,,,,,,,,,,,1,9.0,0.0,0.7572,0.0,0.0,0,6,,,16.0,,,0.0,,,,,0,0,0,,,,16.5,,,,,,,,,,,
00-0021425,Antonio Brown,WR,WAS,2005,2,1,0.0,1.0,0.0,nan,nan,nan,0,,,,,,,,,,,2,3.5,0.0,-0.2301,0.0,0.0,0,0,,,,,,,,,,,0,7,0,,,,6.7,,,,,,,,,,,
00-0021923,Willie Ponder,WR,NYG,2005,1,1,0.0,1.0,0.0,nan,nan,nan,0,,,,,,,,,,,1,4.0,0.0,-0.0666,0.0,0.0,0,0,,,,,,,,,,,0,17,0,,,,6.4,,,,,,,,,,,
00-0021570,Kassim Osgood,WR,LAC,2005,1,1,0.0,1.0,0.0,nan,nan,nan,0,,,,,,,,,,,1,4.0,0.0,-0.088,0.0,0.0,0,2,,,10.5,,,0.0,,,,,0,0,13,,,,4.5,,,,,,,,,,,
00-0023607,Rasheed Marshall,WR,SF,2005,1,1,0.0,1.0,0.0,nan,nan,nan,0,,,,,,,,,,,1,-7.0,0.0,-1.2961,0.0,0.0,0,1,,,-1.0,,,0.0,,,,,0,17,0,,,,0.2,,,,,,,,,,,
00-0020692,Eddie Drummond,WR,DET,2005,1,1,0.0,1.0,0.0,nan,nan,nan,0,,,,,,,,,,,1,-3.0,0.0,-1.0837,0.0,0.0,0,0,,,,,,,,,,,0,17,0,,,,-0.3,,,,,,,,,,,
